split,chip_id,role,source_layer,source_object,source_url,local_path,source_size_bytes,sha256
train,1029501,image,S1Weak,v1.1/data/flood_events/WeaklyLabeled/S1Weak/India_1029501_S1Weak.tif,https://storage.googleapis.com/sen1floods11/v1.1/data/flood_events/WeaklyLabeled/S1Weak/India_1029501_S1Weak.tif,raw/train/images/1029501.tif,1682476,6c282ef642e8702addf06332457f3be783a3fa53be16d7c482370e3bdeaeeb6b
train,1029501,label,S1OtsuLabelWeak,v1.1/data/flood_events/WeaklyLabeled/S1OtsuLabelWeak/India_1029501_S1OtsuLabelWeak.tif,https://storage.googleapis.com/sen1floods11/v1.1/data/flood_events/WeaklyLabeled/S1OtsuLabelWeak/India_1029501_S1OtsuLabelWeak.tif,raw/train/labels/1029501.tif,1386,6fe5ef6ff48cd6618c1208699eda6afd406ddbf9a39dcf25d56aa81e74764b9a
train,1064251,image,S1Weak,v1.1/data/flood_events/WeaklyLabeled/S1Weak/India_1064251_S1Weak.tif,https://storage.googleapis.com/sen1floods11/v1.1/data/flood_events/WeaklyLabeled/S1Weak/India_1064251_S1Weak.tif,raw/train/images/1064251.tif,1661867,f485a316dfe6581e0513e6db8663b8cc684ec63ab4fc621a0f531b5100c8e546
train,1064251,label,S1OtsuLabelWeak,v1.1/data/flood_events/WeaklyLabeled/S1OtsuLabelWeak/India_1064251_S1OtsuLabelWeak.tif,https://storage.googleapis.com/sen1floods11/v1.1/data/flood_events/WeaklyLabeled/S1OtsuLabelWeak/India_1064251_S1OtsuLabelWeak.tif,raw/train/labels/1064251.tif,2425,2beea8be8ab67527b8a551beffaf30a53e4d83450974e865c8b522f8fee2cefe
train,1068450,image,S1Weak,v1.1/data/flood_events/WeaklyLabeled/S1Weak/India_1068450_S1Weak.tif,https://storage.googleapis.com/sen1floods11/v1.1/data/flood_events/WeaklyLabeled/S1Weak/India_1068450_S1Weak.tif,raw/train/images/1068450.tif,1656538,db01232948567dfcca6a4afbc62649aad2b32b6d9cea2e3f1c4c53e993b4240f
train,1068450,label,S1OtsuLabelWeak,v1.1/data/flood_events/WeaklyLabeled/S1OtsuLabelWeak/India_1068450_S1OtsuLabelWeak.tif,https://storage.googleapis.com/sen1floods11/v1.1/data/flood_events/WeaklyLabeled/S1OtsuLabelWeak/India_1068450_S1OtsuLabelWeak.tif,raw/train/labels/1068450.tif,3324,87e62ff34fbeed5218ba7555dd95d14702499c6fe5a3b2718880f70113b95f32
train,1080875,image,S1Weak,v1.1/data/flood_events/WeaklyLabeled/S1Weak/India_1080875_S1Weak.tif,https://storage.googleapis.com/sen1floods11/v1.1/data/flood_events/WeaklyLabeled/S1Weak/India_1080875_S1Weak.tif,raw/train/images/1080875.tif,1658296,4666906f7ec8a089f392e765cef16cc84255b0c62bc1d908c672a33fe951404b
train,1080875,label,S1OtsuLabelWeak,v1.1/data/flood_events/WeaklyLabeled/S1OtsuLabelWeak/India_1080875_S1OtsuLabelWeak.tif,https://storage.googleapis.com/sen1floods11/v1.1/data/flood_events/WeaklyLabeled/S1OtsuLabelWeak/India_1080875_S1OtsuLabelWeak.tif,raw/train/labels/1080875.tif,3239,7829945886d0c880416536c15c880f4b97efdfd365f17f2f948010248eeb1dab
train,1098917,image,S1Weak,v1.1/data/flood_events/WeaklyLabeled/S1Weak/India_1098917_S1Weak.tif,https://storage.googleapis.com/sen1floods11/v1.1/data/flood_events/WeaklyLabeled/S1Weak/India_1098917_S1Weak.tif,raw/train/images/1098917.tif,1669619,709cb6418e93d6eacd6476f733636c03889f4d44749a9ec969f165be6d135f27
train,1098917,label,S1OtsuLabelWeak,v1.1/data/flood_events/WeaklyLabeled/S1OtsuLabelWeak/India_1098917_S1OtsuLabelWeak.tif,https://storage.googleapis.com/sen1floods11/v1.1/data/flood_events/WeaklyLabeled/S1OtsuLabelWeak/India_1098917_S1OtsuLabelWeak.tif,raw/train/labels/1098917.tif,1997,6b54b66d9a255b6683672d8b629a85e2dc264d03cbdb9586c56e7cff3b442ecf
train,1127821,image,S1Weak,v1.1/data/flood_events/WeaklyLabeled/S1Weak/India_1127821_S1Weak.tif,https://storage.googleapis.com/sen1floods11/v1.1/data/flood_events/WeaklyLabeled/S1Weak/India_1127821_S1Weak.tif,raw/train/images/1127821.tif,1658603,736890f197c23252c0bc9a4e3d1b1228e3a08ac5a101e99f46861760f10d42d9
train,1127821,label,S1OtsuLabelWeak,v1.1/data/flood_events/WeaklyLabeled/S1OtsuLabelWeak/India_1127821_S1OtsuLabelWeak.tif,https://storage.googleapis.com/sen1floods11/v1.1/data/flood_events/WeaklyLabeled/S1OtsuLabelWeak/India_1127821_S1OtsuLabelWeak.tif,raw/train/labels/1127821.tif,1758,b7c5a9bb74507be7191042003aa2982618ccbe900f86771bc2f1c3ed528862c2
train,1231646,image,S1Weak,v1.1/data/flood_events/WeaklyLabeled/S1Weak/India_1231646_S1Weak.tif,https://storage.googleapis.com/sen1floods11/v1.1/data/flood_events/WeaklyLabeled/S1Weak/India_1231646_S1Weak.tif,raw/train/images/1231646.tif,1656947,ea05916ca0b709799285d167db0cd81cc46f3139038311d3bf1077cb723d7c02
train,1231646,label,S1OtsuLabelWeak,v1.1/data/flood_events/WeaklyLabeled/S1OtsuLabelWeak/India_1231646_S1OtsuLabelWeak.tif,https://storage.googleapis.com/sen1floods11/v1.1/data/flood_events/WeaklyLabeled/S1OtsuLabelWeak/India_1231646_S1OtsuLabelWeak.tif,raw/train/labels/1231646.tif,2917,16c4a17b132fee75f382998c517d9036892123482d24209fe9211be634e314b9
train,1276687,image,S1Weak,v1.1/data/flood_events/WeaklyLabeled/S1Weak/India_1276687_S1Weak.tif,https://storage.googleapis.com/sen1floods11/v1.1/data/flood_events/WeaklyLabeled/S1Weak/India_1276687_S1Weak.tif,raw/train/images/1276687.tif,1668648,2901bb8c9888401031b38af47fe7e7ca8cd0c02016be477c5559715c8980a74a
train,1276687,label,S1OtsuLabelWeak,v1.1/data/flood_events/WeaklyLabeled/S1OtsuLabelWeak/India_1276687_S1OtsuLabelWeak.tif,https://storage.googleapis.com/sen1floods11/v1.1/data/flood_events/WeaklyLabeled/S1OtsuLabelWeak/India_1276687_S1OtsuLabelWeak.tif,raw/train/labels/1276687.tif,2732,cf15138f766317b28dba0562778ecee4a0ede6e91ac3a8828b55a25da95a393c
train,1285249,image,S1Weak,v1.1/data/flood_events/WeaklyLabeled/S1Weak/India_1285249_S1Weak.tif,https://storage.googleapis.com/sen1floods11/v1.1/data/flood_events/WeaklyLabeled/S1Weak/India_1285249_S1Weak.tif,raw/train/images/1285249.tif,1684993,71654031c7ba0800b58c95430b0750f0acb67eaa26ce3afd4d49c1df58b6a9d0
train,1285249,label,S1OtsuLabelWeak,v1.1/data/flood_events/WeaklyLabeled/S1OtsuLabelWeak/India_1285249_S1OtsuLabelWeak.tif,https://storage.googleapis.com/sen1floods11/v1.1/data/flood_events/WeaklyLabeled/S1OtsuLabelWeak/India_1285249_S1OtsuLabelWeak.tif,raw/train/labels/1285249.tif,2042,2f84d69bb7aad9fb4b085303a89fccf97183341979b698b2508dc8eeb611e5c5
train,132918,image,S1Weak,v1.1/data/flood_events/WeaklyLabeled/S1Weak/India_132918_S1Weak.tif,https://storage.googleapis.com/sen1floods11/v1.1/data/flood_events/WeaklyLabeled/S1Weak/India_132918_S1Weak.tif,raw/train/images/132918.tif,1660411,d0a2990381a320969f302e397604f9b1efc89b48eba394c9da07d655f3661b4b
train,132918,label,S1OtsuLabelWeak,v1.1/data/flood_events/WeaklyLabeled/S1OtsuLabelWeak/India_132918_S1OtsuLabelWeak.tif,https://storage.googleapis.com/sen1floods11/v1.1/data/flood_events/WeaklyLabeled/S1OtsuLabelWeak/India_132918_S1OtsuLabelWeak.tif,raw/train/labels/132918.tif,2788,d7089393527d12a05516d5213a9fad42c1d9f4b974c4856db2c8a7ccfabb8b68
train,1335806,image,S1Weak,v1.1/data/flood_events/WeaklyLabeled/S1Weak/India_1335806_S1Weak.tif,https://storage.googleapis.com/sen1floods11/v1.1/data/flood_events/WeaklyLabeled/S1Weak/India_1335806_S1Weak.tif,raw/train/images/1335806.tif,1659276,fe2225df9cbc60411c5d8fadef12a9f672ed21a5f428049c7a34942c2ae4f5de
train,1335806,label,S1OtsuLabelWeak,v1.1/data/flood_events/WeaklyLabeled/S1OtsuLabelWeak/India_1335806_S1OtsuLabelWeak.tif,https://storage.googleapis.com/sen1floods11/v1.1/data/flood_events/WeaklyLabeled/S1OtsuLabelWeak/India_1335806_S1OtsuLabelWeak.tif,raw/train/labels/1335806.tif,4281,ce6664304c1cb2c5275c02dd3a9496360d8378142fb7157085deaa2f1aba7297
train,1340789,image,S1Weak,v1.1/data/flood_events/WeaklyLabeled/S1Weak/India_1340789_S1Weak.tif,https://storage.googleapis.com/sen1floods11/v1.1/data/flood_events/WeaklyLabeled/S1Weak/India_1340789_S1Weak.tif,raw/train/images/1340789.tif,1660188,bd908ea1158c386c4ef683b7731f66ac32314873484582da6defbce1ff454cb9
train,1340789,label,S1OtsuLabelWeak,v1.1/data/flood_events/WeaklyLabeled/S1OtsuLabelWeak/India_1340789_S1OtsuLabelWeak.tif,https://storage.googleapis.com/sen1floods11/v1.1/data/flood_events/WeaklyLabeled/S1OtsuLabelWeak/India_1340789_S1OtsuLabelWeak.tif,raw/train/labels/1340789.tif,4570,b2935d6bd6352a152d731ca0f2d6a877b773088986db53585e75a50861738ab3
train,1348160,image,S1Weak,v1.1/data/flood_events/WeaklyLabeled/S1Weak/India_1348160_S1Weak.tif,https://storage.googleapis.com/sen1floods11/v1.1/data/flood_events/WeaklyLabeled/S1Weak/India_1348160_S1Weak.tif,raw/train/images/1348160.tif,1657221,b42df0a9833464103d93bf40d7b9228ef187c33e0c18b7b3e8823859c52af3d2
train,1348160,label,S1OtsuLabelWeak,v1.1/data/flood_events/WeaklyLabeled/S1OtsuLabelWeak/India_1348160_S1OtsuLabelWeak.tif,https://storage.googleapis.com/sen1floods11/v1.1/data/flood_events/WeaklyLabeled/S1OtsuLabelWeak/India_1348160_S1OtsuLabelWeak.tif,raw/train/labels/1348160.tif,7095,d1f40b2356ef3a9c7fca6b4f10555fe8bcac648c2ad44fa8db96a67d6ac2095e
train,1364095,image,S1Weak,v1.1/data/flood_events/WeaklyLabeled/S1Weak/India_1364095_S1Weak.tif,https://storage.googleapis.com/sen1floods11/v1.1/data/flood_events/WeaklyLabeled/S1Weak/India_1364095_S1Weak.tif,raw/train/images/1364095.tif,1658914,e0704de44c1ac47dc59c0f4c58a50238c68624ef342b8c5d62d23d8470d1cc26
train,1364095,label,S1OtsuLabelWeak,v1.1/data/flood_events/WeaklyLabeled/S1OtsuLabelWeak/India_1364095_S1OtsuLabelWeak.tif,https://storage.googleapis.com/sen1floods11/v1.1/data/flood_events/WeaklyLabeled/S1OtsuLabelWeak/India_1364095_S1OtsuLabelWeak.tif,raw/train/labels/1364095.tif,2926,1ab6cd8d631d46c0aeaa822189bf6a84a7815154e91707214da11d6d51c044c3
train,137760,image,S1Weak,v1.1/data/flood_events/WeaklyLabeled/S1Weak/India_137760_S1Weak.tif,https://storage.googleapis.com/sen1floods11/v1.1/data/flood_events/WeaklyLabeled/S1Weak/India_137760_S1Weak.tif,raw/train/images/137760.tif,1666938,06320a56477689c1414eadd8864808dd2d47b68b231cbdcf543a34bc721662b6
train,137760,label,S1OtsuLabelWeak,v1.1/data/flood_events/WeaklyLabeled/S1OtsuLabelWeak/India_137760_S1OtsuLabelWeak.tif,https://storage.googleapis.com/sen1floods11/v1.1/data/flood_events/WeaklyLabeled/S1OtsuLabelWeak/India_137760_S1OtsuLabelWeak.tif,raw/train/labels/137760.tif,8968,7203ebd70782d416300613b2dd7ee6568a7bad3602d800dea62e8f5d01f3d791
train,1391250,image,S1Weak,v1.1/data/flood_events/WeaklyLabeled/S1Weak/India_1391250_S1Weak.tif,https://storage.googleapis.com/sen1floods11/v1.1/data/flood_events/WeaklyLabeled/S1Weak/India_1391250_S1Weak.tif,raw/train/images/1391250.tif,1653886,847ede335d240325e0517f2c28ab86ad6d435041e28925e1bcb4ff32e9590e31
train,1391250,label,S1OtsuLabelWeak,v1.1/data/flood_events/WeaklyLabeled/S1OtsuLabelWeak/India_1391250_S1OtsuLabelWeak.tif,https://storage.googleapis.com/sen1floods11/v1.1/data/flood_events/WeaklyLabeled/S1OtsuLabelWeak/India_1391250_S1OtsuLabelWeak.tif,raw/train/labels/1391250.tif,3733,11a6a51f75ec6cfe36b864dd1b7ccf7ba24bb269f3ef7f5a2e3c63fef1342011
train,1451957,image,S1Weak,v1.1/data/flood_events/WeaklyLabeled/S1Weak/India_1451957_S1Weak.tif,https://storage.googleapis.com/sen1floods11/v1.1/data/flood_events/WeaklyLabeled/S1Weak/India_1451957_S1Weak.tif,raw/train/images/1451957.tif,1677228,69a2bc1f153a1437eef258cad10c2aec9206fe3dcd930cf37d6d7ca94189a1ed
train,1451957,label,S1OtsuLabelWeak,v1.1/data/flood_events/WeaklyLabeled/S1OtsuLabelWeak/India_1451957_S1OtsuLabelWeak.tif,https://storage.googleapis.com/sen1floods11/v1.1/data/flood_events/WeaklyLabeled/S1OtsuLabelWeak/India_1451957_S1OtsuLabelWeak.tif,raw/train/labels/1451957.tif,1099,a3acaaa62abbfd1782423a9bb6cfad70efed5fd14fa5ebd3ca40703347aaa57a
train,1490772,image,S1Weak,v1.1/data/flood_events/WeaklyLabeled/S1Weak/India_1490772_S1Weak.tif,https://storage.googleapis.com/sen1floods11/v1.1/data/flood_events/WeaklyLabeled/S1Weak/India_1490772_S1Weak.tif,raw/train/images/1490772.tif,1662415,422a05db0493e78bf10f0f24749290171b2d5e08c8cb3750096b78315fc4b35a
train,1490772,label,S1OtsuLabelWeak,v1.1/data/flood_events/WeaklyLabeled/S1OtsuLabelWeak/India_1490772_S1OtsuLabelWeak.tif,https://storage.googleapis.com/sen1floods11/v1.1/data/flood_events/WeaklyLabeled/S1OtsuLabelWeak/India_1490772_S1OtsuLabelWeak.tif,raw/train/labels/1490772.tif,1781,7f519bf96adabcf9df3c74a0da3c091c75ad9e952064b242d31b2fc6de4439e1
train,1497685,image,S1Weak,v1.1/data/flood_events/WeaklyLabeled/S1Weak/India_1497685_S1Weak.tif,https://storage.googleapis.com/sen1floods11/v1.1/data/flood_events/WeaklyLabeled/S1Weak/India_1497685_S1Weak.tif,raw/train/images/1497685.tif,1660631,0869816f365c279dbd34d8ac8b478cea002d89524af785e30c99d27de0beb7bc
train,1497685,label,S1OtsuLabelWeak,v1.1/data/flood_events/WeaklyLabeled/S1OtsuLabelWeak/India_1497685_S1OtsuLabelWeak.tif,https://storage.googleapis.com/sen1floods11/v1.1/data/flood_events/WeaklyLabeled/S1OtsuLabelWeak/India_1497685_S1OtsuLabelWeak.tif,raw/train/labels/1497685.tif,3881,8ffe73de10f3658f8ff91030375bdc000c96a93697648528c110df43311fa1c3
train,1520545,image,S1Weak,v1.1/data/flood_events/WeaklyLabeled/S1Weak/India_1520545_S1Weak.tif,https://storage.googleapis.com/sen1floods11/v1.1/data/flood_events/WeaklyLabeled/S1Weak/India_1520545_S1Weak.tif,raw/train/images/1520545.tif,1684208,42b8fdce72960792d33237213700f239f847c4a769b495453f0c527921a08e19
train,1520545,label,S1OtsuLabelWeak,v1.1/data/flood_events/WeaklyLabeled/S1OtsuLabelWeak/India_1520545_S1OtsuLabelWeak.tif,https://storage.googleapis.com/sen1floods11/v1.1/data/flood_events/WeaklyLabeled/S1OtsuLabelWeak/India_1520545_S1OtsuLabelWeak.tif,raw/train/labels/1520545.tif,1981,f187db4897069391f85f5481d34b1a78ce5758db032ec01d1df45c18d9847cc1
train,1546633,image,S1Weak,v1.1/data/flood_events/WeaklyLabeled/S1Weak/India_1546633_S1Weak.tif,https://storage.googleapis.com/sen1floods11/v1.1/data/flood_events/WeaklyLabeled/S1Weak/India_1546633_S1Weak.tif,raw/train/images/1546633.tif,1654222,02df30d09accae99a92097c5ccd9bd93312153b508321871a634c5672856518c
train,1546633,label,S1OtsuLabelWeak,v1.1/data/flood_events/WeaklyLabeled/S1OtsuLabelWeak/India_1546633_S1OtsuLabelWeak.tif,https://storage.googleapis.com/sen1floods11/v1.1/data/flood_events/WeaklyLabeled/S1OtsuLabelWeak/India_1546633_S1OtsuLabelWeak.tif,raw/train/labels/1546633.tif,3684,9f896fce35d4b2201cf195c2556dcc7d4bd28d743fd53d1cd3ced13d980bb33d
train,155149,image,S1Weak,v1.1/data/flood_events/WeaklyLabeled/S1Weak/India_155149_S1Weak.tif,https://storage.googleapis.com/sen1floods11/v1.1/data/flood_events/WeaklyLabeled/S1Weak/India_155149_S1Weak.tif,raw/train/images/155149.tif,1669205,528ad14de28c1495c5f60543d830dccbded50b3767d6e997b7b4ae931e3265f8
train,155149,label,S1OtsuLabelWeak,v1.1/data/flood_events/WeaklyLabeled/S1OtsuLabelWeak/India_155149_S1OtsuLabelWeak.tif,https://storage.googleapis.com/sen1floods11/v1.1/data/flood_events/WeaklyLabeled/S1OtsuLabelWeak/India_155149_S1OtsuLabelWeak.tif,raw/train/labels/155149.tif,10782,18044d65377922a671c4bef5ae10fb9fcf22be6c1656b31d7c6a5ea11d32190b
train,1572842,image,S1Weak,v1.1/data/flood_events/WeaklyLabeled/S1Weak/India_1572842_S1Weak.tif,https://storage.googleapis.com/sen1floods11/v1.1/data/flood_events/WeaklyLabeled/S1Weak/India_1572842_S1Weak.tif,raw/train/images/1572842.tif,1657666,0be32eccc7d7d7d6664cac9c91f5bdd26942fe5d696960daf913ac7c4f83c054
train,1572842,label,S1OtsuLabelWeak,v1.1/data/flood_events/WeaklyLabeled/S1OtsuLabelWeak/India_1572842_S1OtsuLabelWeak.tif,https://storage.googleapis.com/sen1floods11/v1.1/data/flood_events/WeaklyLabeled/S1OtsuLabelWeak/India_1572842_S1OtsuLabelWeak.tif,raw/train/labels/1572842.tif,6121,5222308505158a23f1bcbb069e73a56b12310b70951b88f470fdcdd9d42608d2
train,1601050,image,S1Weak,v1.1/data/flood_events/WeaklyLabeled/S1Weak/India_1601050_S1Weak.tif,https://storage.googleapis.com/sen1floods11/v1.1/data/flood_events/WeaklyLabeled/S1Weak/India_1601050_S1Weak.tif,raw/train/images/1601050.tif,1666396,0cb27578fd4cdf6fb724046d6799326848e5feff82b260cb5f9cef7bebad03e5
train,1601050,label,S1OtsuLabelWeak,v1.1/data/flood_events/WeaklyLabeled/S1OtsuLabelWeak/India_1601050_S1OtsuLabelWeak.tif,https://storage.googleapis.com/sen1floods11/v1.1/data/flood_events/WeaklyLabeled/S1OtsuLabelWeak/India_1601050_S1OtsuLabelWeak.tif,raw/train/labels/1601050.tif,3881,0846211b9a917c56aa9a2a3b80878f3c6a2cd8297573ee22fb1c5e3600cad140
train,1602986,image,S1Weak,v1.1/data/flood_events/WeaklyLabeled/S1Weak/India_1602986_S1Weak.tif,https://storage.googleapis.com/sen1floods11/v1.1/data/flood_events/WeaklyLabeled/S1Weak/India_1602986_S1Weak.tif,raw/train/images/1602986.tif,1677908,24f9d156a6a61a1bd9634a4eb62120a7180ac6cf70bcb738803dd220d3be81ad
train,1602986,label,S1OtsuLabelWeak,v1.1/data/flood_events/WeaklyLabeled/S1OtsuLabelWeak/India_1602986_S1OtsuLabelWeak.tif,https://storage.googleapis.com/sen1floods11/v1.1/data/flood_events/WeaklyLabeled/S1OtsuLabelWeak/India_1602986_S1OtsuLabelWeak.tif,raw/train/labels/1602986.tif,1565,e56ab23949aa8a73eabf05718c4373195d9eb46c55bc974cf5be157e7ae70bc7
train,1611403,image,S1Weak,v1.1/data/flood_events/WeaklyLabeled/S1Weak/India_1611403_S1Weak.tif,https://storage.googleapis.com/sen1floods11/v1.1/data/flood_events/WeaklyLabeled/S1Weak/India_1611403_S1Weak.tif,raw/train/images/1611403.tif,1674962,6b7df031b60a24a9ac60644ceea4a9683e5edfd8f06733a4b578032a28961f91
train,1611403,label,S1OtsuLabelWeak,v1.1/data/flood_events/WeaklyLabeled/S1OtsuLabelWeak/India_1611403_S1OtsuLabelWeak.tif,https://storage.googleapis.com/sen1floods11/v1.1/data/flood_events/WeaklyLabeled/S1OtsuLabelWeak/India_1611403_S1OtsuLabelWeak.tif,raw/train/labels/1611403.tif,1099,41769054b7c797becb2ac5b4b93eefedc04168f0e7ec61d3ebd505b81d93a4de
train,1658730,image,S1Weak,v1.1/data/flood_events/WeaklyLabeled/S1Weak/India_1658730_S1Weak.tif,https://storage.googleapis.com/sen1floods11/v1.1/data/flood_events/WeaklyLabeled/S1Weak/India_1658730_S1Weak.tif,raw/train/images/1658730.tif,1667887,0dc303f8f683ce32082375738efb82c22adbef95aad4d426e7b6e1a05188fabe
train,1658730,label,S1OtsuLabelWeak,v1.1/data/flood_events/WeaklyLabeled/S1OtsuLabelWeak/India_1658730_S1OtsuLabelWeak.tif,https://storage.googleapis.com/sen1floods11/v1.1/data/flood_events/WeaklyLabeled/S1OtsuLabelWeak/India_1658730_S1OtsuLabelWeak.tif,raw/train/labels/1658730.tif,1993,31348639d07f92b90e399802702fb161a70c21bc7f977bd5d15c132fa46606ff
train,1660546,image,S1Weak,v1.1/data/flood_events/WeaklyLabeled/S1Weak/India_1660546_S1Weak.tif,https://storage.googleapis.com/sen1floods11/v1.1/data/flood_events/WeaklyLabeled/S1Weak/India_1660546_S1Weak.tif,raw/train/images/1660546.tif,1663215,e515018c45c07aa768a705f12842464afbeed4b5636f1c1e0d9a1e97562d9d7d
train,1660546,label,S1OtsuLabelWeak,v1.1/data/flood_events/WeaklyLabeled/S1OtsuLabelWeak/India_1660546_S1OtsuLabelWeak.tif,https://storage.googleapis.com/sen1floods11/v1.1/data/flood_events/WeaklyLabeled/S1OtsuLabelWeak/India_1660546_S1OtsuLabelWeak.tif,raw/train/labels/1660546.tif,2444,e038908b251b522f6ff15c4aa0ddccd1ea92fef1b3e1d57a1b72f2ed08f8c3ee
train,1676818,image,S1Weak,v1.1/data/flood_events/WeaklyLabeled/S1Weak/India_1676818_S1Weak.tif,https://storage.googleapis.com/sen1floods11/v1.1/data/flood_events/WeaklyLabeled/S1Weak/India_1676818_S1Weak.tif,raw/train/images/1676818.tif,1665794,3d31a1a206c3796c72fe57a681cfa68ea0c65b60539ad4f7e52e33567195c780
train,1676818,label,S1OtsuLabelWeak,v1.1/data/flood_events/WeaklyLabeled/S1OtsuLabelWeak/India_1676818_S1OtsuLabelWeak.tif,https://storage.googleapis.com/sen1floods11/v1.1/data/flood_events/WeaklyLabeled/S1OtsuLabelWeak/India_1676818_S1OtsuLabelWeak.tif,raw/train/labels/1676818.tif,3135,8c56e2df5435dfffada0b49eeb570f1e155c11d9c557b34e0a92d3e028f5469f
train,1677419,image,S1Weak,v1.1/data/flood_events/WeaklyLabeled/S1Weak/India_1677419_S1Weak.tif,https://storage.googleapis.com/sen1floods11/v1.1/data/flood_events/WeaklyLabeled/S1Weak/India_1677419_S1Weak.tif,raw/train/images/1677419.tif,1667990,0a0f7f933a14113bad03d1bd82b82d2eb27e87a12e26bd289ab018c4fbd7383a
train,1677419,label,S1OtsuLabelWeak,v1.1/data/flood_events/WeaklyLabeled/S1OtsuLabelWeak/India_1677419_S1OtsuLabelWeak.tif,https://storage.googleapis.com/sen1floods11/v1.1/data/flood_events/WeaklyLabeled/S1OtsuLabelWeak/India_1677419_S1OtsuLabelWeak.tif,raw/train/labels/1677419.tif,10894,cd27fcbe0bb2de07d20d1e269741b0be0a901cbc46c05113d83774d4b02020e6
train,1692173,image,S1Weak,v1.1/data/flood_events/WeaklyLabeled/S1Weak/India_1692173_S1Weak.tif,https://storage.googleapis.com/sen1floods11/v1.1/data/flood_events/WeaklyLabeled/S1Weak/India_1692173_S1Weak.tif,raw/train/images/1692173.tif,433926,eae15e1fe58814db011e53b9f996bbe78429ee56bcec8f27bd1cc24162b54192
train,1692173,label,S1OtsuLabelWeak,v1.1/data/flood_events/WeaklyLabeled/S1OtsuLabelWeak/India_1692173_S1OtsuLabelWeak.tif,https://storage.googleapis.com/sen1floods11/v1.1/data/flood_events/WeaklyLabeled/S1OtsuLabelWeak/India_1692173_S1OtsuLabelWeak.tif,raw/train/labels/1692173.tif,2243,bb9868cc951c1024cdf4bfee9a8703574d852b9409e51de98eb3e70e5a5fcde8
train,1713167,image,S1Weak,v1.1/data/flood_events/WeaklyLabeled/S1Weak/India_1713167_S1Weak.tif,https://storage.googleapis.com/sen1floods11/v1.1/data/flood_events/WeaklyLabeled/S1Weak/India_1713167_S1Weak.tif,raw/train/images/1713167.tif,1664240,1a7861b4c9db408c2e12f21b21a2e5171858dd8e5bcf3c12a07527f36bfcdf7f
train,1713167,label,S1OtsuLabelWeak,v1.1/data/flood_events/WeaklyLabeled/S1OtsuLabelWeak/India_1713167_S1OtsuLabelWeak.tif,https://storage.googleapis.com/sen1floods11/v1.1/data/flood_events/WeaklyLabeled/S1OtsuLabelWeak/India_1713167_S1OtsuLabelWeak.tif,raw/train/labels/1713167.tif,2308,7360ecfcc40f43f2d0eb32cf86bcfb710c9fbb400d83ddb1d10bf6170441acac
train,1714083,image,S1Weak,v1.1/data/flood_events/WeaklyLabeled/S1Weak/India_1714083_S1Weak.tif,https://storage.googleapis.com/sen1floods11/v1.1/data/flood_events/WeaklyLabeled/S1Weak/India_1714083_S1Weak.tif,raw/train/images/1714083.tif,1655771,6baa33df8b2fe7bbe7593c9e4ab7ca064070a64db66dc57ac5e8dec465e7eede
train,1714083,label,S1OtsuLabelWeak,v1.1/data/flood_events/WeaklyLabeled/S1OtsuLabelWeak/India_1714083_S1OtsuLabelWeak.tif,https://storage.googleapis.com/sen1floods11/v1.1/data/flood_events/WeaklyLabeled/S1OtsuLabelWeak/India_1714083_S1OtsuLabelWeak.tif,raw/train/labels/1714083.tif,1803,cc6d86069f7a2c469384d4a1c37ecbcac631ae5f5012367581eac9c47ce8f928
train,1723408,image,S1Weak,v1.1/data/flood_events/WeaklyLabeled/S1Weak/India_1723408_S1Weak.tif,https://storage.googleapis.com/sen1floods11/v1.1/data/flood_events/WeaklyLabeled/S1Weak/India_1723408_S1Weak.tif,raw/train/images/1723408.tif,1663120,2f71a420b8d44dcf1e589cd06fe638ec703a5c3862e42b7c08d24f48f77e3ac6
train,1723408,label,S1OtsuLabelWeak,v1.1/data/flood_events/WeaklyLabeled/S1OtsuLabelWeak/India_1723408_S1OtsuLabelWeak.tif,https://storage.googleapis.com/sen1floods11/v1.1/data/flood_events/WeaklyLabeled/S1OtsuLabelWeak/India_1723408_S1OtsuLabelWeak.tif,raw/train/labels/1723408.tif,1629,1061656b8fceab444718efa10dc5ae7edd491ab890191b2f6e9722aef8f41485
train,1792524,image,S1Weak,v1.1/data/flood_events/WeaklyLabeled/S1Weak/India_1792524_S1Weak.tif,https://storage.googleapis.com/sen1floods11/v1.1/data/flood_events/WeaklyLabeled/S1Weak/India_1792524_S1Weak.tif,raw/train/images/1792524.tif,1703775,4f5ba68b1009ab2ceb6b285a7554551787e69950c2c764e2ef24b11db452e51d
train,1792524,label,S1OtsuLabelWeak,v1.1/data/flood_events/WeaklyLabeled/S1OtsuLabelWeak/India_1792524_S1OtsuLabelWeak.tif,https://storage.googleapis.com/sen1floods11/v1.1/data/flood_events/WeaklyLabeled/S1OtsuLabelWeak/India_1792524_S1OtsuLabelWeak.tif,raw/train/labels/1792524.tif,2305,29a08c7f9fe59967a334b02d12169756f8bad620403a0848512387918bb96b66
train,1793338,image,S1Weak,v1.1/data/flood_events/WeaklyLabeled/S1Weak/India_1793338_S1Weak.tif,https://storage.googleapis.com/sen1floods11/v1.1/data/flood_events/WeaklyLabeled/S1Weak/India_1793338_S1Weak.tif,raw/train/images/1793338.tif,1653150,7930475f740389451821d34a7a8a8a76a9cf003605b0e49fb5c28c40d660da9f
train,1793338,label,S1OtsuLabelWeak,v1.1/data/flood_events/WeaklyLabeled/S1OtsuLabelWeak/India_1793338_S1OtsuLabelWeak.tif,https://storage.googleapis.com/sen1floods11/v1.1/data/flood_events/WeaklyLabeled/S1OtsuLabelWeak/India_1793338_S1OtsuLabelWeak.tif,raw/train/labels/1793338.tif,2812,44817212354d8cbb315e005ae06b513318854ac188972923fefa4b2302fa27a8
train,1796024,image,S1Weak,v1.1/data/flood_events/WeaklyLabeled/S1Weak/India_1796024_S1Weak.tif,https://storage.googleapis.com/sen1floods11/v1.1/data/flood_events/WeaklyLabeled/S1Weak/India_1796024_S1Weak.tif,raw/train/images/1796024.tif,1665027,b1eb16c3264fc254930f5d9d1cdb697c2765928db6bfbaa48cb9157cbdcbe723
train,1796024,label,S1OtsuLabelWeak,v1.1/data/flood_events/WeaklyLabeled/S1OtsuLabelWeak/India_1796024_S1OtsuLabelWeak.tif,https://storage.googleapis.com/sen1floods11/v1.1/data/flood_events/WeaklyLabeled/S1OtsuLabelWeak/India_1796024_S1OtsuLabelWeak.tif,raw/train/labels/1796024.tif,4458,fa4269577905009c07867fdb6469c432c4bae3ce87bcb2eaf37ffa6c0cc0997e
train,179982,image,S1Weak,v1.1/data/flood_events/WeaklyLabeled/S1Weak/India_179982_S1Weak.tif,https://storage.googleapis.com/sen1floods11/v1.1/data/flood_events/WeaklyLabeled/S1Weak/India_179982_S1Weak.tif,raw/train/images/179982.tif,1667519,ac78a2e752ff30caeeccc223202e03b0cb8591f461c671619c99c292a147668f
train,179982,label,S1OtsuLabelWeak,v1.1/data/flood_events/WeaklyLabeled/S1OtsuLabelWeak/India_179982_S1OtsuLabelWeak.tif,https://storage.googleapis.com/sen1floods11/v1.1/data/flood_events/WeaklyLabeled/S1OtsuLabelWeak/India_179982_S1OtsuLabelWeak.tif,raw/train/labels/179982.tif,3304,63c1ec7d197eb714d29ebbf1ad5438a1a1b4606edb829cc3d3790a31b2c4fed7
train,184111,image,S1Weak,v1.1/data/flood_events/WeaklyLabeled/S1Weak/India_184111_S1Weak.tif,https://storage.googleapis.com/sen1floods11/v1.1/data/flood_events/WeaklyLabeled/S1Weak/India_184111_S1Weak.tif,raw/train/images/184111.tif,1672375,693a14c5d11e3b5f391ac371c5f85c860253eae6995bd16be0b9e22f9e6343da
train,184111,label,S1OtsuLabelWeak,v1.1/data/flood_events/WeaklyLabeled/S1OtsuLabelWeak/India_184111_S1OtsuLabelWeak.tif,https://storage.googleapis.com/sen1floods11/v1.1/data/flood_events/WeaklyLabeled/S1OtsuLabelWeak/India_184111_S1OtsuLabelWeak.tif,raw/train/labels/184111.tif,1186,f0b7133f885b4c9215735dad312347172af269c4d8466bce1189cfcf7709f377
train,1875550,image,S1Weak,v1.1/data/flood_events/WeaklyLabeled/S1Weak/India_1875550_S1Weak.tif,https://storage.googleapis.com/sen1floods11/v1.1/data/flood_events/WeaklyLabeled/S1Weak/India_1875550_S1Weak.tif,raw/train/images/1875550.tif,1656095,98d343932c19adecbcfac05d3c20728bd8cb41dabcba133db3f883871c41539c
train,1875550,label,S1OtsuLabelWeak,v1.1/data/flood_events/WeaklyLabeled/S1OtsuLabelWeak/India_1875550_S1OtsuLabelWeak.tif,https://storage.googleapis.com/sen1floods11/v1.1/data/flood_events/WeaklyLabeled/S1OtsuLabelWeak/India_1875550_S1OtsuLabelWeak.tif,raw/train/labels/1875550.tif,3496,5d459ab8e64570db23eab7825b2bf67397da3ef92bcf94aa9b739505ea7e59af
train,1915393,image,S1Weak,v1.1/data/flood_events/WeaklyLabeled/S1Weak/India_1915393_S1Weak.tif,https://storage.googleapis.com/sen1floods11/v1.1/data/flood_events/WeaklyLabeled/S1Weak/India_1915393_S1Weak.tif,raw/train/images/1915393.tif,1657945,9efb0432097a1bda076e765bda58e6d2c78bf08f89fc71ad923d4518bfbfad64
train,1915393,label,S1OtsuLabelWeak,v1.1/data/flood_events/WeaklyLabeled/S1OtsuLabelWeak/India_1915393_S1OtsuLabelWeak.tif,https://storage.googleapis.com/sen1floods11/v1.1/data/flood_events/WeaklyLabeled/S1OtsuLabelWeak/India_1915393_S1OtsuLabelWeak.tif,raw/train/labels/1915393.tif,4279,634e5fb9e34fe043a0b679738ea9c71cbaa7303719bacc98455da4772d47b11e
train,1942061,image,S1Weak,v1.1/data/flood_events/WeaklyLabeled/S1Weak/India_1942061_S1Weak.tif,https://storage.googleapis.com/sen1floods11/v1.1/data/flood_events/WeaklyLabeled/S1Weak/India_1942061_S1Weak.tif,raw/train/images/1942061.tif,1671169,acc0d86c2e59c579891824431419f62ae7c704cd3f54a056edb213b3e0cb128e
train,1942061,label,S1OtsuLabelWeak,v1.1/data/flood_events/WeaklyLabeled/S1OtsuLabelWeak/India_1942061_S1OtsuLabelWeak.tif,https://storage.googleapis.com/sen1floods11/v1.1/data/flood_events/WeaklyLabeled/S1OtsuLabelWeak/India_1942061_S1OtsuLabelWeak.tif,raw/train/labels/1942061.tif,1422,66a168d9dc0fc209d03d18c94add2b236a3a4299464e1ea277d88d3a4a4bb3a3
train,1961611,image,S1Weak,v1.1/data/flood_events/WeaklyLabeled/S1Weak/India_1961611_S1Weak.tif,https://storage.googleapis.com/sen1floods11/v1.1/data/flood_events/WeaklyLabeled/S1Weak/India_1961611_S1Weak.tif,raw/train/images/1961611.tif,1676890,2ccd7aa7c3dbefe39785ea7ed1324308cc06b2ec0e7f4fd6312a3bf673c164cb
train,1961611,label,S1OtsuLabelWeak,v1.1/data/flood_events/WeaklyLabeled/S1OtsuLabelWeak/India_1961611_S1OtsuLabelWeak.tif,https://storage.googleapis.com/sen1floods11/v1.1/data/flood_events/WeaklyLabeled/S1OtsuLabelWeak/India_1961611_S1OtsuLabelWeak.tif,raw/train/labels/1961611.tif,1145,8fd8ee0672527b6edbe08b0c294aaf5f8e1a1122a6fd7911676c8c2c7116a032
train,1983137,image,S1Weak,v1.1/data/flood_events/WeaklyLabeled/S1Weak/India_1983137_S1Weak.tif,https://storage.googleapis.com/sen1floods11/v1.1/data/flood_events/WeaklyLabeled/S1Weak/India_1983137_S1Weak.tif,raw/train/images/1983137.tif,1675247,14a2acc12f87c6bfed9f70baff2bd11d41f3edca5387f19f5b2b8dba6462ae80
train,1983137,label,S1OtsuLabelWeak,v1.1/data/flood_events/WeaklyLabeled/S1OtsuLabelWeak/India_1983137_S1OtsuLabelWeak.tif,https://storage.googleapis.com/sen1floods11/v1.1/data/flood_events/WeaklyLabeled/S1OtsuLabelWeak/India_1983137_S1OtsuLabelWeak.tif,raw/train/labels/1983137.tif,1284,5af05ba24646a90e533d4dcc466fb7ab4afb48ade1e2dc13516eda4b78d26242
train,2004225,image,S1Weak,v1.1/data/flood_events/WeaklyLabeled/S1Weak/India_2004225_S1Weak.tif,https://storage.googleapis.com/sen1floods11/v1.1/data/flood_events/WeaklyLabeled/S1Weak/India_2004225_S1Weak.tif,raw/train/images/2004225.tif,1670213,cbd2029dcaed649c5b1c3022ce9305c6fe62e586a5c4f1080134d6d407d717da
train,2004225,label,S1OtsuLabelWeak,v1.1/data/flood_events/WeaklyLabeled/S1OtsuLabelWeak/India_2004225_S1OtsuLabelWeak.tif,https://storage.googleapis.com/sen1floods11/v1.1/data/flood_events/WeaklyLabeled/S1OtsuLabelWeak/India_2004225_S1OtsuLabelWeak.tif,raw/train/labels/2004225.tif,1200,910bb58242ac063688b6533fc2100ff0b7b3662dfa1eeb1af89d14e3199fe045
train,2016496,image,S1Weak,v1.1/data/flood_events/WeaklyLabeled/S1Weak/India_2016496_S1Weak.tif,https://storage.googleapis.com/sen1floods11/v1.1/data/flood_events/WeaklyLabeled/S1Weak/India_2016496_S1Weak.tif,raw/train/images/2016496.tif,1657282,840aef36e474d5da4f941dff56fd8c6358cc9fb3070bb9b5c880bf6b45908cfe
train,2016496,label,S1OtsuLabelWeak,v1.1/data/flood_events/WeaklyLabeled/S1OtsuLabelWeak/India_2016496_S1OtsuLabelWeak.tif,https://storage.googleapis.com/sen1floods11/v1.1/data/flood_events/WeaklyLabeled/S1OtsuLabelWeak/India_2016496_S1OtsuLabelWeak.tif,raw/train/labels/2016496.tif,3107,7d5dd300f8e92c3bd0e00f92d9bc3dd24694f58843de914bb3780d621cafc4ea
train,2029205,image,S1Weak,v1.1/data/flood_events/WeaklyLabeled/S1Weak/India_2029205_S1Weak.tif,https://storage.googleapis.com/sen1floods11/v1.1/data/flood_events/WeaklyLabeled/S1Weak/India_2029205_S1Weak.tif,raw/train/images/2029205.tif,215310,cb4f5d158c185a096823286c6af805a4036957138955a4b3d43393ca7819365b
train,2029205,label,S1OtsuLabelWeak,v1.1/data/flood_events/WeaklyLabeled/S1OtsuLabelWeak/India_2029205_S1OtsuLabelWeak.tif,https://storage.googleapis.com/sen1floods11/v1.1/data/flood_events/WeaklyLabeled/S1OtsuLabelWeak/India_2029205_S1OtsuLabelWeak.tif,raw/train/labels/2029205.tif,2253,3b62e462b61b2ba445f9b94a65d6b70249854bdca7e885c1eb8a462144ac7db8
train,2051222,image,S1Weak,v1.1/data/flood_events/WeaklyLabeled/S1Weak/India_2051222_S1Weak.tif,https://storage.googleapis.com/sen1floods11/v1.1/data/flood_events/WeaklyLabeled/S1Weak/India_2051222_S1Weak.tif,raw/train/images/2051222.tif,1691069,c1d18260236d31b9b366a8701831b80cf8c854830932a364dc5c129cae575c9c
train,2051222,label,S1OtsuLabelWeak,v1.1/data/flood_events/WeaklyLabeled/S1OtsuLabelWeak/India_2051222_S1OtsuLabelWeak.tif,https://storage.googleapis.com/sen1floods11/v1.1/data/flood_events/WeaklyLabeled/S1OtsuLabelWeak/India_2051222_S1OtsuLabelWeak.tif,raw/train/labels/2051222.tif,1429,d65450d0745edff4316b6b1047c13fa28c1f0dd8b366cda4e9eaa4cf2e661ef0
train,2052432,image,S1Weak,v1.1/data/flood_events/WeaklyLabeled/S1Weak/India_2052432_S1Weak.tif,https://storage.googleapis.com/sen1floods11/v1.1/data/flood_events/WeaklyLabeled/S1Weak/India_2052432_S1Weak.tif,raw/train/images/2052432.tif,1661322,c34fa32372ebbdcabdc00f9248821d7e525b40f85bb5c52923e7cf1cba4156b5
train,2052432,label,S1OtsuLabelWeak,v1.1/data/flood_events/WeaklyLabeled/S1OtsuLabelWeak/India_2052432_S1OtsuLabelWeak.tif,https://storage.googleapis.com/sen1floods11/v1.1/data/flood_events/WeaklyLabeled/S1OtsuLabelWeak/India_2052432_S1OtsuLabelWeak.tif,raw/train/labels/2052432.tif,4820,8d72833dde9d03f8d760747642b121bbe5b1c2bf6e5f61affa52e53cca4198da
train,2069619,image,S1Weak,v1.1/data/flood_events/WeaklyLabeled/S1Weak/India_2069619_S1Weak.tif,https://storage.googleapis.com/sen1floods11/v1.1/data/flood_events/WeaklyLabeled/S1Weak/India_2069619_S1Weak.tif,raw/train/images/2069619.tif,1668384,b98226cdabbbe1070f7b2ad33ad6abd8064d78f16bb6390eb214d6782e07af61
train,2069619,label,S1OtsuLabelWeak,v1.1/data/flood_events/WeaklyLabeled/S1OtsuLabelWeak/India_2069619_S1OtsuLabelWeak.tif,https://storage.googleapis.com/sen1floods11/v1.1/data/flood_events/WeaklyLabeled/S1OtsuLabelWeak/India_2069619_S1OtsuLabelWeak.tif,raw/train/labels/2069619.tif,2768,881d992d5cf3c22a06a0028f6364183d9bac578ad7864f71212f643c9f601f71
train,2083759,image,S1Weak,v1.1/data/flood_events/WeaklyLabeled/S1Weak/India_2083759_S1Weak.tif,https://storage.googleapis.com/sen1floods11/v1.1/data/flood_events/WeaklyLabeled/S1Weak/India_2083759_S1Weak.tif,raw/train/images/2083759.tif,1659298,70a023f61a48474b08ac49ed64b8ae5f7b969ac2bedbd5a94debff9da6fbfc7a
train,2083759,label,S1OtsuLabelWeak,v1.1/data/flood_events/WeaklyLabeled/S1OtsuLabelWeak/India_2083759_S1OtsuLabelWeak.tif,https://storage.googleapis.com/sen1floods11/v1.1/data/flood_events/WeaklyLabeled/S1OtsuLabelWeak/India_2083759_S1OtsuLabelWeak.tif,raw/train/labels/2083759.tif,2388,302880d2c9068e5909106bddacf4ae733f47a4fb035c7860b398bc5f0c2a3098
train,2130364,image,S1Weak,v1.1/data/flood_events/WeaklyLabeled/S1Weak/India_2130364_S1Weak.tif,https://storage.googleapis.com/sen1floods11/v1.1/data/flood_events/WeaklyLabeled/S1Weak/India_2130364_S1Weak.tif,raw/train/images/2130364.tif,1660286,244a5d1038bf4930fcf9b2f7f96ddfaf21cf6fd80e1cc6136f24e9074fa106fe
train,2130364,label,S1OtsuLabelWeak,v1.1/data/flood_events/WeaklyLabeled/S1OtsuLabelWeak/India_2130364_S1OtsuLabelWeak.tif,https://storage.googleapis.com/sen1floods11/v1.1/data/flood_events/WeaklyLabeled/S1OtsuLabelWeak/India_2130364_S1OtsuLabelWeak.tif,raw/train/labels/2130364.tif,5259,150bd04ee8f3a8c708dfb4adfeb9c53660e83f7f9398f3c8d7045695d94d2a65
train,2142658,image,S1Weak,v1.1/data/flood_events/WeaklyLabeled/S1Weak/India_2142658_S1Weak.tif,https://storage.googleapis.com/sen1floods11/v1.1/data/flood_events/WeaklyLabeled/S1Weak/India_2142658_S1Weak.tif,raw/train/images/2142658.tif,1658026,872530322cb8cdf166a792a4726a0a4c4cabc4357919774047b7dd66c1f9a48f
train,2142658,label,S1OtsuLabelWeak,v1.1/data/flood_events/WeaklyLabeled/S1OtsuLabelWeak/India_2142658_S1OtsuLabelWeak.tif,https://storage.googleapis.com/sen1floods11/v1.1/data/flood_events/WeaklyLabeled/S1OtsuLabelWeak/India_2142658_S1OtsuLabelWeak.tif,raw/train/labels/2142658.tif,2020,e25c57401aaf00def3e45148f12d92a552f520a4a6be93a197b6602502c0dd02
train,2143705,image,S1Weak,v1.1/data/flood_events/WeaklyLabeled/S1Weak/India_2143705_S1Weak.tif,https://storage.googleapis.com/sen1floods11/v1.1/data/flood_events/WeaklyLabeled/S1Weak/India_2143705_S1Weak.tif,raw/train/images/2143705.tif,1654030,4cbfffbaaeb2e0593552cea0ffe5d34cee71d3da5195a7e6659bd5d48a349f76
train,2143705,label,S1OtsuLabelWeak,v1.1/data/flood_events/WeaklyLabeled/S1OtsuLabelWeak/India_2143705_S1OtsuLabelWeak.tif,https://storage.googleapis.com/sen1floods11/v1.1/data/flood_events/WeaklyLabeled/S1OtsuLabelWeak/India_2143705_S1OtsuLabelWeak.tif,raw/train/labels/2143705.tif,1131,3b323973d8c62509e8e9be687e179515c952b9783fe80de1afae0d27f2bd4789
train,2157095,image,S1Weak,v1.1/data/flood_events/WeaklyLabeled/S1Weak/India_2157095_S1Weak.tif,https://storage.googleapis.com/sen1floods11/v1.1/data/flood_events/WeaklyLabeled/S1Weak/India_2157095_S1Weak.tif,raw/train/images/2157095.tif,1677292,7418319923a416809932385855d119d768dba5b15e8954c82d6d53acea9c799b
train,2157095,label,S1OtsuLabelWeak,v1.1/data/flood_events/WeaklyLabeled/S1OtsuLabelWeak/India_2157095_S1OtsuLabelWeak.tif,https://storage.googleapis.com/sen1floods11/v1.1/data/flood_events/WeaklyLabeled/S1OtsuLabelWeak/India_2157095_S1OtsuLabelWeak.tif,raw/train/labels/2157095.tif,1265,b279fcb87e4f09d430df2dd8d5494413fa0c80093697596dc0e8d0b5195ebcb8
train,2162506,image,S1Weak,v1.1/data/flood_events/WeaklyLabeled/S1Weak/India_2162506_S1Weak.tif,https://storage.googleapis.com/sen1floods11/v1.1/data/flood_events/WeaklyLabeled/S1Weak/India_2162506_S1Weak.tif,raw/train/images/2162506.tif,1670271,d486f49c7bfa501ad14cf262c7eec05809d61b56d3ec985fcd5c21425f473e3b
train,2162506,label,S1OtsuLabelWeak,v1.1/data/flood_events/WeaklyLabeled/S1OtsuLabelWeak/India_2162506_S1OtsuLabelWeak.tif,https://storage.googleapis.com/sen1floods11/v1.1/data/flood_events/WeaklyLabeled/S1OtsuLabelWeak/India_2162506_S1OtsuLabelWeak.tif,raw/train/labels/2162506.tif,6805,de2854cffb2c7808f281cdc5f56dc60ce31d3ebc9627d78486e55ea0ad0e2ba1
train,2200346,image,S1Weak,v1.1/data/flood_events/WeaklyLabeled/S1Weak/India_2200346_S1Weak.tif,https://storage.googleapis.com/sen1floods11/v1.1/data/flood_events/WeaklyLabeled/S1Weak/India_2200346_S1Weak.tif,raw/train/images/2200346.tif,1668826,8361c5cd2fab1a7f3452192eb3f421fee5f78c732748ad30ca4bad769e1d99b5
train,2200346,label,S1OtsuLabelWeak,v1.1/data/flood_events/WeaklyLabeled/S1OtsuLabelWeak/India_2200346_S1OtsuLabelWeak.tif,https://storage.googleapis.com/sen1floods11/v1.1/data/flood_events/WeaklyLabeled/S1OtsuLabelWeak/India_2200346_S1OtsuLabelWeak.tif,raw/train/labels/2200346.tif,3010,de80e632c1254e9b0d31125ab9b3ec6b305ba12dc499919018ff0414a528c232
train,2215832,image,S1Weak,v1.1/data/flood_events/WeaklyLabeled/S1Weak/India_2215832_S1Weak.tif,https://storage.googleapis.com/sen1floods11/v1.1/data/flood_events/WeaklyLabeled/S1Weak/India_2215832_S1Weak.tif,raw/train/images/2215832.tif,1664430,c5ac3cb9e97bcb90f35d6ff3e334ae827d9ada8a7fb9a410fd5c34d90a8a41e3
train,2215832,label,S1OtsuLabelWeak,v1.1/data/flood_events/WeaklyLabeled/S1OtsuLabelWeak/India_2215832_S1OtsuLabelWeak.tif,https://storage.googleapis.com/sen1floods11/v1.1/data/flood_events/WeaklyLabeled/S1OtsuLabelWeak/India_2215832_S1OtsuLabelWeak.tif,raw/train/labels/2215832.tif,3992,159dfb996e20331446f41d37071f156aeb688fa17821fb945ff4da9ca73729eb
train,2224006,image,S1Weak,v1.1/data/flood_events/WeaklyLabeled/S1Weak/India_2224006_S1Weak.tif,https://storage.googleapis.com/sen1floods11/v1.1/data/flood_events/WeaklyLabeled/S1Weak/India_2224006_S1Weak.tif,raw/train/images/2224006.tif,781899,67585220ec5af261fde340175891ba31db935683d18fb64ac34ce808fea28692
train,2224006,label,S1OtsuLabelWeak,v1.1/data/flood_events/WeaklyLabeled/S1OtsuLabelWeak/India_2224006_S1OtsuLabelWeak.tif,https://storage.googleapis.com/sen1floods11/v1.1/data/flood_events/WeaklyLabeled/S1OtsuLabelWeak/India_2224006_S1OtsuLabelWeak.tif,raw/train/labels/2224006.tif,2865,d75af861a03242885b0df8686740803028e1b151bf31ab43870b258017fb85b7
train,2271423,image,S1Weak,v1.1/data/flood_events/WeaklyLabeled/S1Weak/India_2271423_S1Weak.tif,https://storage.googleapis.com/sen1floods11/v1.1/data/flood_events/WeaklyLabeled/S1Weak/India_2271423_S1Weak.tif,raw/train/images/2271423.tif,1668789,847da0409fcbdad4cca6f323c36e68e169399c3ed568e1cc98f2a7f6eea5fefa
train,2271423,label,S1OtsuLabelWeak,v1.1/data/flood_events/WeaklyLabeled/S1OtsuLabelWeak/India_2271423_S1OtsuLabelWeak.tif,https://storage.googleapis.com/sen1floods11/v1.1/data/flood_events/WeaklyLabeled/S1OtsuLabelWeak/India_2271423_S1OtsuLabelWeak.tif,raw/train/labels/2271423.tif,2128,ede2b500c8f3400a6b3fd13fc697ab298b86dfa5920425966661b7d468fd3e45
train,2275866,image,S1Weak,v1.1/data/flood_events/WeaklyLabeled/S1Weak/India_2275866_S1Weak.tif,https://storage.googleapis.com/sen1floods11/v1.1/data/flood_events/WeaklyLabeled/S1Weak/India_2275866_S1Weak.tif,raw/train/images/2275866.tif,1661429,8159563bcb28fab2e9e04b51bbd43a6324a0cbfde22d1e27f2cad1e382bec933
train,2275866,label,S1OtsuLabelWeak,v1.1/data/flood_events/WeaklyLabeled/S1OtsuLabelWeak/India_2275866_S1OtsuLabelWeak.tif,https://storage.googleapis.com/sen1floods11/v1.1/data/flood_events/WeaklyLabeled/S1OtsuLabelWeak/India_2275866_S1OtsuLabelWeak.tif,raw/train/labels/2275866.tif,2624,2f392986c2eb86916cb8ca97d9a38360be504cf47275c547bf56ec8196f41d6f
train,2300997,image,S1Weak,v1.1/data/flood_events/WeaklyLabeled/S1Weak/India_2300997_S1Weak.tif,https://storage.googleapis.com/sen1floods11/v1.1/data/flood_events/WeaklyLabeled/S1Weak/India_2300997_S1Weak.tif,raw/train/images/2300997.tif,1663157,158a5b2f673808e56f97892fbbca85d427893380ca4435e1d7fedd65cc0bf793
train,2300997,label,S1OtsuLabelWeak,v1.1/data/flood_events/WeaklyLabeled/S1OtsuLabelWeak/India_2300997_S1OtsuLabelWeak.tif,https://storage.googleapis.com/sen1floods11/v1.1/data/flood_events/WeaklyLabeled/S1OtsuLabelWeak/India_2300997_S1OtsuLabelWeak.tif,raw/train/labels/2300997.tif,5464,98c476c20c143808c81989bd6c5898b8ed54ed3633db95c8c246805d0b699411
train,2328664,image,S1Weak,v1.1/data/flood_events/WeaklyLabeled/S1Weak/India_2328664_S1Weak.tif,https://storage.googleapis.com/sen1floods11/v1.1/data/flood_events/WeaklyLabeled/S1Weak/India_2328664_S1Weak.tif,raw/train/images/2328664.tif,90135,65e535d7d9bc8afb11a30c65bd410b75430733e22c998f1ed0ab3e1232c316c6
train,2328664,label,S1OtsuLabelWeak,v1.1/data/flood_events/WeaklyLabeled/S1OtsuLabelWeak/India_2328664_S1OtsuLabelWeak.tif,https://storage.googleapis.com/sen1floods11/v1.1/data/flood_events/WeaklyLabeled/S1OtsuLabelWeak/India_2328664_S1OtsuLabelWeak.tif,raw/train/labels/2328664.tif,2008,399f4915f2e42d9f93823325914b3eda7c7da4ef54d2a5c9c650ea0b694eb55a
train,2333312,image,S1Weak,v1.1/data/flood_events/WeaklyLabeled/S1Weak/India_2333312_S1Weak.tif,https://storage.googleapis.com/sen1floods11/v1.1/data/flood_events/WeaklyLabeled/S1Weak/India_2333312_S1Weak.tif,raw/train/images/2333312.tif,1675969,8f02e71391f6f96ee3815db19c36187a53fb2e0a3616461526bf9c51edbb496f
train,2333312,label,S1OtsuLabelWeak,v1.1/data/flood_events/WeaklyLabeled/S1OtsuLabelWeak/India_2333312_S1OtsuLabelWeak.tif,https://storage.googleapis.com/sen1floods11/v1.1/data/flood_events/WeaklyLabeled/S1OtsuLabelWeak/India_2333312_S1OtsuLabelWeak.tif,raw/train/labels/2333312.tif,1141,f6e6f41955f7b81516266d2e3762cded602edacfe070fb00338a7c861a37f86b
train,2366540,image,S1Weak,v1.1/data/flood_events/WeaklyLabeled/S1Weak/India_2366540_S1Weak.tif,https://storage.googleapis.com/sen1floods11/v1.1/data/flood_events/WeaklyLabeled/S1Weak/India_2366540_S1Weak.tif,raw/train/images/2366540.tif,1675231,e7cac997b64c29246ba4237c5ea6236a6cd1f6f3a765cc306d392d558b0e2230
train,2366540,label,S1OtsuLabelWeak,v1.1/data/flood_events/WeaklyLabeled/S1OtsuLabelWeak/India_2366540_S1OtsuLabelWeak.tif,https://storage.googleapis.com/sen1floods11/v1.1/data/flood_events/WeaklyLabeled/S1OtsuLabelWeak/India_2366540_S1OtsuLabelWeak.tif,raw/train/labels/2366540.tif,1198,05e1d111ed6197bcc3307fdc84ba2c46458d381859fc189d518859aec0071ae5
train,2366985,image,S1Weak,v1.1/data/flood_events/WeaklyLabeled/S1Weak/India_2366985_S1Weak.tif,https://storage.googleapis.com/sen1floods11/v1.1/data/flood_events/WeaklyLabeled/S1Weak/India_2366985_S1Weak.tif,raw/train/images/2366985.tif,1706868,9db5af32f56bcf5de9b50fadb945348fb7beccfb8f81c6c3e323c7d0b6dd7e26
train,2366985,label,S1OtsuLabelWeak,v1.1/data/flood_events/WeaklyLabeled/S1OtsuLabelWeak/India_2366985_S1OtsuLabelWeak.tif,https://storage.googleapis.com/sen1floods11/v1.1/data/flood_events/WeaklyLabeled/S1OtsuLabelWeak/India_2366985_S1OtsuLabelWeak.tif,raw/train/labels/2366985.tif,4571,c5f05db2a1956c55aa4c8fd70bb4966e31cd0d0704a544c11d6b4ee4b99a9219
train,2420675,image,S1Weak,v1.1/data/flood_events/WeaklyLabeled/S1Weak/India_2420675_S1Weak.tif,https://storage.googleapis.com/sen1floods11/v1.1/data/flood_events/WeaklyLabeled/S1Weak/India_2420675_S1Weak.tif,raw/train/images/2420675.tif,1676509,4e008e9f8c84ccae56fa2160b53502b4c684ca1ffd77f6a04b52b2c3d1d91bd4
train,2420675,label,S1OtsuLabelWeak,v1.1/data/flood_events/WeaklyLabeled/S1OtsuLabelWeak/India_2420675_S1OtsuLabelWeak.tif,https://storage.googleapis.com/sen1floods11/v1.1/data/flood_events/WeaklyLabeled/S1OtsuLabelWeak/India_2420675_S1OtsuLabelWeak.tif,raw/train/labels/2420675.tif,1634,df9346ea0315e34317147271ec06a81aff880dddfdd0d3a409a3c5f5ad776888
train,2434000,image,S1Weak,v1.1/data/flood_events/WeaklyLabeled/S1Weak/India_2434000_S1Weak.tif,https://storage.googleapis.com/sen1floods11/v1.1/data/flood_events/WeaklyLabeled/S1Weak/India_2434000_S1Weak.tif,raw/train/images/2434000.tif,1668744,8c44c39327db3fcd501af5c0103330498a7f9069669de8dc57f605e42f925af8
train,2434000,label,S1OtsuLabelWeak,v1.1/data/flood_events/WeaklyLabeled/S1OtsuLabelWeak/India_2434000_S1OtsuLabelWeak.tif,https://storage.googleapis.com/sen1floods11/v1.1/data/flood_events/WeaklyLabeled/S1OtsuLabelWeak/India_2434000_S1OtsuLabelWeak.tif,raw/train/labels/2434000.tif,7268,9fdfa7631e302541be931ba5b85d4b25ae8e672cb0bcbdbe539c038fdc003f55
train,246766,image,S1Weak,v1.1/data/flood_events/WeaklyLabeled/S1Weak/India_246766_S1Weak.tif,https://storage.googleapis.com/sen1floods11/v1.1/data/flood_events/WeaklyLabeled/S1Weak/India_246766_S1Weak.tif,raw/train/images/246766.tif,1667975,00dfe240d5d8f967baf05946504e9cf0a6436257ff52a377979524c06bccdc81
train,246766,label,S1OtsuLabelWeak,v1.1/data/flood_events/WeaklyLabeled/S1OtsuLabelWeak/India_246766_S1OtsuLabelWeak.tif,https://storage.googleapis.com/sen1floods11/v1.1/data/flood_events/WeaklyLabeled/S1OtsuLabelWeak/India_246766_S1OtsuLabelWeak.tif,raw/train/labels/246766.tif,3081,3008a953058b652503dc4f103e836e71aab033ed7f8e8a77a0d56bbf54ce7a61
train,2481053,image,S1Weak,v1.1/data/flood_events/WeaklyLabeled/S1Weak/India_2481053_S1Weak.tif,https://storage.googleapis.com/sen1floods11/v1.1/data/flood_events/WeaklyLabeled/S1Weak/India_2481053_S1Weak.tif,raw/train/images/2481053.tif,1655285,f6098598cd61b2ef7457d9e69ed99e4ce0970527dcd61f9faf19ea6493d13476
train,2481053,label,S1OtsuLabelWeak,v1.1/data/flood_events/WeaklyLabeled/S1OtsuLabelWeak/India_2481053_S1OtsuLabelWeak.tif,https://storage.googleapis.com/sen1floods11/v1.1/data/flood_events/WeaklyLabeled/S1OtsuLabelWeak/India_2481053_S1OtsuLabelWeak.tif,raw/train/labels/2481053.tif,3753,d2446b13e29588cc6ac68b5bd64176b9c2096927fbde974e86422f1de2f15922
train,2484681,image,S1Weak,v1.1/data/flood_events/WeaklyLabeled/S1Weak/India_2484681_S1Weak.tif,https://storage.googleapis.com/sen1floods11/v1.1/data/flood_events/WeaklyLabeled/S1Weak/India_2484681_S1Weak.tif,raw/train/images/2484681.tif,1683529,c8d272167bd3acbd281ff0b9d419cd6883bf62aee13e27cd20806964182c279a
train,2484681,label,S1OtsuLabelWeak,v1.1/data/flood_events/WeaklyLabeled/S1OtsuLabelWeak/India_2484681_S1OtsuLabelWeak.tif,https://storage.googleapis.com/sen1floods11/v1.1/data/flood_events/WeaklyLabeled/S1OtsuLabelWeak/India_2484681_S1OtsuLabelWeak.tif,raw/train/labels/2484681.tif,1146,07485ca3d97bd6f66c5ad5b58e21b3f3b37ca39125fe56b1293ff24b3ff88109
train,2490208,image,S1Weak,v1.1/data/flood_events/WeaklyLabeled/S1Weak/India_2490208_S1Weak.tif,https://storage.googleapis.com/sen1floods11/v1.1/data/flood_events/WeaklyLabeled/S1Weak/India_2490208_S1Weak.tif,raw/train/images/2490208.tif,1667232,36b9b25b44627ada4f7659df0260f5dbd2ed2202c926cf7518dca7623164e6cd
train,2490208,label,S1OtsuLabelWeak,v1.1/data/flood_events/WeaklyLabeled/S1OtsuLabelWeak/India_2490208_S1OtsuLabelWeak.tif,https://storage.googleapis.com/sen1floods11/v1.1/data/flood_events/WeaklyLabeled/S1OtsuLabelWeak/India_2490208_S1OtsuLabelWeak.tif,raw/train/labels/2490208.tif,2121,2e8d3a23420ebfc24856a236a84739293175626bc4dbe2cdfe01ef26804dcad7
train,2490752,image,S1Weak,v1.1/data/flood_events/WeaklyLabeled/S1Weak/India_2490752_S1Weak.tif,https://storage.googleapis.com/sen1floods11/v1.1/data/flood_events/WeaklyLabeled/S1Weak/India_2490752_S1Weak.tif,raw/train/images/2490752.tif,1673029,955cf40b2d16789f3af7e06c5b5823eed7793ac392f3837229554a2fe5313062
train,2490752,label,S1OtsuLabelWeak,v1.1/data/flood_events/WeaklyLabeled/S1OtsuLabelWeak/India_2490752_S1OtsuLabelWeak.tif,https://storage.googleapis.com/sen1floods11/v1.1/data/flood_events/WeaklyLabeled/S1OtsuLabelWeak/India_2490752_S1OtsuLabelWeak.tif,raw/train/labels/2490752.tif,1500,593823cb331a6a6efd7573830edc589a2741817461ecf0e672b7f8c2a3ee68fa
train,2493286,image,S1Weak,v1.1/data/flood_events/WeaklyLabeled/S1Weak/India_2493286_S1Weak.tif,https://storage.googleapis.com/sen1floods11/v1.1/data/flood_events/WeaklyLabeled/S1Weak/India_2493286_S1Weak.tif,raw/train/images/2493286.tif,1660456,3fb150bfd49aab10dcdb267629592f088fd4c33c66ef6604b259108d07a85702
train,2493286,label,S1OtsuLabelWeak,v1.1/data/flood_events/WeaklyLabeled/S1OtsuLabelWeak/India_2493286_S1OtsuLabelWeak.tif,https://storage.googleapis.com/sen1floods11/v1.1/data/flood_events/WeaklyLabeled/S1OtsuLabelWeak/India_2493286_S1OtsuLabelWeak.tif,raw/train/labels/2493286.tif,2298,7fd7f99f45ae7d9e512e0047cd2251e2b3c1aff021e9ff1b4dee692fa962893b
train,2505635,image,S1Weak,v1.1/data/flood_events/WeaklyLabeled/S1Weak/India_2505635_S1Weak.tif,https://storage.googleapis.com/sen1floods11/v1.1/data/flood_events/WeaklyLabeled/S1Weak/India_2505635_S1Weak.tif,raw/train/images/2505635.tif,1666682,e0ac89fa84f0a00ca0d90ce162c47ae0000a2f16fdbe26894a8b943779e30843
train,2505635,label,S1OtsuLabelWeak,v1.1/data/flood_events/WeaklyLabeled/S1OtsuLabelWeak/India_2505635_S1OtsuLabelWeak.tif,https://storage.googleapis.com/sen1floods11/v1.1/data/flood_events/WeaklyLabeled/S1OtsuLabelWeak/India_2505635_S1OtsuLabelWeak.tif,raw/train/labels/2505635.tif,4709,4ed71b1adc25cbef120a95c8a053b6b14e29a5df2f2c5196f8a1bfd482d93bcf
train,2510562,image,S1Weak,v1.1/data/flood_events/WeaklyLabeled/S1Weak/India_2510562_S1Weak.tif,https://storage.googleapis.com/sen1floods11/v1.1/data/flood_events/WeaklyLabeled/S1Weak/India_2510562_S1Weak.tif,raw/train/images/2510562.tif,1665867,8f3ca5f7e7b4142f3db10d41d82d44006e1514915837b0b1b97a5d05ac068b12
train,2510562,label,S1OtsuLabelWeak,v1.1/data/flood_events/WeaklyLabeled/S1OtsuLabelWeak/India_2510562_S1OtsuLabelWeak.tif,https://storage.googleapis.com/sen1floods11/v1.1/data/flood_events/WeaklyLabeled/S1OtsuLabelWeak/India_2510562_S1OtsuLabelWeak.tif,raw/train/labels/2510562.tif,1759,49699562eede2872d779f819416a6b23b1a955722ccd0bd4b7d44861beb2ffae
train,2524054,image,S1Weak,v1.1/data/flood_events/WeaklyLabeled/S1Weak/India_2524054_S1Weak.tif,https://storage.googleapis.com/sen1floods11/v1.1/data/flood_events/WeaklyLabeled/S1Weak/India_2524054_S1Weak.tif,raw/train/images/2524054.tif,1669732,6e4c0c7431ccb8557506e425214b8e248d2839336edf7c1706accce1ab409204
train,2524054,label,S1OtsuLabelWeak,v1.1/data/flood_events/WeaklyLabeled/S1OtsuLabelWeak/India_2524054_S1OtsuLabelWeak.tif,https://storage.googleapis.com/sen1floods11/v1.1/data/flood_events/WeaklyLabeled/S1OtsuLabelWeak/India_2524054_S1OtsuLabelWeak.tif,raw/train/labels/2524054.tif,5995,c55746fd5df4b31070e7238c88de771a6af1d20d3d30fcf3bc6dacedac6b7f26
train,256814,image,S1Weak,v1.1/data/flood_events/WeaklyLabeled/S1Weak/India_256814_S1Weak.tif,https://storage.googleapis.com/sen1floods11/v1.1/data/flood_events/WeaklyLabeled/S1Weak/India_256814_S1Weak.tif,raw/train/images/256814.tif,1326080,07735533ddb40e48fbc46f8938eccbc72b61865b9dd8ddf00e6795b657d48915
train,256814,label,S1OtsuLabelWeak,v1.1/data/flood_events/WeaklyLabeled/S1OtsuLabelWeak/India_256814_S1OtsuLabelWeak.tif,https://storage.googleapis.com/sen1floods11/v1.1/data/flood_events/WeaklyLabeled/S1OtsuLabelWeak/India_256814_S1OtsuLabelWeak.tif,raw/train/labels/256814.tif,3046,5a9327248edf3469eb0b5a032b5fc54e91e2290341a0d540a86817dfcef38323
train,2631392,image,S1Weak,v1.1/data/flood_events/WeaklyLabeled/S1Weak/India_2631392_S1Weak.tif,https://storage.googleapis.com/sen1floods11/v1.1/data/flood_events/WeaklyLabeled/S1Weak/India_2631392_S1Weak.tif,raw/train/images/2631392.tif,1665910,7331ad205fee24e33e969a42037ce7b533e3efc5b4c8c57204adcb05de62f4b7
train,2631392,label,S1OtsuLabelWeak,v1.1/data/flood_events/WeaklyLabeled/S1OtsuLabelWeak/India_2631392_S1OtsuLabelWeak.tif,https://storage.googleapis.com/sen1floods11/v1.1/data/flood_events/WeaklyLabeled/S1OtsuLabelWeak/India_2631392_S1OtsuLabelWeak.tif,raw/train/labels/2631392.tif,6046,48c6281b5f8a742efca5e355ebceb5f858e7123460a466ce46301324fe082f5b
train,2632072,image,S1Weak,v1.1/data/flood_events/WeaklyLabeled/S1Weak/India_2632072_S1Weak.tif,https://storage.googleapis.com/sen1floods11/v1.1/data/flood_events/WeaklyLabeled/S1Weak/India_2632072_S1Weak.tif,raw/train/images/2632072.tif,1660977,c4f0944a8a70bc3596bffb61f32bb1f11f56cdbfe8c8e1c535e2cf71336e6e7d
train,2632072,label,S1OtsuLabelWeak,v1.1/data/flood_events/WeaklyLabeled/S1OtsuLabelWeak/India_2632072_S1OtsuLabelWeak.tif,https://storage.googleapis.com/sen1floods11/v1.1/data/flood_events/WeaklyLabeled/S1OtsuLabelWeak/India_2632072_S1OtsuLabelWeak.tif,raw/train/labels/2632072.tif,1355,279a9a940c60a1e6cbd23215451d905c24e3a1ca0de8fc1ede40b678c2f3ff2a
train,2672600,image,S1Weak,v1.1/data/flood_events/WeaklyLabeled/S1Weak/India_2672600_S1Weak.tif,https://storage.googleapis.com/sen1floods11/v1.1/data/flood_events/WeaklyLabeled/S1Weak/India_2672600_S1Weak.tif,raw/train/images/2672600.tif,1661252,c6e1a376a0b180b520f4a49acefa69415caff463cef94da75c8784af916ad299
train,2672600,label,S1OtsuLabelWeak,v1.1/data/flood_events/WeaklyLabeled/S1OtsuLabelWeak/India_2672600_S1OtsuLabelWeak.tif,https://storage.googleapis.com/sen1floods11/v1.1/data/flood_events/WeaklyLabeled/S1OtsuLabelWeak/India_2672600_S1OtsuLabelWeak.tif,raw/train/labels/2672600.tif,2194,33ab0f61701972f416f9528538627e4a4932e5bfce4bd05297c32123722bfc7a
train,2681813,image,S1Weak,v1.1/data/flood_events/WeaklyLabeled/S1Weak/India_2681813_S1Weak.tif,https://storage.googleapis.com/sen1floods11/v1.1/data/flood_events/WeaklyLabeled/S1Weak/India_2681813_S1Weak.tif,raw/train/images/2681813.tif,1663944,9929f9cca13db825117b3eb16a543b5cb558d3be3228a01bae3781d47d1c36ef
train,2681813,label,S1OtsuLabelWeak,v1.1/data/flood_events/WeaklyLabeled/S1OtsuLabelWeak/India_2681813_S1OtsuLabelWeak.tif,https://storage.googleapis.com/sen1floods11/v1.1/data/flood_events/WeaklyLabeled/S1OtsuLabelWeak/India_2681813_S1OtsuLabelWeak.tif,raw/train/labels/2681813.tif,1916,4154a4915319cb82bf1f62b7a6819bf949ffcb5d300ab5472957c543199b459a
train,2705421,image,S1Weak,v1.1/data/flood_events/WeaklyLabeled/S1Weak/India_2705421_S1Weak.tif,https://storage.googleapis.com/sen1floods11/v1.1/data/flood_events/WeaklyLabeled/S1Weak/India_2705421_S1Weak.tif,raw/train/images/2705421.tif,1659784,5f6c090c1519a6ed19c0977fbc4483158aaa48f553d600f12f2d594737ffce50
train,2705421,label,S1OtsuLabelWeak,v1.1/data/flood_events/WeaklyLabeled/S1OtsuLabelWeak/India_2705421_S1OtsuLabelWeak.tif,https://storage.googleapis.com/sen1floods11/v1.1/data/flood_events/WeaklyLabeled/S1OtsuLabelWeak/India_2705421_S1OtsuLabelWeak.tif,raw/train/labels/2705421.tif,4271,45eb16555119565be645bd2acafb157c7c811e7c0613b571f6e3d61f59c30dde
train,2715591,image,S1Weak,v1.1/data/flood_events/WeaklyLabeled/S1Weak/India_2715591_S1Weak.tif,https://storage.googleapis.com/sen1floods11/v1.1/data/flood_events/WeaklyLabeled/S1Weak/India_2715591_S1Weak.tif,raw/train/images/2715591.tif,1665801,0d1a41647d079b00524d263011d680cfec1ea732ad683012b67eb195203b5536
train,2715591,label,S1OtsuLabelWeak,v1.1/data/flood_events/WeaklyLabeled/S1OtsuLabelWeak/India_2715591_S1OtsuLabelWeak.tif,https://storage.googleapis.com/sen1floods11/v1.1/data/flood_events/WeaklyLabeled/S1OtsuLabelWeak/India_2715591_S1OtsuLabelWeak.tif,raw/train/labels/2715591.tif,2216,d8b6136fe38af0606715e7c90bd04d6dc93ec84d5d0937ccd28ee73d2aaa2745
train,2768492,image,S1Weak,v1.1/data/flood_events/WeaklyLabeled/S1Weak/India_2768492_S1Weak.tif,https://storage.googleapis.com/sen1floods11/v1.1/data/flood_events/WeaklyLabeled/S1Weak/India_2768492_S1Weak.tif,raw/train/images/2768492.tif,1710730,b78a4596ffb490c8566dfe80fca236a559611628dbe1e43371dcba95fa23e292
train,2768492,label,S1OtsuLabelWeak,v1.1/data/flood_events/WeaklyLabeled/S1OtsuLabelWeak/India_2768492_S1OtsuLabelWeak.tif,https://storage.googleapis.com/sen1floods11/v1.1/data/flood_events/WeaklyLabeled/S1OtsuLabelWeak/India_2768492_S1OtsuLabelWeak.tif,raw/train/labels/2768492.tif,1854,52b6436e60bf3288457e83449db578af7ccbc738ee545a5f81488bad6a212206
train,2774101,image,S1Weak,v1.1/data/flood_events/WeaklyLabeled/S1Weak/India_2774101_S1Weak.tif,https://storage.googleapis.com/sen1floods11/v1.1/data/flood_events/WeaklyLabeled/S1Weak/India_2774101_S1Weak.tif,raw/train/images/2774101.tif,1681661,abbb2f725d8eb257442a3e57f930bd212b54e8f17b1f6c10ced0f86e91a623ca
train,2774101,label,S1OtsuLabelWeak,v1.1/data/flood_events/WeaklyLabeled/S1OtsuLabelWeak/India_2774101_S1OtsuLabelWeak.tif,https://storage.googleapis.com/sen1floods11/v1.1/data/flood_events/WeaklyLabeled/S1OtsuLabelWeak/India_2774101_S1OtsuLabelWeak.tif,raw/train/labels/2774101.tif,2364,381497aeae256b194343fc36f0d52d124dad33f1fe505e00af5bd26c1e03e1d3
train,2827217,image,S1Weak,v1.1/data/flood_events/WeaklyLabeled/S1Weak/India_2827217_S1Weak.tif,https://storage.googleapis.com/sen1floods11/v1.1/data/flood_events/WeaklyLabeled/S1Weak/India_2827217_S1Weak.tif,raw/train/images/2827217.tif,1656239,c714eab9f580e21a8d023d347dcdf8971a033771ed6b9432580ef0d8087a4e6d
train,2827217,label,S1OtsuLabelWeak,v1.1/data/flood_events/WeaklyLabeled/S1OtsuLabelWeak/India_2827217_S1OtsuLabelWeak.tif,https://storage.googleapis.com/sen1floods11/v1.1/data/flood_events/WeaklyLabeled/S1OtsuLabelWeak/India_2827217_S1OtsuLabelWeak.tif,raw/train/labels/2827217.tif,4590,67467d37ade7286e8f76a55e7cc241cef95c369c369649ca8a7eb9dae5c93368
train,2829966,image,S1Weak,v1.1/data/flood_events/WeaklyLabeled/S1Weak/India_2829966_S1Weak.tif,https://storage.googleapis.com/sen1floods11/v1.1/data/flood_events/WeaklyLabeled/S1Weak/India_2829966_S1Weak.tif,raw/train/images/2829966.tif,1663610,13dd83c497158419bf536cab13b9dff14da867981f673de0bf58731a7c847b3c
train,2829966,label,S1OtsuLabelWeak,v1.1/data/flood_events/WeaklyLabeled/S1OtsuLabelWeak/India_2829966_S1OtsuLabelWeak.tif,https://storage.googleapis.com/sen1floods11/v1.1/data/flood_events/WeaklyLabeled/S1OtsuLabelWeak/India_2829966_S1OtsuLabelWeak.tif,raw/train/labels/2829966.tif,1316,2c051e622e1c65e1fc4af1675c7ec2d9f68bc607db670f77429f23eaa837a6af
train,2904649,image,S1Weak,v1.1/data/flood_events/WeaklyLabeled/S1Weak/India_2904649_S1Weak.tif,https://storage.googleapis.com/sen1floods11/v1.1/data/flood_events/WeaklyLabeled/S1Weak/India_2904649_S1Weak.tif,raw/train/images/2904649.tif,1660578,4500e509b7bb3ccc518f137576cd9765b19247acbfb9db22c8f85b4c20bdea0e
train,2904649,label,S1OtsuLabelWeak,v1.1/data/flood_events/WeaklyLabeled/S1OtsuLabelWeak/India_2904649_S1OtsuLabelWeak.tif,https://storage.googleapis.com/sen1floods11/v1.1/data/flood_events/WeaklyLabeled/S1OtsuLabelWeak/India_2904649_S1OtsuLabelWeak.tif,raw/train/labels/2904649.tif,4040,cb8c5becb01099dafe7f020f4cff4a2b573614cd7e86d90a54d1e5351c77ec86
train,2914792,image,S1Weak,v1.1/data/flood_events/WeaklyLabeled/S1Weak/India_2914792_S1Weak.tif,https://storage.googleapis.com/sen1floods11/v1.1/data/flood_events/WeaklyLabeled/S1Weak/India_2914792_S1Weak.tif,raw/train/images/2914792.tif,1666713,62a4413c3cee3994bfeb07fcce0d790bc9c6704704cb4c1a5819c9120cd62199
train,2914792,label,S1OtsuLabelWeak,v1.1/data/flood_events/WeaklyLabeled/S1OtsuLabelWeak/India_2914792_S1OtsuLabelWeak.tif,https://storage.googleapis.com/sen1floods11/v1.1/data/flood_events/WeaklyLabeled/S1OtsuLabelWeak/India_2914792_S1OtsuLabelWeak.tif,raw/train/labels/2914792.tif,1780,7de34e106c45cd96d0d9a5dd7e049fa66beae9a5f76355a2d60351379621ca20
train,2929822,image,S1Weak,v1.1/data/flood_events/WeaklyLabeled/S1Weak/India_2929822_S1Weak.tif,https://storage.googleapis.com/sen1floods11/v1.1/data/flood_events/WeaklyLabeled/S1Weak/India_2929822_S1Weak.tif,raw/train/images/2929822.tif,1661057,25ba3fedf083165db369d743a19d6190675c972e7f3c6384fd63b4c51e9cf103
train,2929822,label,S1OtsuLabelWeak,v1.1/data/flood_events/WeaklyLabeled/S1OtsuLabelWeak/India_2929822_S1OtsuLabelWeak.tif,https://storage.googleapis.com/sen1floods11/v1.1/data/flood_events/WeaklyLabeled/S1OtsuLabelWeak/India_2929822_S1OtsuLabelWeak.tif,raw/train/labels/2929822.tif,1352,3b9aa3627869cdfc331db3d1358510cba05d79499b2845e6cca59363be4d8a9f
train,2944751,image,S1Weak,v1.1/data/flood_events/WeaklyLabeled/S1Weak/India_2944751_S1Weak.tif,https://storage.googleapis.com/sen1floods11/v1.1/data/flood_events/WeaklyLabeled/S1Weak/India_2944751_S1Weak.tif,raw/train/images/2944751.tif,1665688,94d5faa8ae5c242240c4936338efb466e519c1740796b26fcd13a3b5f6254406
train,2944751,label,S1OtsuLabelWeak,v1.1/data/flood_events/WeaklyLabeled/S1OtsuLabelWeak/India_2944751_S1OtsuLabelWeak.tif,https://storage.googleapis.com/sen1floods11/v1.1/data/flood_events/WeaklyLabeled/S1OtsuLabelWeak/India_2944751_S1OtsuLabelWeak.tif,raw/train/labels/2944751.tif,2922,a3175a30b60ffc5c140d690f16976ce2b492ec60df5d7be0dc1e991cb39839a4
train,2965184,image,S1Weak,v1.1/data/flood_events/WeaklyLabeled/S1Weak/India_2965184_S1Weak.tif,https://storage.googleapis.com/sen1floods11/v1.1/data/flood_events/WeaklyLabeled/S1Weak/India_2965184_S1Weak.tif,raw/train/images/2965184.tif,1664876,33d80aff560d0f9c861fcc55315209800ed04c72226aab3b1cbcdc732670e9e0
train,2965184,label,S1OtsuLabelWeak,v1.1/data/flood_events/WeaklyLabeled/S1OtsuLabelWeak/India_2965184_S1OtsuLabelWeak.tif,https://storage.googleapis.com/sen1floods11/v1.1/data/flood_events/WeaklyLabeled/S1OtsuLabelWeak/India_2965184_S1OtsuLabelWeak.tif,raw/train/labels/2965184.tif,4656,08945a2cb0af77a7064e8df66e10b355d3c73d0267d825dbce2c1765b5c441b9
train,2978646,image,S1Weak,v1.1/data/flood_events/WeaklyLabeled/S1Weak/India_2978646_S1Weak.tif,https://storage.googleapis.com/sen1floods11/v1.1/data/flood_events/WeaklyLabeled/S1Weak/India_2978646_S1Weak.tif,raw/train/images/2978646.tif,1667806,f587a0a88d612f47db765f8dcf1e0d4f514e07bdc2d5d34629cf03a8fe30c537
train,2978646,label,S1OtsuLabelWeak,v1.1/data/flood_events/WeaklyLabeled/S1OtsuLabelWeak/India_2978646_S1OtsuLabelWeak.tif,https://storage.googleapis.com/sen1floods11/v1.1/data/flood_events/WeaklyLabeled/S1OtsuLabelWeak/India_2978646_S1OtsuLabelWeak.tif,raw/train/labels/2978646.tif,7890,980b05c049262fceb691626eafd36bf3bab1ad0c47ece5842398d719bf63f868
train,3049932,image,S1Weak,v1.1/data/flood_events/WeaklyLabeled/S1Weak/India_3049932_S1Weak.tif,https://storage.googleapis.com/sen1floods11/v1.1/data/flood_events/WeaklyLabeled/S1Weak/India_3049932_S1Weak.tif,raw/train/images/3049932.tif,1659816,287123a64640f83a0fe8cf2864e91f479fd8814d1b97f90c7c20ca3c067aa284
train,3049932,label,S1OtsuLabelWeak,v1.1/data/flood_events/WeaklyLabeled/S1OtsuLabelWeak/India_3049932_S1OtsuLabelWeak.tif,https://storage.googleapis.com/sen1floods11/v1.1/data/flood_events/WeaklyLabeled/S1OtsuLabelWeak/India_3049932_S1OtsuLabelWeak.tif,raw/train/labels/3049932.tif,3994,779fdc633e4bec4d99af99e3f62399dd649911d11c3eef333c742c6fba36bf2c
train,3096222,image,S1Weak,v1.1/data/flood_events/WeaklyLabeled/S1Weak/India_3096222_S1Weak.tif,https://storage.googleapis.com/sen1floods11/v1.1/data/flood_events/WeaklyLabeled/S1Weak/India_3096222_S1Weak.tif,raw/train/images/3096222.tif,1653542,2eaa7a492408929ceadfcb49dffbabca2f2028d1fd8a16a333459432a1bb2ad0
train,3096222,label,S1OtsuLabelWeak,v1.1/data/flood_events/WeaklyLabeled/S1OtsuLabelWeak/India_3096222_S1OtsuLabelWeak.tif,https://storage.googleapis.com/sen1floods11/v1.1/data/flood_events/WeaklyLabeled/S1OtsuLabelWeak/India_3096222_S1OtsuLabelWeak.tif,raw/train/labels/3096222.tif,1335,0b0188d8ce63f12e68e8321fefc7b169cf5862451a21a82f96c4f590c4b3407f
train,3122092,image,S1Weak,v1.1/data/flood_events/WeaklyLabeled/S1Weak/India_3122092_S1Weak.tif,https://storage.googleapis.com/sen1floods11/v1.1/data/flood_events/WeaklyLabeled/S1Weak/India_3122092_S1Weak.tif,raw/train/images/3122092.tif,1692504,a29a7deaca1ffb9c40b3011f0e325f4bc5ae7154ad95a76907ffef66284b0060
train,3122092,label,S1OtsuLabelWeak,v1.1/data/flood_events/WeaklyLabeled/S1OtsuLabelWeak/India_3122092_S1OtsuLabelWeak.tif,https://storage.googleapis.com/sen1floods11/v1.1/data/flood_events/WeaklyLabeled/S1OtsuLabelWeak/India_3122092_S1OtsuLabelWeak.tif,raw/train/labels/3122092.tif,1128,e3d83eb27953ad116cddc1394c602a3fa5042cf3c84ed5f334ee9598e554e9fc
train,3129486,image,S1Weak,v1.1/data/flood_events/WeaklyLabeled/S1Weak/India_3129486_S1Weak.tif,https://storage.googleapis.com/sen1floods11/v1.1/data/flood_events/WeaklyLabeled/S1Weak/India_3129486_S1Weak.tif,raw/train/images/3129486.tif,1666207,e743d2953c84afa6a47337218f9b2d6ea80dd607f3de84cd4f02fe1b40639d6e
train,3129486,label,S1OtsuLabelWeak,v1.1/data/flood_events/WeaklyLabeled/S1OtsuLabelWeak/India_3129486_S1OtsuLabelWeak.tif,https://storage.googleapis.com/sen1floods11/v1.1/data/flood_events/WeaklyLabeled/S1OtsuLabelWeak/India_3129486_S1OtsuLabelWeak.tif,raw/train/labels/3129486.tif,4396,2ddf92f24e513bce99bde4ef5184c1337d9ee6ffb53edc3b869fce38a366265d
train,313839,image,S1Weak,v1.1/data/flood_events/WeaklyLabeled/S1Weak/India_313839_S1Weak.tif,https://storage.googleapis.com/sen1floods11/v1.1/data/flood_events/WeaklyLabeled/S1Weak/India_313839_S1Weak.tif,raw/train/images/313839.tif,1667701,5cc48cb9f4c76134433e45a6e55fd2fc4170947ced15659103f9cd76a2e36b2c
train,313839,label,S1OtsuLabelWeak,v1.1/data/flood_events/WeaklyLabeled/S1OtsuLabelWeak/India_313839_S1OtsuLabelWeak.tif,https://storage.googleapis.com/sen1floods11/v1.1/data/flood_events/WeaklyLabeled/S1OtsuLabelWeak/India_313839_S1OtsuLabelWeak.tif,raw/train/labels/313839.tif,1099,c1a3227b9274cb8c88b4341863148627348c5575617e1ee64c41a47d9daab15d
train,3139944,image,S1Weak,v1.1/data/flood_events/WeaklyLabeled/S1Weak/India_3139944_S1Weak.tif,https://storage.googleapis.com/sen1floods11/v1.1/data/flood_events/WeaklyLabeled/S1Weak/India_3139944_S1Weak.tif,raw/train/images/3139944.tif,1659669,34c5f62d0f6b52de5874f52ac76adcedf8d0810aed562f7ba69ef287bc183340
train,3139944,label,S1OtsuLabelWeak,v1.1/data/flood_events/WeaklyLabeled/S1OtsuLabelWeak/India_3139944_S1OtsuLabelWeak.tif,https://storage.googleapis.com/sen1floods11/v1.1/data/flood_events/WeaklyLabeled/S1OtsuLabelWeak/India_3139944_S1OtsuLabelWeak.tif,raw/train/labels/3139944.tif,3425,66b55008edd42bf82fbff555b59b04c4eaec24e28d4e83d02d61064b4345c153
train,3154844,image,S1Weak,v1.1/data/flood_events/WeaklyLabeled/S1Weak/India_3154844_S1Weak.tif,https://storage.googleapis.com/sen1floods11/v1.1/data/flood_events/WeaklyLabeled/S1Weak/India_3154844_S1Weak.tif,raw/train/images/3154844.tif,1668526,b93292f35bfe9718d701e583361c603327ab38a6d8ec31423fcdb4d253f6f123
train,3154844,label,S1OtsuLabelWeak,v1.1/data/flood_events/WeaklyLabeled/S1OtsuLabelWeak/India_3154844_S1OtsuLabelWeak.tif,https://storage.googleapis.com/sen1floods11/v1.1/data/flood_events/WeaklyLabeled/S1OtsuLabelWeak/India_3154844_S1OtsuLabelWeak.tif,raw/train/labels/3154844.tif,1347,390ba652aaa3d6a6ae20ee00de56180aaae693a97c4501958ff889f87734202c
train,316383,image,S1Weak,v1.1/data/flood_events/WeaklyLabeled/S1Weak/India_316383_S1Weak.tif,https://storage.googleapis.com/sen1floods11/v1.1/data/flood_events/WeaklyLabeled/S1Weak/India_316383_S1Weak.tif,raw/train/images/316383.tif,1222721,157144152ccbb4bd7c6fa49b9d7cf7ded335a457208b1f18c7a0d4bbd456f15b
train,316383,label,S1OtsuLabelWeak,v1.1/data/flood_events/WeaklyLabeled/S1OtsuLabelWeak/India_316383_S1OtsuLabelWeak.tif,https://storage.googleapis.com/sen1floods11/v1.1/data/flood_events/WeaklyLabeled/S1OtsuLabelWeak/India_316383_S1OtsuLabelWeak.tif,raw/train/labels/316383.tif,2744,46a34df5735ff3237520daeef196e7e1f17d2d99bbcd72b45b7d8b07f321fd4d
train,3176813,image,S1Weak,v1.1/data/flood_events/WeaklyLabeled/S1Weak/India_3176813_S1Weak.tif,https://storage.googleapis.com/sen1floods11/v1.1/data/flood_events/WeaklyLabeled/S1Weak/India_3176813_S1Weak.tif,raw/train/images/3176813.tif,1657296,e1bb7e4730f01a0423b39548fd6e8712a7a7b22bc4d0834ecb4cf594047732a4
train,3176813,label,S1OtsuLabelWeak,v1.1/data/flood_events/WeaklyLabeled/S1OtsuLabelWeak/India_3176813_S1OtsuLabelWeak.tif,https://storage.googleapis.com/sen1floods11/v1.1/data/flood_events/WeaklyLabeled/S1OtsuLabelWeak/India_3176813_S1OtsuLabelWeak.tif,raw/train/labels/3176813.tif,3322,c08647aa3f7a018c35729039337f98fb5674c3feb8e3b002a009bd29b7c984a0
train,318306,image,S1Weak,v1.1/data/flood_events/WeaklyLabeled/S1Weak/India_318306_S1Weak.tif,https://storage.googleapis.com/sen1floods11/v1.1/data/flood_events/WeaklyLabeled/S1Weak/India_318306_S1Weak.tif,raw/train/images/318306.tif,1675576,442e734da10c50c5838957e132f4bd488c1f9b0b70d4058e53385af10933df89
train,318306,label,S1OtsuLabelWeak,v1.1/data/flood_events/WeaklyLabeled/S1OtsuLabelWeak/India_318306_S1OtsuLabelWeak.tif,https://storage.googleapis.com/sen1floods11/v1.1/data/flood_events/WeaklyLabeled/S1OtsuLabelWeak/India_318306_S1OtsuLabelWeak.tif,raw/train/labels/318306.tif,2232,af89e2a3b9df6e9d180535902d7cc30224a44713972311f383414c514b7fc6e3
train,3185213,image,S1Weak,v1.1/data/flood_events/WeaklyLabeled/S1Weak/India_3185213_S1Weak.tif,https://storage.googleapis.com/sen1floods11/v1.1/data/flood_events/WeaklyLabeled/S1Weak/India_3185213_S1Weak.tif,raw/train/images/3185213.tif,1659054,9cde50707467778f9ffca0ce883f44dbfe38077a5f9f1603658513675e0ef446
train,3185213,label,S1OtsuLabelWeak,v1.1/data/flood_events/WeaklyLabeled/S1OtsuLabelWeak/India_3185213_S1OtsuLabelWeak.tif,https://storage.googleapis.com/sen1floods11/v1.1/data/flood_events/WeaklyLabeled/S1OtsuLabelWeak/India_3185213_S1OtsuLabelWeak.tif,raw/train/labels/3185213.tif,2278,8efd606a29effe8b4839d25f05878d43168a4d5f73b467d533d44cea3cf01e10
train,3217766,image,S1Weak,v1.1/data/flood_events/WeaklyLabeled/S1Weak/India_3217766_S1Weak.tif,https://storage.googleapis.com/sen1floods11/v1.1/data/flood_events/WeaklyLabeled/S1Weak/India_3217766_S1Weak.tif,raw/train/images/3217766.tif,1679439,c57a98769d65687200b3d91b7d8d15ec4139d27884cb9490acf42b6185475f66
train,3217766,label,S1OtsuLabelWeak,v1.1/data/flood_events/WeaklyLabeled/S1OtsuLabelWeak/India_3217766_S1OtsuLabelWeak.tif,https://storage.googleapis.com/sen1floods11/v1.1/data/flood_events/WeaklyLabeled/S1OtsuLabelWeak/India_3217766_S1OtsuLabelWeak.tif,raw/train/labels/3217766.tif,2763,fdadb81e15d7b12a61da6cc2439b334b3350c6729a1ff3162dc74391d164d75e
train,3227107,image,S1Weak,v1.1/data/flood_events/WeaklyLabeled/S1Weak/India_3227107_S1Weak.tif,https://storage.googleapis.com/sen1floods11/v1.1/data/flood_events/WeaklyLabeled/S1Weak/India_3227107_S1Weak.tif,raw/train/images/3227107.tif,1673282,95268cf59c754aa3ad7b63e08a18210dae92ec6ba92f7eae3121df6ecd268081
train,3227107,label,S1OtsuLabelWeak,v1.1/data/flood_events/WeaklyLabeled/S1OtsuLabelWeak/India_3227107_S1OtsuLabelWeak.tif,https://storage.googleapis.com/sen1floods11/v1.1/data/flood_events/WeaklyLabeled/S1OtsuLabelWeak/India_3227107_S1OtsuLabelWeak.tif,raw/train/labels/3227107.tif,5147,42d6bb58195b8663c7b7b45e192ca12c80bdecce4dfbe989a8d6081e5416c6d7
train,3228702,image,S1Weak,v1.1/data/flood_events/WeaklyLabeled/S1Weak/India_3228702_S1Weak.tif,https://storage.googleapis.com/sen1floods11/v1.1/data/flood_events/WeaklyLabeled/S1Weak/India_3228702_S1Weak.tif,raw/train/images/3228702.tif,1667824,5c07ee4b393ee2d2567ae0ea046ea58fbb9075a91aad2f9e364b4ef7caa9fbce
train,3228702,label,S1OtsuLabelWeak,v1.1/data/flood_events/WeaklyLabeled/S1OtsuLabelWeak/India_3228702_S1OtsuLabelWeak.tif,https://storage.googleapis.com/sen1floods11/v1.1/data/flood_events/WeaklyLabeled/S1OtsuLabelWeak/India_3228702_S1OtsuLabelWeak.tif,raw/train/labels/3228702.tif,3147,f38d2b6e3b0ca97782b2bc5af12b41df8b3ea21c14df9895e59ca2e3f058326f
train,3261326,image,S1Weak,v1.1/data/flood_events/WeaklyLabeled/S1Weak/India_3261326_S1Weak.tif,https://storage.googleapis.com/sen1floods11/v1.1/data/flood_events/WeaklyLabeled/S1Weak/India_3261326_S1Weak.tif,raw/train/images/3261326.tif,481442,742c33160ac48044fdfd6f1575ff087f02720b9ae16e577b50722796f577c2c5
train,3261326,label,S1OtsuLabelWeak,v1.1/data/flood_events/WeaklyLabeled/S1OtsuLabelWeak/India_3261326_S1OtsuLabelWeak.tif,https://storage.googleapis.com/sen1floods11/v1.1/data/flood_events/WeaklyLabeled/S1OtsuLabelWeak/India_3261326_S1OtsuLabelWeak.tif,raw/train/labels/3261326.tif,2340,8776a022f653d03d7d2a3b71779399f4f6e6439acb76b3bd3c9e0110f37f566b
train,3270236,image,S1Weak,v1.1/data/flood_events/WeaklyLabeled/S1Weak/India_3270236_S1Weak.tif,https://storage.googleapis.com/sen1floods11/v1.1/data/flood_events/WeaklyLabeled/S1Weak/India_3270236_S1Weak.tif,raw/train/images/3270236.tif,1673209,abc9a129ca65bee3878297e89a038c15da1666028d92f0cf93dfbe9411f783c9
train,3270236,label,S1OtsuLabelWeak,v1.1/data/flood_events/WeaklyLabeled/S1OtsuLabelWeak/India_3270236_S1OtsuLabelWeak.tif,https://storage.googleapis.com/sen1floods11/v1.1/data/flood_events/WeaklyLabeled/S1OtsuLabelWeak/India_3270236_S1OtsuLabelWeak.tif,raw/train/labels/3270236.tif,2340,997e170885189085efbdda9e6008587d86ed95a2b0533d262479d8265de88223
train,3289067,image,S1Weak,v1.1/data/flood_events/WeaklyLabeled/S1Weak/India_3289067_S1Weak.tif,https://storage.googleapis.com/sen1floods11/v1.1/data/flood_events/WeaklyLabeled/S1Weak/India_3289067_S1Weak.tif,raw/train/images/3289067.tif,1660676,1bbd95dc020c2030051d167529ba27235de206e2f9e6aad4d0e22934152df6cf
train,3289067,label,S1OtsuLabelWeak,v1.1/data/flood_events/WeaklyLabeled/S1OtsuLabelWeak/India_3289067_S1OtsuLabelWeak.tif,https://storage.googleapis.com/sen1floods11/v1.1/data/flood_events/WeaklyLabeled/S1OtsuLabelWeak/India_3289067_S1OtsuLabelWeak.tif,raw/train/labels/3289067.tif,1434,7913db3a4255146b08605f4f001fb8690f60fd6b3476c7f7d352105ce3d5c60c
train,3304576,image,S1Weak,v1.1/data/flood_events/WeaklyLabeled/S1Weak/India_3304576_S1Weak.tif,https://storage.googleapis.com/sen1floods11/v1.1/data/flood_events/WeaklyLabeled/S1Weak/India_3304576_S1Weak.tif,raw/train/images/3304576.tif,1664010,76a0aaa2b9c15cd42a8c1ddb27181885924365d8dcaa10aa1b16b7560e59035b
train,3304576,label,S1OtsuLabelWeak,v1.1/data/flood_events/WeaklyLabeled/S1OtsuLabelWeak/India_3304576_S1OtsuLabelWeak.tif,https://storage.googleapis.com/sen1floods11/v1.1/data/flood_events/WeaklyLabeled/S1OtsuLabelWeak/India_3304576_S1OtsuLabelWeak.tif,raw/train/labels/3304576.tif,4778,1dd17718ebffead59fba3cc9b577116de29f81c7a111404a652c2975dd4ef418
train,3307198,image,S1Weak,v1.1/data/flood_events/WeaklyLabeled/S1Weak/India_3307198_S1Weak.tif,https://storage.googleapis.com/sen1floods11/v1.1/data/flood_events/WeaklyLabeled/S1Weak/India_3307198_S1Weak.tif,raw/train/images/3307198.tif,1671932,721d691ba4c537e139f9a0cb3b71387090aa7ce35ca8d2b1432328f2cd187351
train,3307198,label,S1OtsuLabelWeak,v1.1/data/flood_events/WeaklyLabeled/S1OtsuLabelWeak/India_3307198_S1OtsuLabelWeak.tif,https://storage.googleapis.com/sen1floods11/v1.1/data/flood_events/WeaklyLabeled/S1OtsuLabelWeak/India_3307198_S1OtsuLabelWeak.tif,raw/train/labels/3307198.tif,2037,c724b0f1ffe0c929bf15214a6202a407a6bbda6e1d6d70430ca5cb6798874b62
train,3326933,image,S1Weak,v1.1/data/flood_events/WeaklyLabeled/S1Weak/India_3326933_S1Weak.tif,https://storage.googleapis.com/sen1floods11/v1.1/data/flood_events/WeaklyLabeled/S1Weak/India_3326933_S1Weak.tif,raw/train/images/3326933.tif,1652546,e4f5513f69195b0a8aae2fec95aa78acf890bea736f62d2668df03614f2f364a
train,3326933,label,S1OtsuLabelWeak,v1.1/data/flood_events/WeaklyLabeled/S1OtsuLabelWeak/India_3326933_S1OtsuLabelWeak.tif,https://storage.googleapis.com/sen1floods11/v1.1/data/flood_events/WeaklyLabeled/S1OtsuLabelWeak/India_3326933_S1OtsuLabelWeak.tif,raw/train/labels/3326933.tif,1695,22f69d7d28a70b95f313335aa4aa34e979e263004a5f77850e5532407d970f41
train,3333217,image,S1Weak,v1.1/data/flood_events/WeaklyLabeled/S1Weak/India_3333217_S1Weak.tif,https://storage.googleapis.com/sen1floods11/v1.1/data/flood_events/WeaklyLabeled/S1Weak/India_3333217_S1Weak.tif,raw/train/images/3333217.tif,1643090,4991bb5d5d067eb165646614ebc2bc3ca26901698411194c3718a68c53cd5590
train,3333217,label,S1OtsuLabelWeak,v1.1/data/flood_events/WeaklyLabeled/S1OtsuLabelWeak/India_3333217_S1OtsuLabelWeak.tif,https://storage.googleapis.com/sen1floods11/v1.1/data/flood_events/WeaklyLabeled/S1OtsuLabelWeak/India_3333217_S1OtsuLabelWeak.tif,raw/train/labels/3333217.tif,5030,0c6d2b0b697fb1c5bfd55f7bcac2510a791e750ab4c9c403efcb8d1454efff65
train,334894,image,S1Weak,v1.1/data/flood_events/WeaklyLabeled/S1Weak/India_334894_S1Weak.tif,https://storage.googleapis.com/sen1floods11/v1.1/data/flood_events/WeaklyLabeled/S1Weak/India_334894_S1Weak.tif,raw/train/images/334894.tif,1660395,fbf256837e486a06b0dd6d352de7f1274b651e4f0c548a02150e2bd64e88e937
train,334894,label,S1OtsuLabelWeak,v1.1/data/flood_events/WeaklyLabeled/S1OtsuLabelWeak/India_334894_S1OtsuLabelWeak.tif,https://storage.googleapis.com/sen1floods11/v1.1/data/flood_events/WeaklyLabeled/S1OtsuLabelWeak/India_334894_S1OtsuLabelWeak.tif,raw/train/labels/334894.tif,1099,00366097d1489f240b944687969755e23bb3aeb202361fd87a5e59192e144f85
train,3350804,image,S1Weak,v1.1/data/flood_events/WeaklyLabeled/S1Weak/India_3350804_S1Weak.tif,https://storage.googleapis.com/sen1floods11/v1.1/data/flood_events/WeaklyLabeled/S1Weak/India_3350804_S1Weak.tif,raw/train/images/3350804.tif,1669731,1cb8cddbaabd1c071762aff366a4bd85c6b2259895ff7a19d08dc80c74b433f1
train,3350804,label,S1OtsuLabelWeak,v1.1/data/flood_events/WeaklyLabeled/S1OtsuLabelWeak/India_3350804_S1OtsuLabelWeak.tif,https://storage.googleapis.com/sen1floods11/v1.1/data/flood_events/WeaklyLabeled/S1OtsuLabelWeak/India_3350804_S1OtsuLabelWeak.tif,raw/train/labels/3350804.tif,6526,594d6999e62fada7616fc85cede43fef299c6ac758945ad8c54ab141557d004f
train,3385853,image,S1Weak,v1.1/data/flood_events/WeaklyLabeled/S1Weak/India_3385853_S1Weak.tif,https://storage.googleapis.com/sen1floods11/v1.1/data/flood_events/WeaklyLabeled/S1Weak/India_3385853_S1Weak.tif,raw/train/images/3385853.tif,1660854,3f2fdcb8c50ecd0c2b2de31ee0952cac513e1e4e9e53fc05cc037103ed74eeba
train,3385853,label,S1OtsuLabelWeak,v1.1/data/flood_events/WeaklyLabeled/S1OtsuLabelWeak/India_3385853_S1OtsuLabelWeak.tif,https://storage.googleapis.com/sen1floods11/v1.1/data/flood_events/WeaklyLabeled/S1OtsuLabelWeak/India_3385853_S1OtsuLabelWeak.tif,raw/train/labels/3385853.tif,3623,8a3315901fcfdbec4fe1f5b93ea7332a4992356a9f609da1853d7266305213b5
train,3386535,image,S1Weak,v1.1/data/flood_events/WeaklyLabeled/S1Weak/India_3386535_S1Weak.tif,https://storage.googleapis.com/sen1floods11/v1.1/data/flood_events/WeaklyLabeled/S1Weak/India_3386535_S1Weak.tif,raw/train/images/3386535.tif,1660148,b2e28f1ead2deae0570162fb2d42785bc8fee3ce6fe94fb44001f911339d509b
train,3386535,label,S1OtsuLabelWeak,v1.1/data/flood_events/WeaklyLabeled/S1OtsuLabelWeak/India_3386535_S1OtsuLabelWeak.tif,https://storage.googleapis.com/sen1floods11/v1.1/data/flood_events/WeaklyLabeled/S1OtsuLabelWeak/India_3386535_S1OtsuLabelWeak.tif,raw/train/labels/3386535.tif,3282,3e804fa014e6d1663c65dcea6ebf9167b7e791f9c80a9280d99bc6cd9cd2671b
train,3405100,image,S1Weak,v1.1/data/flood_events/WeaklyLabeled/S1Weak/India_3405100_S1Weak.tif,https://storage.googleapis.com/sen1floods11/v1.1/data/flood_events/WeaklyLabeled/S1Weak/India_3405100_S1Weak.tif,raw/train/images/3405100.tif,1684961,540009d334a27005e89513611c778478f343afb186b7ddf0a76550323a6e4e4e
train,3405100,label,S1OtsuLabelWeak,v1.1/data/flood_events/WeaklyLabeled/S1OtsuLabelWeak/India_3405100_S1OtsuLabelWeak.tif,https://storage.googleapis.com/sen1floods11/v1.1/data/flood_events/WeaklyLabeled/S1OtsuLabelWeak/India_3405100_S1OtsuLabelWeak.tif,raw/train/labels/3405100.tif,1521,6cb1c7228d515e683f22046fbd9318d83052a1a4022fe32aabd11384fcb18a39
train,340688,image,S1Weak,v1.1/data/flood_events/WeaklyLabeled/S1Weak/India_340688_S1Weak.tif,https://storage.googleapis.com/sen1floods11/v1.1/data/flood_events/WeaklyLabeled/S1Weak/India_340688_S1Weak.tif,raw/train/images/340688.tif,1677888,94420bf348e970bccbbe4ad41a66ed83808f39222eb2a84d9e5b68142c462eb7
train,340688,label,S1OtsuLabelWeak,v1.1/data/flood_events/WeaklyLabeled/S1OtsuLabelWeak/India_340688_S1OtsuLabelWeak.tif,https://storage.googleapis.com/sen1floods11/v1.1/data/flood_events/WeaklyLabeled/S1OtsuLabelWeak/India_340688_S1OtsuLabelWeak.tif,raw/train/labels/340688.tif,1892,eb642e490b5c44d97a5b3b0530c94dd7d902e19899712b2520c29dac3998329c
train,3430253,image,S1Weak,v1.1/data/flood_events/WeaklyLabeled/S1Weak/India_3430253_S1Weak.tif,https://storage.googleapis.com/sen1floods11/v1.1/data/flood_events/WeaklyLabeled/S1Weak/India_3430253_S1Weak.tif,raw/train/images/3430253.tif,1654613,88405c2b33fc9447b46d16e42ce2c31837f94a4529a1bf5667d8370fe5a0e917
train,3430253,label,S1OtsuLabelWeak,v1.1/data/flood_events/WeaklyLabeled/S1OtsuLabelWeak/India_3430253_S1OtsuLabelWeak.tif,https://storage.googleapis.com/sen1floods11/v1.1/data/flood_events/WeaklyLabeled/S1OtsuLabelWeak/India_3430253_S1OtsuLabelWeak.tif,raw/train/labels/3430253.tif,1571,3c8e12fe98fb4d5e9deb66e3e32967ac291a94bf7f7c0daa4e3f38ae60b4542e
train,3435469,image,S1Weak,v1.1/data/flood_events/WeaklyLabeled/S1Weak/India_3435469_S1Weak.tif,https://storage.googleapis.com/sen1floods11/v1.1/data/flood_events/WeaklyLabeled/S1Weak/India_3435469_S1Weak.tif,raw/train/images/3435469.tif,1686374,5bbe404c395ac01ed040717fbef0d5b1077c3f24b62669362ca7317bb462f565
train,3435469,label,S1OtsuLabelWeak,v1.1/data/flood_events/WeaklyLabeled/S1OtsuLabelWeak/India_3435469_S1OtsuLabelWeak.tif,https://storage.googleapis.com/sen1floods11/v1.1/data/flood_events/WeaklyLabeled/S1OtsuLabelWeak/India_3435469_S1OtsuLabelWeak.tif,raw/train/labels/3435469.tif,1327,ab146f39b235d94d4e6c73c026ab56229e97a37ffa314103a45ebabc9992e2b7
train,3473489,image,S1Weak,v1.1/data/flood_events/WeaklyLabeled/S1Weak/India_3473489_S1Weak.tif,https://storage.googleapis.com/sen1floods11/v1.1/data/flood_events/WeaklyLabeled/S1Weak/India_3473489_S1Weak.tif,raw/train/images/3473489.tif,1390221,78802e4b66d2aaca7c8b7843d55b7667a2bd9781116943e277145d9e5eb1a14e
train,3473489,label,S1OtsuLabelWeak,v1.1/data/flood_events/WeaklyLabeled/S1OtsuLabelWeak/India_3473489_S1OtsuLabelWeak.tif,https://storage.googleapis.com/sen1floods11/v1.1/data/flood_events/WeaklyLabeled/S1OtsuLabelWeak/India_3473489_S1OtsuLabelWeak.tif,raw/train/labels/3473489.tif,2213,458fc602d4b7cbb30073ac08daae1b5fc6ea95de18558aebf6e1e125b8573cbc
train,3537464,image,S1Weak,v1.1/data/flood_events/WeaklyLabeled/S1Weak/India_3537464_S1Weak.tif,https://storage.googleapis.com/sen1floods11/v1.1/data/flood_events/WeaklyLabeled/S1Weak/India_3537464_S1Weak.tif,raw/train/images/3537464.tif,1672744,fe2f1de865e702151d58742db0759dc050a9cdeef3fdaf9dcb49b550a99e0dcf
train,3537464,label,S1OtsuLabelWeak,v1.1/data/flood_events/WeaklyLabeled/S1OtsuLabelWeak/India_3537464_S1OtsuLabelWeak.tif,https://storage.googleapis.com/sen1floods11/v1.1/data/flood_events/WeaklyLabeled/S1OtsuLabelWeak/India_3537464_S1OtsuLabelWeak.tif,raw/train/labels/3537464.tif,1970,b77635eb8d581eaf2eb3757a8008696d73dc4f1fbfe5110ef12bc2d17c30f2bb
train,3540905,image,S1Weak,v1.1/data/flood_events/WeaklyLabeled/S1Weak/India_3540905_S1Weak.tif,https://storage.googleapis.com/sen1floods11/v1.1/data/flood_events/WeaklyLabeled/S1Weak/India_3540905_S1Weak.tif,raw/train/images/3540905.tif,1675423,de67ec2fb0b194020c04f2cebfd1c9a4478c457e9eaeb4501bf6f43cc6aa1afb
train,3540905,label,S1OtsuLabelWeak,v1.1/data/flood_events/WeaklyLabeled/S1OtsuLabelWeak/India_3540905_S1OtsuLabelWeak.tif,https://storage.googleapis.com/sen1floods11/v1.1/data/flood_events/WeaklyLabeled/S1OtsuLabelWeak/India_3540905_S1OtsuLabelWeak.tif,raw/train/labels/3540905.tif,1099,5bb3e989d5567a30c53271095f058a1837bda0549323d56e4ec040d2659677a8
train,3542680,image,S1Weak,v1.1/data/flood_events/WeaklyLabeled/S1Weak/India_3542680_S1Weak.tif,https://storage.googleapis.com/sen1floods11/v1.1/data/flood_events/WeaklyLabeled/S1Weak/India_3542680_S1Weak.tif,raw/train/images/3542680.tif,1687934,a13d727a11d4d090114bfb1849c31b3d4e0df429d6a6a57eacab16696e9481ca
train,3542680,label,S1OtsuLabelWeak,v1.1/data/flood_events/WeaklyLabeled/S1OtsuLabelWeak/India_3542680_S1OtsuLabelWeak.tif,https://storage.googleapis.com/sen1floods11/v1.1/data/flood_events/WeaklyLabeled/S1OtsuLabelWeak/India_3542680_S1OtsuLabelWeak.tif,raw/train/labels/3542680.tif,1589,404bb83370101cb42e2532e9a5e62a852b0fd2d45982c170280d7bbb9578feec
train,3604511,image,S1Weak,v1.1/data/flood_events/WeaklyLabeled/S1Weak/India_3604511_S1Weak.tif,https://storage.googleapis.com/sen1floods11/v1.1/data/flood_events/WeaklyLabeled/S1Weak/India_3604511_S1Weak.tif,raw/train/images/3604511.tif,1684451,4da3da636e11a6286a2c3c3077c5abd9219af8290c102dbc778500e4c9ad8aaa
train,3604511,label,S1OtsuLabelWeak,v1.1/data/flood_events/WeaklyLabeled/S1OtsuLabelWeak/India_3604511_S1OtsuLabelWeak.tif,https://storage.googleapis.com/sen1floods11/v1.1/data/flood_events/WeaklyLabeled/S1OtsuLabelWeak/India_3604511_S1OtsuLabelWeak.tif,raw/train/labels/3604511.tif,1364,593eefd3088ffea19ee5b60acbed7d0e62e7a943a4ed13fd1cb4d501b2f23f3b
train,3611085,image,S1Weak,v1.1/data/flood_events/WeaklyLabeled/S1Weak/India_3611085_S1Weak.tif,https://storage.googleapis.com/sen1floods11/v1.1/data/flood_events/WeaklyLabeled/S1Weak/India_3611085_S1Weak.tif,raw/train/images/3611085.tif,1659869,5c35499ad4e1b6843107c6db4ad49a24d4d4f1e77d7cb28e3f1dc10569aa1d10
train,3611085,label,S1OtsuLabelWeak,v1.1/data/flood_events/WeaklyLabeled/S1OtsuLabelWeak/India_3611085_S1OtsuLabelWeak.tif,https://storage.googleapis.com/sen1floods11/v1.1/data/flood_events/WeaklyLabeled/S1OtsuLabelWeak/India_3611085_S1OtsuLabelWeak.tif,raw/train/labels/3611085.tif,4540,39bd8430fbe58e192f659ae9a5a35f1bb6072169dca0c5d1c69406087949a877
train,3614767,image,S1Weak,v1.1/data/flood_events/WeaklyLabeled/S1Weak/India_3614767_S1Weak.tif,https://storage.googleapis.com/sen1floods11/v1.1/data/flood_events/WeaklyLabeled/S1Weak/India_3614767_S1Weak.tif,raw/train/images/3614767.tif,1671486,555466a5a5a806eee4d49a068117fa685204182b4c130cde5fec58e4e3e3506e
train,3614767,label,S1OtsuLabelWeak,v1.1/data/flood_events/WeaklyLabeled/S1OtsuLabelWeak/India_3614767_S1OtsuLabelWeak.tif,https://storage.googleapis.com/sen1floods11/v1.1/data/flood_events/WeaklyLabeled/S1OtsuLabelWeak/India_3614767_S1OtsuLabelWeak.tif,raw/train/labels/3614767.tif,6571,e334f288669729a929a6316b40b5d0077846fb6722bdec87494459e966a97674
train,3665120,image,S1Weak,v1.1/data/flood_events/WeaklyLabeled/S1Weak/India_3665120_S1Weak.tif,https://storage.googleapis.com/sen1floods11/v1.1/data/flood_events/WeaklyLabeled/S1Weak/India_3665120_S1Weak.tif,raw/train/images/3665120.tif,1668739,2b9ab3dc1ac336f179274ad4fce945b23f5a5924f813f62e81cb3579c54027b0
train,3665120,label,S1OtsuLabelWeak,v1.1/data/flood_events/WeaklyLabeled/S1OtsuLabelWeak/India_3665120_S1OtsuLabelWeak.tif,https://storage.googleapis.com/sen1floods11/v1.1/data/flood_events/WeaklyLabeled/S1OtsuLabelWeak/India_3665120_S1OtsuLabelWeak.tif,raw/train/labels/3665120.tif,1099,b863c8a289b7a2349fb9fdb9f6b5474979aab10740b82c87120af13374391eae
train,3690927,image,S1Weak,v1.1/data/flood_events/WeaklyLabeled/S1Weak/India_3690927_S1Weak.tif,https://storage.googleapis.com/sen1floods11/v1.1/data/flood_events/WeaklyLabeled/S1Weak/India_3690927_S1Weak.tif,raw/train/images/3690927.tif,1680286,a55babcc258c942035fd5844de999ca7b57478e29503e6ee882904dce0e67ecd
train,3690927,label,S1OtsuLabelWeak,v1.1/data/flood_events/WeaklyLabeled/S1OtsuLabelWeak/India_3690927_S1OtsuLabelWeak.tif,https://storage.googleapis.com/sen1floods11/v1.1/data/flood_events/WeaklyLabeled/S1OtsuLabelWeak/India_3690927_S1OtsuLabelWeak.tif,raw/train/labels/3690927.tif,2694,f23f327411ff479a23a3c544dd3ab4b9049f5975582c3933237946073a901a53
train,3727555,image,S1Weak,v1.1/data/flood_events/WeaklyLabeled/S1Weak/India_3727555_S1Weak.tif,https://storage.googleapis.com/sen1floods11/v1.1/data/flood_events/WeaklyLabeled/S1Weak/India_3727555_S1Weak.tif,raw/train/images/3727555.tif,1305739,ddcbb76a80dfd94347f55a13f04a3620b4a805d7e67759184877119993b6969d
train,3727555,label,S1OtsuLabelWeak,v1.1/data/flood_events/WeaklyLabeled/S1OtsuLabelWeak/India_3727555_S1OtsuLabelWeak.tif,https://storage.googleapis.com/sen1floods11/v1.1/data/flood_events/WeaklyLabeled/S1OtsuLabelWeak/India_3727555_S1OtsuLabelWeak.tif,raw/train/labels/3727555.tif,5139,2a4ff13e639e60d09d1a53b1de2ef66c3082ad3853074fc68cab3d1fd1d44977
train,3736919,image,S1Weak,v1.1/data/flood_events/WeaklyLabeled/S1Weak/India_3736919_S1Weak.tif,https://storage.googleapis.com/sen1floods11/v1.1/data/flood_events/WeaklyLabeled/S1Weak/India_3736919_S1Weak.tif,raw/train/images/3736919.tif,1664893,eaff3de8d2537790d3fa69f9cf3b078d2027f18d3f7a6b0766a33c6d042efd6f
train,3736919,label,S1OtsuLabelWeak,v1.1/data/flood_events/WeaklyLabeled/S1OtsuLabelWeak/India_3736919_S1OtsuLabelWeak.tif,https://storage.googleapis.com/sen1floods11/v1.1/data/flood_events/WeaklyLabeled/S1OtsuLabelWeak/India_3736919_S1OtsuLabelWeak.tif,raw/train/labels/3736919.tif,3131,a4897914426ba1a09fbe316ffbf13b0df3ccefeeb41a86b25b8ba8ef5d3b14f8
train,3737312,image,S1Weak,v1.1/data/flood_events/WeaklyLabeled/S1Weak/India_3737312_S1Weak.tif,https://storage.googleapis.com/sen1floods11/v1.1/data/flood_events/WeaklyLabeled/S1Weak/India_3737312_S1Weak.tif,raw/train/images/3737312.tif,1664282,e158acbfc085041d8ad1a59b76a1e212ea6af501dfd9652ba0fe60571d26dee8
train,3737312,label,S1OtsuLabelWeak,v1.1/data/flood_events/WeaklyLabeled/S1OtsuLabelWeak/India_3737312_S1OtsuLabelWeak.tif,https://storage.googleapis.com/sen1floods11/v1.1/data/flood_events/WeaklyLabeled/S1OtsuLabelWeak/India_3737312_S1OtsuLabelWeak.tif,raw/train/labels/3737312.tif,1099,966544d2a6972ce77ce287e32297460aff672b55b4f7f15fac1b8ea343490654
train,3738704,image,S1Weak,v1.1/data/flood_events/WeaklyLabeled/S1Weak/India_3738704_S1Weak.tif,https://storage.googleapis.com/sen1floods11/v1.1/data/flood_events/WeaklyLabeled/S1Weak/India_3738704_S1Weak.tif,raw/train/images/3738704.tif,1668674,d2fe8108b8014ea0eeee6230316b0f5e08430be7593b7458e7a6fb278aef26c9
train,3738704,label,S1OtsuLabelWeak,v1.1/data/flood_events/WeaklyLabeled/S1OtsuLabelWeak/India_3738704_S1OtsuLabelWeak.tif,https://storage.googleapis.com/sen1floods11/v1.1/data/flood_events/WeaklyLabeled/S1OtsuLabelWeak/India_3738704_S1OtsuLabelWeak.tif,raw/train/labels/3738704.tif,4646,bab89d092e18d34c5199010784390bbaa463b680e0322177135c4f2be1340829
train,3748827,image,S1Weak,v1.1/data/flood_events/WeaklyLabeled/S1Weak/India_3748827_S1Weak.tif,https://storage.googleapis.com/sen1floods11/v1.1/data/flood_events/WeaklyLabeled/S1Weak/India_3748827_S1Weak.tif,raw/train/images/3748827.tif,1664979,8f7d4e3197bca806e5ac150eb772842e09055a30cb03f98cbf8544c6637938c7
train,3748827,label,S1OtsuLabelWeak,v1.1/data/flood_events/WeaklyLabeled/S1OtsuLabelWeak/India_3748827_S1OtsuLabelWeak.tif,https://storage.googleapis.com/sen1floods11/v1.1/data/flood_events/WeaklyLabeled/S1OtsuLabelWeak/India_3748827_S1OtsuLabelWeak.tif,raw/train/labels/3748827.tif,5346,c50adaf0f4ae11a2a98e276abe260f9be3be3df400343630c9518727d6c678ed
train,3791786,image,S1Weak,v1.1/data/flood_events/WeaklyLabeled/S1Weak/India_3791786_S1Weak.tif,https://storage.googleapis.com/sen1floods11/v1.1/data/flood_events/WeaklyLabeled/S1Weak/India_3791786_S1Weak.tif,raw/train/images/3791786.tif,1664452,4a345e9afc543239259f1d346dbbfdbbbd5817ced6fea3e6ad675a053e502949
train,3791786,label,S1OtsuLabelWeak,v1.1/data/flood_events/WeaklyLabeled/S1OtsuLabelWeak/India_3791786_S1OtsuLabelWeak.tif,https://storage.googleapis.com/sen1floods11/v1.1/data/flood_events/WeaklyLabeled/S1OtsuLabelWeak/India_3791786_S1OtsuLabelWeak.tif,raw/train/labels/3791786.tif,3383,94246d31edfbd9740ebce942c13946d6f2ef15748bdf25f55af95794fcbb1e6c
train,3793080,image,S1Weak,v1.1/data/flood_events/WeaklyLabeled/S1Weak/India_3793080_S1Weak.tif,https://storage.googleapis.com/sen1floods11/v1.1/data/flood_events/WeaklyLabeled/S1Weak/India_3793080_S1Weak.tif,raw/train/images/3793080.tif,1667343,469bef5c3b8545bbd11ce64c90cd07e4854bdeb51e2beec67097778709de5f61
train,3793080,label,S1OtsuLabelWeak,v1.1/data/flood_events/WeaklyLabeled/S1OtsuLabelWeak/India_3793080_S1OtsuLabelWeak.tif,https://storage.googleapis.com/sen1floods11/v1.1/data/flood_events/WeaklyLabeled/S1OtsuLabelWeak/India_3793080_S1OtsuLabelWeak.tif,raw/train/labels/3793080.tif,9858,843f330be2f52eb3425c4fb51779ee5f782e464f2348789784de27520a48716f
train,3844126,image,S1Weak,v1.1/data/flood_events/WeaklyLabeled/S1Weak/India_3844126_S1Weak.tif,https://storage.googleapis.com/sen1floods11/v1.1/data/flood_events/WeaklyLabeled/S1Weak/India_3844126_S1Weak.tif,raw/train/images/3844126.tif,1655484,fda71f27960e06a927689e8ed857a73403a46585ee8f67836a9a661d7070a8a0
train,3844126,label,S1OtsuLabelWeak,v1.1/data/flood_events/WeaklyLabeled/S1OtsuLabelWeak/India_3844126_S1OtsuLabelWeak.tif,https://storage.googleapis.com/sen1floods11/v1.1/data/flood_events/WeaklyLabeled/S1OtsuLabelWeak/India_3844126_S1OtsuLabelWeak.tif,raw/train/labels/3844126.tif,2515,b745e0ad93c99938d254d36f23b9c3a447d3f8ad99908e57feca9436307015b8
train,3854692,image,S1Weak,v1.1/data/flood_events/WeaklyLabeled/S1Weak/India_3854692_S1Weak.tif,https://storage.googleapis.com/sen1floods11/v1.1/data/flood_events/WeaklyLabeled/S1Weak/India_3854692_S1Weak.tif,raw/train/images/3854692.tif,1655846,f389b2a0404c71cf9a07122dedba25bfe3411a49c9140642e83233a383e96a80
train,3854692,label,S1OtsuLabelWeak,v1.1/data/flood_events/WeaklyLabeled/S1OtsuLabelWeak/India_3854692_S1OtsuLabelWeak.tif,https://storage.googleapis.com/sen1floods11/v1.1/data/flood_events/WeaklyLabeled/S1OtsuLabelWeak/India_3854692_S1OtsuLabelWeak.tif,raw/train/labels/3854692.tif,1928,f602ae4c25cc6a56775292bf2a511bd557c7685ffbc9c1ea7e81547075f66578
train,3871507,image,S1Weak,v1.1/data/flood_events/WeaklyLabeled/S1Weak/India_3871507_S1Weak.tif,https://storage.googleapis.com/sen1floods11/v1.1/data/flood_events/WeaklyLabeled/S1Weak/India_3871507_S1Weak.tif,raw/train/images/3871507.tif,1678872,0b67949c72300ee943ed1c07cc5a9e1ef699c34dbaadca627fd882eaff4f6af0
train,3871507,label,S1OtsuLabelWeak,v1.1/data/flood_events/WeaklyLabeled/S1OtsuLabelWeak/India_3871507_S1OtsuLabelWeak.tif,https://storage.googleapis.com/sen1floods11/v1.1/data/flood_events/WeaklyLabeled/S1OtsuLabelWeak/India_3871507_S1OtsuLabelWeak.tif,raw/train/labels/3871507.tif,1129,2ea99519e81244d08e455402b55e8d44b4bcd06e3e0f79fe1f0e7f53c9374315
train,3893506,image,S1Weak,v1.1/data/flood_events/WeaklyLabeled/S1Weak/India_3893506_S1Weak.tif,https://storage.googleapis.com/sen1floods11/v1.1/data/flood_events/WeaklyLabeled/S1Weak/India_3893506_S1Weak.tif,raw/train/images/3893506.tif,1670968,4378771601975025b7cbb46ebbab1324c5ebde151c1b46d921aea01f5e0e50f1
train,3893506,label,S1OtsuLabelWeak,v1.1/data/flood_events/WeaklyLabeled/S1OtsuLabelWeak/India_3893506_S1OtsuLabelWeak.tif,https://storage.googleapis.com/sen1floods11/v1.1/data/flood_events/WeaklyLabeled/S1OtsuLabelWeak/India_3893506_S1OtsuLabelWeak.tif,raw/train/labels/3893506.tif,1539,12f416d646635a080ef802d5fd3dd0c7405751eb486f6dc5801b4cdc99707577
train,3957661,image,S1Weak,v1.1/data/flood_events/WeaklyLabeled/S1Weak/India_3957661_S1Weak.tif,https://storage.googleapis.com/sen1floods11/v1.1/data/flood_events/WeaklyLabeled/S1Weak/India_3957661_S1Weak.tif,raw/train/images/3957661.tif,1690463,aabfb45e159d75185c3b1d33e7e3f0e22ee2ea9fcb41c852c618f1cb8136f5a4
train,3957661,label,S1OtsuLabelWeak,v1.1/data/flood_events/WeaklyLabeled/S1OtsuLabelWeak/India_3957661_S1OtsuLabelWeak.tif,https://storage.googleapis.com/sen1floods11/v1.1/data/flood_events/WeaklyLabeled/S1OtsuLabelWeak/India_3957661_S1OtsuLabelWeak.tif,raw/train/labels/3957661.tif,1151,b744097c42f0ba3a7e7a402524cfb9d5fa91340db8e48b9ef19b6b3746afbbe8
train,3961556,image,S1Weak,v1.1/data/flood_events/WeaklyLabeled/S1Weak/India_3961556_S1Weak.tif,https://storage.googleapis.com/sen1floods11/v1.1/data/flood_events/WeaklyLabeled/S1Weak/India_3961556_S1Weak.tif,raw/train/images/3961556.tif,1663808,4c72746884d6ebd2dee7481be91b5bc93d41e5563cd3a218bd3083e78e32f2f3
train,3961556,label,S1OtsuLabelWeak,v1.1/data/flood_events/WeaklyLabeled/S1OtsuLabelWeak/India_3961556_S1OtsuLabelWeak.tif,https://storage.googleapis.com/sen1floods11/v1.1/data/flood_events/WeaklyLabeled/S1OtsuLabelWeak/India_3961556_S1OtsuLabelWeak.tif,raw/train/labels/3961556.tif,5628,b4298a94277598ff4a3d956905963a1ff1f5038ca81117554cf6e1be99841ff9
train,3967534,image,S1Weak,v1.1/data/flood_events/WeaklyLabeled/S1Weak/India_3967534_S1Weak.tif,https://storage.googleapis.com/sen1floods11/v1.1/data/flood_events/WeaklyLabeled/S1Weak/India_3967534_S1Weak.tif,raw/train/images/3967534.tif,1666744,be83a43da3d7f0c539e187b5c426b0c8a8c7bea98ecbf6721f7264ee3468b378
train,3967534,label,S1OtsuLabelWeak,v1.1/data/flood_events/WeaklyLabeled/S1OtsuLabelWeak/India_3967534_S1OtsuLabelWeak.tif,https://storage.googleapis.com/sen1floods11/v1.1/data/flood_events/WeaklyLabeled/S1OtsuLabelWeak/India_3967534_S1OtsuLabelWeak.tif,raw/train/labels/3967534.tif,1868,4a7ce4b3d4bd598fc9290f581f0bb5ab3559941c8fb0fa6b7b7bec0d11a689ad
train,4001492,image,S1Weak,v1.1/data/flood_events/WeaklyLabeled/S1Weak/India_4001492_S1Weak.tif,https://storage.googleapis.com/sen1floods11/v1.1/data/flood_events/WeaklyLabeled/S1Weak/India_4001492_S1Weak.tif,raw/train/images/4001492.tif,1673678,2aefab4385cea880ddf5a0236e649dfcce3f34392b1de7f3489cf7d0a5d10bd1
train,4001492,label,S1OtsuLabelWeak,v1.1/data/flood_events/WeaklyLabeled/S1OtsuLabelWeak/India_4001492_S1OtsuLabelWeak.tif,https://storage.googleapis.com/sen1floods11/v1.1/data/flood_events/WeaklyLabeled/S1OtsuLabelWeak/India_4001492_S1OtsuLabelWeak.tif,raw/train/labels/4001492.tif,1099,00464d35347c2d2fe26f4f6c8ee2eaede662041bdb1e190ed677d1f55eccddf1
train,4012838,image,S1Weak,v1.1/data/flood_events/WeaklyLabeled/S1Weak/India_4012838_S1Weak.tif,https://storage.googleapis.com/sen1floods11/v1.1/data/flood_events/WeaklyLabeled/S1Weak/India_4012838_S1Weak.tif,raw/train/images/4012838.tif,1668600,9704d4cca6592e0131ca44f9cb3882c808c2c8991a4f01964a9344dfa8340177
train,4012838,label,S1OtsuLabelWeak,v1.1/data/flood_events/WeaklyLabeled/S1OtsuLabelWeak/India_4012838_S1OtsuLabelWeak.tif,https://storage.googleapis.com/sen1floods11/v1.1/data/flood_events/WeaklyLabeled/S1OtsuLabelWeak/India_4012838_S1OtsuLabelWeak.tif,raw/train/labels/4012838.tif,5036,a5600f51826b9e74da168ba921d184de1c3e3eab5e6147540245c151d8328500
train,404475,image,S1Weak,v1.1/data/flood_events/WeaklyLabeled/S1Weak/India_404475_S1Weak.tif,https://storage.googleapis.com/sen1floods11/v1.1/data/flood_events/WeaklyLabeled/S1Weak/India_404475_S1Weak.tif,raw/train/images/404475.tif,1667393,224a352cafcc97229c4777eeeb36c3c0d23ffd88d6351742175a7afd0c69a4fc
train,404475,label,S1OtsuLabelWeak,v1.1/data/flood_events/WeaklyLabeled/S1OtsuLabelWeak/India_404475_S1OtsuLabelWeak.tif,https://storage.googleapis.com/sen1floods11/v1.1/data/flood_events/WeaklyLabeled/S1OtsuLabelWeak/India_404475_S1OtsuLabelWeak.tif,raw/train/labels/404475.tif,1171,53daa6a93fe6bcdc44326a2dd139c7901c808ae741841a6ccc151b6c633a1e65
train,4046826,image,S1Weak,v1.1/data/flood_events/WeaklyLabeled/S1Weak/India_4046826_S1Weak.tif,https://storage.googleapis.com/sen1floods11/v1.1/data/flood_events/WeaklyLabeled/S1Weak/India_4046826_S1Weak.tif,raw/train/images/4046826.tif,853755,09f55071141303f0587235122bca0e26bf6370204c6f0780b4e745109ecbc02f
train,4046826,label,S1OtsuLabelWeak,v1.1/data/flood_events/WeaklyLabeled/S1OtsuLabelWeak/India_4046826_S1OtsuLabelWeak.tif,https://storage.googleapis.com/sen1floods11/v1.1/data/flood_events/WeaklyLabeled/S1OtsuLabelWeak/India_4046826_S1OtsuLabelWeak.tif,raw/train/labels/4046826.tif,3498,ac7a5eb8cd4a1739d0033b3da226cd2d6f5853bb0b6ff94ea2b18c92a61e3257
train,4063559,image,S1Weak,v1.1/data/flood_events/WeaklyLabeled/S1Weak/India_4063559_S1Weak.tif,https://storage.googleapis.com/sen1floods11/v1.1/data/flood_events/WeaklyLabeled/S1Weak/India_4063559_S1Weak.tif,raw/train/images/4063559.tif,1655545,e0c300718aa7e51aaea1a82518935529523f8928288f7f5e7b541337822e6509
train,4063559,label,S1OtsuLabelWeak,v1.1/data/flood_events/WeaklyLabeled/S1OtsuLabelWeak/India_4063559_S1OtsuLabelWeak.tif,https://storage.googleapis.com/sen1floods11/v1.1/data/flood_events/WeaklyLabeled/S1OtsuLabelWeak/India_4063559_S1OtsuLabelWeak.tif,raw/train/labels/4063559.tif,1202,76ede17fb2ec73a075f155838834b3f30cf9efb1b51846b549cc4a9e2706bee1
train,4144549,image,S1Weak,v1.1/data/flood_events/WeaklyLabeled/S1Weak/India_4144549_S1Weak.tif,https://storage.googleapis.com/sen1floods11/v1.1/data/flood_events/WeaklyLabeled/S1Weak/India_4144549_S1Weak.tif,raw/train/images/4144549.tif,1659504,d1277dbfd9019a4067170a8b384882471bee90cc3780e49fd6dc1027fdf419ac
train,4144549,label,S1OtsuLabelWeak,v1.1/data/flood_events/WeaklyLabeled/S1OtsuLabelWeak/India_4144549_S1OtsuLabelWeak.tif,https://storage.googleapis.com/sen1floods11/v1.1/data/flood_events/WeaklyLabeled/S1OtsuLabelWeak/India_4144549_S1OtsuLabelWeak.tif,raw/train/labels/4144549.tif,4401,3dbce4d9baf9a2a47f79563946122b0f80050ac842725615f33c1f0ccc3dcff7
train,4181731,image,S1Weak,v1.1/data/flood_events/WeaklyLabeled/S1Weak/India_4181731_S1Weak.tif,https://storage.googleapis.com/sen1floods11/v1.1/data/flood_events/WeaklyLabeled/S1Weak/India_4181731_S1Weak.tif,raw/train/images/4181731.tif,1686307,97341c12b6272f9dc7c39a7c2344012b118a5ef3cc1ef140ba6508781706821c
train,4181731,label,S1OtsuLabelWeak,v1.1/data/flood_events/WeaklyLabeled/S1OtsuLabelWeak/India_4181731_S1OtsuLabelWeak.tif,https://storage.googleapis.com/sen1floods11/v1.1/data/flood_events/WeaklyLabeled/S1OtsuLabelWeak/India_4181731_S1OtsuLabelWeak.tif,raw/train/labels/4181731.tif,1139,d0bf7318a7b36e536618441dda489269e9adb76ee39c95f2b52fba1ed6c154e0
train,423700,image,S1Weak,v1.1/data/flood_events/WeaklyLabeled/S1Weak/India_423700_S1Weak.tif,https://storage.googleapis.com/sen1floods11/v1.1/data/flood_events/WeaklyLabeled/S1Weak/India_423700_S1Weak.tif,raw/train/images/423700.tif,1660294,dd896d6a12c15745bc824296813799b35e05de9b69c35771c08f60b410e28be1
train,423700,label,S1OtsuLabelWeak,v1.1/data/flood_events/WeaklyLabeled/S1OtsuLabelWeak/India_423700_S1OtsuLabelWeak.tif,https://storage.googleapis.com/sen1floods11/v1.1/data/flood_events/WeaklyLabeled/S1OtsuLabelWeak/India_423700_S1OtsuLabelWeak.tif,raw/train/labels/423700.tif,1663,c3e1ebdcbae9b9dc0b68d0ef8c56c20bc12043f6d73d7671ac12c7dcd317d56f
train,4256340,image,S1Weak,v1.1/data/flood_events/WeaklyLabeled/S1Weak/India_4256340_S1Weak.tif,https://storage.googleapis.com/sen1floods11/v1.1/data/flood_events/WeaklyLabeled/S1Weak/India_4256340_S1Weak.tif,raw/train/images/4256340.tif,1349209,c97f38a802f87c29665241efc8b7afd7684fe2bc9f0cf5bb789a92258ce922af
train,4256340,label,S1OtsuLabelWeak,v1.1/data/flood_events/WeaklyLabeled/S1OtsuLabelWeak/India_4256340_S1OtsuLabelWeak.tif,https://storage.googleapis.com/sen1floods11/v1.1/data/flood_events/WeaklyLabeled/S1OtsuLabelWeak/India_4256340_S1OtsuLabelWeak.tif,raw/train/labels/4256340.tif,4490,5f9833bc459eb0d0b7ce9ebba698266f8c99e33996f2d7dd3988d2cc13059a4c
train,4269254,image,S1Weak,v1.1/data/flood_events/WeaklyLabeled/S1Weak/India_4269254_S1Weak.tif,https://storage.googleapis.com/sen1floods11/v1.1/data/flood_events/WeaklyLabeled/S1Weak/India_4269254_S1Weak.tif,raw/train/images/4269254.tif,1667264,20dd01e4bd7e07da63015f8b5f2e16a8f00e86e976ef5eddc51713f31568d6a4
train,4269254,label,S1OtsuLabelWeak,v1.1/data/flood_events/WeaklyLabeled/S1OtsuLabelWeak/India_4269254_S1OtsuLabelWeak.tif,https://storage.googleapis.com/sen1floods11/v1.1/data/flood_events/WeaklyLabeled/S1OtsuLabelWeak/India_4269254_S1OtsuLabelWeak.tif,raw/train/labels/4269254.tif,8256,ee827891c77164767b6ca2aa0ad5b766a6a13c5d922abe1473d702933117534f
train,4288927,image,S1Weak,v1.1/data/flood_events/WeaklyLabeled/S1Weak/India_4288927_S1Weak.tif,https://storage.googleapis.com/sen1floods11/v1.1/data/flood_events/WeaklyLabeled/S1Weak/India_4288927_S1Weak.tif,raw/train/images/4288927.tif,1651578,b090a0d661fedcd8532146abe0c50a74561b24a9558ddce8f5e073d6ae98bb0f
train,4288927,label,S1OtsuLabelWeak,v1.1/data/flood_events/WeaklyLabeled/S1OtsuLabelWeak/India_4288927_S1OtsuLabelWeak.tif,https://storage.googleapis.com/sen1floods11/v1.1/data/flood_events/WeaklyLabeled/S1OtsuLabelWeak/India_4288927_S1OtsuLabelWeak.tif,raw/train/labels/4288927.tif,1829,5621cd1abeef821aa44622d4c0a85d8dc0f7e912a6a3949a1ee6dcd7829aef97
train,4313142,image,S1Weak,v1.1/data/flood_events/WeaklyLabeled/S1Weak/India_4313142_S1Weak.tif,https://storage.googleapis.com/sen1floods11/v1.1/data/flood_events/WeaklyLabeled/S1Weak/India_4313142_S1Weak.tif,raw/train/images/4313142.tif,1691456,bb9f7055b4ea60b699a2ba2e6ce5d8f0df624237e34696fd98b56f77c3879cb4
train,4313142,label,S1OtsuLabelWeak,v1.1/data/flood_events/WeaklyLabeled/S1OtsuLabelWeak/India_4313142_S1OtsuLabelWeak.tif,https://storage.googleapis.com/sen1floods11/v1.1/data/flood_events/WeaklyLabeled/S1OtsuLabelWeak/India_4313142_S1OtsuLabelWeak.tif,raw/train/labels/4313142.tif,1169,87894a24e54bcfdadfd454c1b40d18122bc46d741136a50f0d33b9f077ee2a62
train,4357774,image,S1Weak,v1.1/data/flood_events/WeaklyLabeled/S1Weak/India_4357774_S1Weak.tif,https://storage.googleapis.com/sen1floods11/v1.1/data/flood_events/WeaklyLabeled/S1Weak/India_4357774_S1Weak.tif,raw/train/images/4357774.tif,1679432,5ee07a42b52255ea4498e829ad3281384bfabccdf96f0f6f46fc587e88fdf234
train,4357774,label,S1OtsuLabelWeak,v1.1/data/flood_events/WeaklyLabeled/S1OtsuLabelWeak/India_4357774_S1OtsuLabelWeak.tif,https://storage.googleapis.com/sen1floods11/v1.1/data/flood_events/WeaklyLabeled/S1OtsuLabelWeak/India_4357774_S1OtsuLabelWeak.tif,raw/train/labels/4357774.tif,2647,58a2a6b880752e933b1a7ae191c8edcfc7de184b6be5dd5eb6a9b89eba50f3a7
train,4371664,image,S1Weak,v1.1/data/flood_events/WeaklyLabeled/S1Weak/India_4371664_S1Weak.tif,https://storage.googleapis.com/sen1floods11/v1.1/data/flood_events/WeaklyLabeled/S1Weak/India_4371664_S1Weak.tif,raw/train/images/4371664.tif,1669007,d3d93a1a778482c1e3b49aa7ad86358b36e7fe574fe0d052016b3e34704dfe1c
train,4371664,label,S1OtsuLabelWeak,v1.1/data/flood_events/WeaklyLabeled/S1OtsuLabelWeak/India_4371664_S1OtsuLabelWeak.tif,https://storage.googleapis.com/sen1floods11/v1.1/data/flood_events/WeaklyLabeled/S1OtsuLabelWeak/India_4371664_S1OtsuLabelWeak.tif,raw/train/labels/4371664.tif,1159,c28600aeaec405f438226f8b852ce31a7641858441238a1728f6c5aaf3b2b321
train,4377387,image,S1Weak,v1.1/data/flood_events/WeaklyLabeled/S1Weak/India_4377387_S1Weak.tif,https://storage.googleapis.com/sen1floods11/v1.1/data/flood_events/WeaklyLabeled/S1Weak/India_4377387_S1Weak.tif,raw/train/images/4377387.tif,1675095,183f7fc95c18182780bdd836ade7c15148fc3080794c6d1c2eeae6e18dc5f1a8
train,4377387,label,S1OtsuLabelWeak,v1.1/data/flood_events/WeaklyLabeled/S1OtsuLabelWeak/India_4377387_S1OtsuLabelWeak.tif,https://storage.googleapis.com/sen1floods11/v1.1/data/flood_events/WeaklyLabeled/S1OtsuLabelWeak/India_4377387_S1OtsuLabelWeak.tif,raw/train/labels/4377387.tif,1480,19cc5e714ccdb00923cf8fed75fc00beecd5345eec547252f2214a9681081593
train,4385176,image,S1Weak,v1.1/data/flood_events/WeaklyLabeled/S1Weak/India_4385176_S1Weak.tif,https://storage.googleapis.com/sen1floods11/v1.1/data/flood_events/WeaklyLabeled/S1Weak/India_4385176_S1Weak.tif,raw/train/images/4385176.tif,1657703,b9fe7dfceadd7c457ef2a8d9a4e84bac1d0b09680612d24e536b6ac749d32d9c
train,4385176,label,S1OtsuLabelWeak,v1.1/data/flood_events/WeaklyLabeled/S1OtsuLabelWeak/India_4385176_S1OtsuLabelWeak.tif,https://storage.googleapis.com/sen1floods11/v1.1/data/flood_events/WeaklyLabeled/S1OtsuLabelWeak/India_4385176_S1OtsuLabelWeak.tif,raw/train/labels/4385176.tif,2731,b12ba000dc496fa57dc6d17e88092c2a73b047a71ea187f2c3f176d6bacd7197
train,4389623,image,S1Weak,v1.1/data/flood_events/WeaklyLabeled/S1Weak/India_4389623_S1Weak.tif,https://storage.googleapis.com/sen1floods11/v1.1/data/flood_events/WeaklyLabeled/S1Weak/India_4389623_S1Weak.tif,raw/train/images/4389623.tif,1674134,ee9d8ec503d9887ba975d214b3c01b8be9e243bc49f1244fdb4cd90e63700057
train,4389623,label,S1OtsuLabelWeak,v1.1/data/flood_events/WeaklyLabeled/S1OtsuLabelWeak/India_4389623_S1OtsuLabelWeak.tif,https://storage.googleapis.com/sen1floods11/v1.1/data/flood_events/WeaklyLabeled/S1OtsuLabelWeak/India_4389623_S1OtsuLabelWeak.tif,raw/train/labels/4389623.tif,1343,c8bf7813cbad818f2e7d17dd930041918b2e0940c0fdadd56ce4c884516014ce
train,442154,image,S1Weak,v1.1/data/flood_events/WeaklyLabeled/S1Weak/India_442154_S1Weak.tif,https://storage.googleapis.com/sen1floods11/v1.1/data/flood_events/WeaklyLabeled/S1Weak/India_442154_S1Weak.tif,raw/train/images/442154.tif,1667067,0063e27bf4f4bb69d476e3ab055e6c8bc94ebd330227add2d091c479cba27684
train,442154,label,S1OtsuLabelWeak,v1.1/data/flood_events/WeaklyLabeled/S1OtsuLabelWeak/India_442154_S1OtsuLabelWeak.tif,https://storage.googleapis.com/sen1floods11/v1.1/data/flood_events/WeaklyLabeled/S1OtsuLabelWeak/India_442154_S1OtsuLabelWeak.tif,raw/train/labels/442154.tif,9084,c5ae2be8e8e7efb8581811251bdba9de7ff95a440e659ac7b7e4c7a92e6c038c
train,4438208,image,S1Weak,v1.1/data/flood_events/WeaklyLabeled/S1Weak/India_4438208_S1Weak.tif,https://storage.googleapis.com/sen1floods11/v1.1/data/flood_events/WeaklyLabeled/S1Weak/India_4438208_S1Weak.tif,raw/train/images/4438208.tif,1198768,74c2bc454ea4ccdac0aedcd3bee81e23732978142b0c22441c8e8eb278f7edfd
train,4438208,label,S1OtsuLabelWeak,v1.1/data/flood_events/WeaklyLabeled/S1OtsuLabelWeak/India_4438208_S1OtsuLabelWeak.tif,https://storage.googleapis.com/sen1floods11/v1.1/data/flood_events/WeaklyLabeled/S1OtsuLabelWeak/India_4438208_S1OtsuLabelWeak.tif,raw/train/labels/4438208.tif,4079,d2b7850e6144b0a234c6202100e79d1a9514ecc457c147de1e334206a1127ffc
train,4445237,image,S1Weak,v1.1/data/flood_events/WeaklyLabeled/S1Weak/India_4445237_S1Weak.tif,https://storage.googleapis.com/sen1floods11/v1.1/data/flood_events/WeaklyLabeled/S1Weak/India_4445237_S1Weak.tif,raw/train/images/4445237.tif,1695286,9c765b2eb09835d20a0f58e1d9acb851cc432db8fcf8c76c007da715036c0e91
train,4445237,label,S1OtsuLabelWeak,v1.1/data/flood_events/WeaklyLabeled/S1OtsuLabelWeak/India_4445237_S1OtsuLabelWeak.tif,https://storage.googleapis.com/sen1floods11/v1.1/data/flood_events/WeaklyLabeled/S1OtsuLabelWeak/India_4445237_S1OtsuLabelWeak.tif,raw/train/labels/4445237.tif,1840,59558ed1fa61b3e7e8503824e63063ffcde3ccf35d21f8d178c6bb95399fe113
train,4445676,image,S1Weak,v1.1/data/flood_events/WeaklyLabeled/S1Weak/India_4445676_S1Weak.tif,https://storage.googleapis.com/sen1floods11/v1.1/data/flood_events/WeaklyLabeled/S1Weak/India_4445676_S1Weak.tif,raw/train/images/4445676.tif,1667333,36878ee1f64aeba8b11bec43c2817e76fd01e54feb339d78c05776e3037190cc
train,4445676,label,S1OtsuLabelWeak,v1.1/data/flood_events/WeaklyLabeled/S1OtsuLabelWeak/India_4445676_S1OtsuLabelWeak.tif,https://storage.googleapis.com/sen1floods11/v1.1/data/flood_events/WeaklyLabeled/S1OtsuLabelWeak/India_4445676_S1OtsuLabelWeak.tif,raw/train/labels/4445676.tif,1167,24fc3436116f75680bea8f7696701b030208b69f9cf9f07e942afe5e722fe3a6
train,4463118,image,S1Weak,v1.1/data/flood_events/WeaklyLabeled/S1Weak/India_4463118_S1Weak.tif,https://storage.googleapis.com/sen1floods11/v1.1/data/flood_events/WeaklyLabeled/S1Weak/India_4463118_S1Weak.tif,raw/train/images/4463118.tif,1669072,0dc88325d26eaeb5c41b6b51001ee1ea27ca05dc2d8cfc65bf99fbffee0fc3c8
train,4463118,label,S1OtsuLabelWeak,v1.1/data/flood_events/WeaklyLabeled/S1OtsuLabelWeak/India_4463118_S1OtsuLabelWeak.tif,https://storage.googleapis.com/sen1floods11/v1.1/data/flood_events/WeaklyLabeled/S1OtsuLabelWeak/India_4463118_S1OtsuLabelWeak.tif,raw/train/labels/4463118.tif,2594,af0f1a99ffaa4400b148b6f9cc5f6864797978f782658b75ab802215d9659f05
train,4494853,image,S1Weak,v1.1/data/flood_events/WeaklyLabeled/S1Weak/India_4494853_S1Weak.tif,https://storage.googleapis.com/sen1floods11/v1.1/data/flood_events/WeaklyLabeled/S1Weak/India_4494853_S1Weak.tif,raw/train/images/4494853.tif,1676490,f84c7e8ea2da90a84f0ff4045ddade4723067a8fe974f1f4f5a16682adf66b32
train,4494853,label,S1OtsuLabelWeak,v1.1/data/flood_events/WeaklyLabeled/S1OtsuLabelWeak/India_4494853_S1OtsuLabelWeak.tif,https://storage.googleapis.com/sen1floods11/v1.1/data/flood_events/WeaklyLabeled/S1OtsuLabelWeak/India_4494853_S1OtsuLabelWeak.tif,raw/train/labels/4494853.tif,1271,2635195f36d4e8c0fee683098ed910fa1e0c077145c2bbf7b49b3ed85f28ab67
train,4496828,image,S1Weak,v1.1/data/flood_events/WeaklyLabeled/S1Weak/India_4496828_S1Weak.tif,https://storage.googleapis.com/sen1floods11/v1.1/data/flood_events/WeaklyLabeled/S1Weak/India_4496828_S1Weak.tif,raw/train/images/4496828.tif,1658760,d987a782d248355a15c13af3febfc1d3810e185ce745d8c941e807b2d083c670
train,4496828,label,S1OtsuLabelWeak,v1.1/data/flood_events/WeaklyLabeled/S1OtsuLabelWeak/India_4496828_S1OtsuLabelWeak.tif,https://storage.googleapis.com/sen1floods11/v1.1/data/flood_events/WeaklyLabeled/S1OtsuLabelWeak/India_4496828_S1OtsuLabelWeak.tif,raw/train/labels/4496828.tif,1341,2b3aea36b9358a586634477634f8d9f02c1bd12966a7fc4831ea9573867e25af
train,4508637,image,S1Weak,v1.1/data/flood_events/WeaklyLabeled/S1Weak/India_4508637_S1Weak.tif,https://storage.googleapis.com/sen1floods11/v1.1/data/flood_events/WeaklyLabeled/S1Weak/India_4508637_S1Weak.tif,raw/train/images/4508637.tif,1666803,c1ffc2c1816ad283ffb10aaf69a82958b6c3fc70aa333c5cba6085504717b04a
train,4508637,label,S1OtsuLabelWeak,v1.1/data/flood_events/WeaklyLabeled/S1OtsuLabelWeak/India_4508637_S1OtsuLabelWeak.tif,https://storage.googleapis.com/sen1floods11/v1.1/data/flood_events/WeaklyLabeled/S1OtsuLabelWeak/India_4508637_S1OtsuLabelWeak.tif,raw/train/labels/4508637.tif,2412,4984116e6635d6f101921e86697fea36159288540407b102fdd19bed92694df7
train,4510108,image,S1Weak,v1.1/data/flood_events/WeaklyLabeled/S1Weak/India_4510108_S1Weak.tif,https://storage.googleapis.com/sen1floods11/v1.1/data/flood_events/WeaklyLabeled/S1Weak/India_4510108_S1Weak.tif,raw/train/images/4510108.tif,1662424,62f5e56f4b818c0e9f44c47a9549ffe5b14770ad5a833e33f36b308581d9f6a8
train,4510108,label,S1OtsuLabelWeak,v1.1/data/flood_events/WeaklyLabeled/S1OtsuLabelWeak/India_4510108_S1OtsuLabelWeak.tif,https://storage.googleapis.com/sen1floods11/v1.1/data/flood_events/WeaklyLabeled/S1OtsuLabelWeak/India_4510108_S1OtsuLabelWeak.tif,raw/train/labels/4510108.tif,5447,6a303b97fd6ea116f0a6fd2b595ba8d4d6fc2d2705782e8d147d248fe09a42ae
train,4510486,image,S1Weak,v1.1/data/flood_events/WeaklyLabeled/S1Weak/India_4510486_S1Weak.tif,https://storage.googleapis.com/sen1floods11/v1.1/data/flood_events/WeaklyLabeled/S1Weak/India_4510486_S1Weak.tif,raw/train/images/4510486.tif,1664008,56e6e01cd25e93855ef211cca6e9a163fec0979c98f63dfe5119b4fb79652081
train,4510486,label,S1OtsuLabelWeak,v1.1/data/flood_events/WeaklyLabeled/S1OtsuLabelWeak/India_4510486_S1OtsuLabelWeak.tif,https://storage.googleapis.com/sen1floods11/v1.1/data/flood_events/WeaklyLabeled/S1OtsuLabelWeak/India_4510486_S1OtsuLabelWeak.tif,raw/train/labels/4510486.tif,5059,25e4d74ddd01fb46a6f5a433b4b73d5aaa70cd90ae8a292ac1261e1d34ea46cf
train,4521570,image,S1Weak,v1.1/data/flood_events/WeaklyLabeled/S1Weak/India_4521570_S1Weak.tif,https://storage.googleapis.com/sen1floods11/v1.1/data/flood_events/WeaklyLabeled/S1Weak/India_4521570_S1Weak.tif,raw/train/images/4521570.tif,1669489,3b4f0bb80e5c853251ad11bddea005cfd3d5dd341f65b85f936dd65b3f298472
train,4521570,label,S1OtsuLabelWeak,v1.1/data/flood_events/WeaklyLabeled/S1OtsuLabelWeak/India_4521570_S1OtsuLabelWeak.tif,https://storage.googleapis.com/sen1floods11/v1.1/data/flood_events/WeaklyLabeled/S1OtsuLabelWeak/India_4521570_S1OtsuLabelWeak.tif,raw/train/labels/4521570.tif,6408,c597afdb0f55c294b12d32b6b6642b86673a244f6861dbf94fe5b3d82968005d
train,4529947,image,S1Weak,v1.1/data/flood_events/WeaklyLabeled/S1Weak/India_4529947_S1Weak.tif,https://storage.googleapis.com/sen1floods11/v1.1/data/flood_events/WeaklyLabeled/S1Weak/India_4529947_S1Weak.tif,raw/train/images/4529947.tif,1676825,3faab7fe2343061bd58f6c149ad3085a0864bba1cbf1b186f3caed2bfadbb726
train,4529947,label,S1OtsuLabelWeak,v1.1/data/flood_events/WeaklyLabeled/S1OtsuLabelWeak/India_4529947_S1OtsuLabelWeak.tif,https://storage.googleapis.com/sen1floods11/v1.1/data/flood_events/WeaklyLabeled/S1OtsuLabelWeak/India_4529947_S1OtsuLabelWeak.tif,raw/train/labels/4529947.tif,1099,605e5ef2c417d0a7b8548b91101ef0cdc3ae38f13c47d81a7d097c0a60c01599
train,4546650,image,S1Weak,v1.1/data/flood_events/WeaklyLabeled/S1Weak/India_4546650_S1Weak.tif,https://storage.googleapis.com/sen1floods11/v1.1/data/flood_events/WeaklyLabeled/S1Weak/India_4546650_S1Weak.tif,raw/train/images/4546650.tif,1667931,5e00d9509f3f855daa670891b38b7a0684516191cee815ebc8055b51da05cf44
train,4546650,label,S1OtsuLabelWeak,v1.1/data/flood_events/WeaklyLabeled/S1OtsuLabelWeak/India_4546650_S1OtsuLabelWeak.tif,https://storage.googleapis.com/sen1floods11/v1.1/data/flood_events/WeaklyLabeled/S1OtsuLabelWeak/India_4546650_S1OtsuLabelWeak.tif,raw/train/labels/4546650.tif,6491,ea5ee9349166e0aa3701b2ffe91c43d3f6dff5807be719ce630a4323c899e019
train,4585011,image,S1Weak,v1.1/data/flood_events/WeaklyLabeled/S1Weak/India_4585011_S1Weak.tif,https://storage.googleapis.com/sen1floods11/v1.1/data/flood_events/WeaklyLabeled/S1Weak/India_4585011_S1Weak.tif,raw/train/images/4585011.tif,1683144,dac756e9015d95f52090d165fae4c3b2fbd2a8447744ee0bd21737e18cec5db8
train,4585011,label,S1OtsuLabelWeak,v1.1/data/flood_events/WeaklyLabeled/S1OtsuLabelWeak/India_4585011_S1OtsuLabelWeak.tif,https://storage.googleapis.com/sen1floods11/v1.1/data/flood_events/WeaklyLabeled/S1OtsuLabelWeak/India_4585011_S1OtsuLabelWeak.tif,raw/train/labels/4585011.tif,2359,4f33466bee905155ba497a33bba3a0fc419f2932ea3107f783140412d239a376
train,4588084,image,S1Weak,v1.1/data/flood_events/WeaklyLabeled/S1Weak/India_4588084_S1Weak.tif,https://storage.googleapis.com/sen1floods11/v1.1/data/flood_events/WeaklyLabeled/S1Weak/India_4588084_S1Weak.tif,raw/train/images/4588084.tif,1657299,517d3a1d7c7a337f2078b350b71f2faae617a1aed5d0713077ebbd73b5a971ae
train,4588084,label,S1OtsuLabelWeak,v1.1/data/flood_events/WeaklyLabeled/S1OtsuLabelWeak/India_4588084_S1OtsuLabelWeak.tif,https://storage.googleapis.com/sen1floods11/v1.1/data/flood_events/WeaklyLabeled/S1OtsuLabelWeak/India_4588084_S1OtsuLabelWeak.tif,raw/train/labels/4588084.tif,4356,8ec1e0019dcf78c9fd1d3ed38c8c8f62b53cf2aaaaf47371f3372a8b592af8a3
train,4599459,image,S1Weak,v1.1/data/flood_events/WeaklyLabeled/S1Weak/India_4599459_S1Weak.tif,https://storage.googleapis.com/sen1floods11/v1.1/data/flood_events/WeaklyLabeled/S1Weak/India_4599459_S1Weak.tif,raw/train/images/4599459.tif,1657973,afe5db305b20c68ead03d22d3321cd41ff41058130cd46d0d6551d1f8a898c86
train,4599459,label,S1OtsuLabelWeak,v1.1/data/flood_events/WeaklyLabeled/S1OtsuLabelWeak/India_4599459_S1OtsuLabelWeak.tif,https://storage.googleapis.com/sen1floods11/v1.1/data/flood_events/WeaklyLabeled/S1OtsuLabelWeak/India_4599459_S1OtsuLabelWeak.tif,raw/train/labels/4599459.tif,2311,cbbb701ff94d7bc87c9c4a9ed7e6fa016b9d83571d1bc27dba8e0fb8dfbd111e
train,4642985,image,S1Weak,v1.1/data/flood_events/WeaklyLabeled/S1Weak/India_4642985_S1Weak.tif,https://storage.googleapis.com/sen1floods11/v1.1/data/flood_events/WeaklyLabeled/S1Weak/India_4642985_S1Weak.tif,raw/train/images/4642985.tif,1666999,880d061206b4ff40b0fc84b253c5d89faf33c4f7a49a568a3e60e04ea9e7834d
train,4642985,label,S1OtsuLabelWeak,v1.1/data/flood_events/WeaklyLabeled/S1OtsuLabelWeak/India_4642985_S1OtsuLabelWeak.tif,https://storage.googleapis.com/sen1floods11/v1.1/data/flood_events/WeaklyLabeled/S1OtsuLabelWeak/India_4642985_S1OtsuLabelWeak.tif,raw/train/labels/4642985.tif,3125,6b90c246553ad6a0ff65cdcbdc4010d163929ed78eb2daf5a4213b6d4760b5b9
train,4648690,image,S1Weak,v1.1/data/flood_events/WeaklyLabeled/S1Weak/India_4648690_S1Weak.tif,https://storage.googleapis.com/sen1floods11/v1.1/data/flood_events/WeaklyLabeled/S1Weak/India_4648690_S1Weak.tif,raw/train/images/4648690.tif,1681052,b1106619058417daf6ca46710a815191be691853849186428f04a0042199af73
train,4648690,label,S1OtsuLabelWeak,v1.1/data/flood_events/WeaklyLabeled/S1OtsuLabelWeak/India_4648690_S1OtsuLabelWeak.tif,https://storage.googleapis.com/sen1floods11/v1.1/data/flood_events/WeaklyLabeled/S1OtsuLabelWeak/India_4648690_S1OtsuLabelWeak.tif,raw/train/labels/4648690.tif,1179,a708acb623de70293b78e5f28bf9e8b0629b74bb742f06a9e0f51f53af83073c
train,4650260,image,S1Weak,v1.1/data/flood_events/WeaklyLabeled/S1Weak/India_4650260_S1Weak.tif,https://storage.googleapis.com/sen1floods11/v1.1/data/flood_events/WeaklyLabeled/S1Weak/India_4650260_S1Weak.tif,raw/train/images/4650260.tif,1664149,74c6e812c4cb4b61097483f37f04371734ef0e70876422d5a6b7cdee364c649e
train,4650260,label,S1OtsuLabelWeak,v1.1/data/flood_events/WeaklyLabeled/S1OtsuLabelWeak/India_4650260_S1OtsuLabelWeak.tif,https://storage.googleapis.com/sen1floods11/v1.1/data/flood_events/WeaklyLabeled/S1OtsuLabelWeak/India_4650260_S1OtsuLabelWeak.tif,raw/train/labels/4650260.tif,5671,445c1f1d6666ce93c34d4f4e9317addbf48df33365737a40e22eca9e88eb6497
train,4658464,image,S1Weak,v1.1/data/flood_events/WeaklyLabeled/S1Weak/India_4658464_S1Weak.tif,https://storage.googleapis.com/sen1floods11/v1.1/data/flood_events/WeaklyLabeled/S1Weak/India_4658464_S1Weak.tif,raw/train/images/4658464.tif,1683413,69d52d4afe726c1dd2382838799d51643e4a8b7465e91a8e9e0f84567a8845d8
train,4658464,label,S1OtsuLabelWeak,v1.1/data/flood_events/WeaklyLabeled/S1OtsuLabelWeak/India_4658464_S1OtsuLabelWeak.tif,https://storage.googleapis.com/sen1floods11/v1.1/data/flood_events/WeaklyLabeled/S1OtsuLabelWeak/India_4658464_S1OtsuLabelWeak.tif,raw/train/labels/4658464.tif,1108,566253f342046ef5920dcafa139905f35489b16f7c27eab145884de54f72b087
train,4669495,image,S1Weak,v1.1/data/flood_events/WeaklyLabeled/S1Weak/India_4669495_S1Weak.tif,https://storage.googleapis.com/sen1floods11/v1.1/data/flood_events/WeaklyLabeled/S1Weak/India_4669495_S1Weak.tif,raw/train/images/4669495.tif,1660299,1c40313ba74009c7592bbda5f15ccbd3b5d3c6a62a8c712597834b42c10a84f6
train,4669495,label,S1OtsuLabelWeak,v1.1/data/flood_events/WeaklyLabeled/S1OtsuLabelWeak/India_4669495_S1OtsuLabelWeak.tif,https://storage.googleapis.com/sen1floods11/v1.1/data/flood_events/WeaklyLabeled/S1OtsuLabelWeak/India_4669495_S1OtsuLabelWeak.tif,raw/train/labels/4669495.tif,6015,434268e93ee8e2fa8e2778459abcc8da1be224b87bb8714533c1af68b5fe3c90
train,4725568,image,S1Weak,v1.1/data/flood_events/WeaklyLabeled/S1Weak/India_4725568_S1Weak.tif,https://storage.googleapis.com/sen1floods11/v1.1/data/flood_events/WeaklyLabeled/S1Weak/India_4725568_S1Weak.tif,raw/train/images/4725568.tif,1666239,cb1def5ba77546db5636d220a441bc765454d8cfad1534106716b9b9e10ddce1
train,4725568,label,S1OtsuLabelWeak,v1.1/data/flood_events/WeaklyLabeled/S1OtsuLabelWeak/India_4725568_S1OtsuLabelWeak.tif,https://storage.googleapis.com/sen1floods11/v1.1/data/flood_events/WeaklyLabeled/S1OtsuLabelWeak/India_4725568_S1OtsuLabelWeak.tif,raw/train/labels/4725568.tif,6663,7eea22c80c1c42caee1b7271f1cff37d108cfab9ed251a19847ee64e00dc285b
train,4735400,image,S1Weak,v1.1/data/flood_events/WeaklyLabeled/S1Weak/India_4735400_S1Weak.tif,https://storage.googleapis.com/sen1floods11/v1.1/data/flood_events/WeaklyLabeled/S1Weak/India_4735400_S1Weak.tif,raw/train/images/4735400.tif,1669052,f219e66566e7f736bd8ff116fcc231625a36ac80dfd13c13ab6452d9467fc819
train,4735400,label,S1OtsuLabelWeak,v1.1/data/flood_events/WeaklyLabeled/S1OtsuLabelWeak/India_4735400_S1OtsuLabelWeak.tif,https://storage.googleapis.com/sen1floods11/v1.1/data/flood_events/WeaklyLabeled/S1OtsuLabelWeak/India_4735400_S1OtsuLabelWeak.tif,raw/train/labels/4735400.tif,4392,41cdec4434ef5ccf9c217e384e82030cecc92bbae7ff198be033e993a66c1a66
train,4748633,image,S1Weak,v1.1/data/flood_events/WeaklyLabeled/S1Weak/India_4748633_S1Weak.tif,https://storage.googleapis.com/sen1floods11/v1.1/data/flood_events/WeaklyLabeled/S1Weak/India_4748633_S1Weak.tif,raw/train/images/4748633.tif,1665501,c24244eaa3602eaa138a89e28092ed926cfffabf0422055fc064ffae8bd9a310
train,4748633,label,S1OtsuLabelWeak,v1.1/data/flood_events/WeaklyLabeled/S1OtsuLabelWeak/India_4748633_S1OtsuLabelWeak.tif,https://storage.googleapis.com/sen1floods11/v1.1/data/flood_events/WeaklyLabeled/S1OtsuLabelWeak/India_4748633_S1OtsuLabelWeak.tif,raw/train/labels/4748633.tif,5493,f9800eb34d12cccce3c8b84d21aa8cd80c4e648254ee3b0ef53ed43b7aa39801
train,4752656,image,S1Weak,v1.1/data/flood_events/WeaklyLabeled/S1Weak/India_4752656_S1Weak.tif,https://storage.googleapis.com/sen1floods11/v1.1/data/flood_events/WeaklyLabeled/S1Weak/India_4752656_S1Weak.tif,raw/train/images/4752656.tif,1686285,c79a4c5006db168a0fd6be70792f26342314df6c5a71b5d5da10ced8d721f0b8
train,4752656,label,S1OtsuLabelWeak,v1.1/data/flood_events/WeaklyLabeled/S1OtsuLabelWeak/India_4752656_S1OtsuLabelWeak.tif,https://storage.googleapis.com/sen1floods11/v1.1/data/flood_events/WeaklyLabeled/S1OtsuLabelWeak/India_4752656_S1OtsuLabelWeak.tif,raw/train/labels/4752656.tif,2121,1714b040b35141f01ee6747414794eb704102ae2b18ddb48e66072701153c4f0
train,4800811,image,S1Weak,v1.1/data/flood_events/WeaklyLabeled/S1Weak/India_4800811_S1Weak.tif,https://storage.googleapis.com/sen1floods11/v1.1/data/flood_events/WeaklyLabeled/S1Weak/India_4800811_S1Weak.tif,raw/train/images/4800811.tif,1664942,45d925938c4fd2470cfec20f9171e03798d882e2fdfcba4ba45f8c598847f5f1
train,4800811,label,S1OtsuLabelWeak,v1.1/data/flood_events/WeaklyLabeled/S1OtsuLabelWeak/India_4800811_S1OtsuLabelWeak.tif,https://storage.googleapis.com/sen1floods11/v1.1/data/flood_events/WeaklyLabeled/S1OtsuLabelWeak/India_4800811_S1OtsuLabelWeak.tif,raw/train/labels/4800811.tif,3300,93bafde1ab49348091012647bd3b3e045dafbbc32ef39c07cf11e0481b47cc55
train,4801435,image,S1Weak,v1.1/data/flood_events/WeaklyLabeled/S1Weak/India_4801435_S1Weak.tif,https://storage.googleapis.com/sen1floods11/v1.1/data/flood_events/WeaklyLabeled/S1Weak/India_4801435_S1Weak.tif,raw/train/images/4801435.tif,1662753,93e10d12365dd4492f0ee4d91fccf6b9dbb940f6d32572ce7c5007850d0835f4
train,4801435,label,S1OtsuLabelWeak,v1.1/data/flood_events/WeaklyLabeled/S1OtsuLabelWeak/India_4801435_S1OtsuLabelWeak.tif,https://storage.googleapis.com/sen1floods11/v1.1/data/flood_events/WeaklyLabeled/S1OtsuLabelWeak/India_4801435_S1OtsuLabelWeak.tif,raw/train/labels/4801435.tif,5270,2f618bc9f67a144aa23e5815eef786e9e5934cad7d136a2faf4d6635d5d00ca8
train,4928709,image,S1Weak,v1.1/data/flood_events/WeaklyLabeled/S1Weak/India_4928709_S1Weak.tif,https://storage.googleapis.com/sen1floods11/v1.1/data/flood_events/WeaklyLabeled/S1Weak/India_4928709_S1Weak.tif,raw/train/images/4928709.tif,1663348,2222e002b65ff76768d6614cf4ed66fefcd4aade550b43d8d4e378d346eb368c
train,4928709,label,S1OtsuLabelWeak,v1.1/data/flood_events/WeaklyLabeled/S1OtsuLabelWeak/India_4928709_S1OtsuLabelWeak.tif,https://storage.googleapis.com/sen1floods11/v1.1/data/flood_events/WeaklyLabeled/S1OtsuLabelWeak/India_4928709_S1OtsuLabelWeak.tif,raw/train/labels/4928709.tif,4786,3c6bb426e23cadcd5c5733128382609e508554222062ea51e5fb94096199e8b9
train,4948344,image,S1Weak,v1.1/data/flood_events/WeaklyLabeled/S1Weak/India_4948344_S1Weak.tif,https://storage.googleapis.com/sen1floods11/v1.1/data/flood_events/WeaklyLabeled/S1Weak/India_4948344_S1Weak.tif,raw/train/images/4948344.tif,1669561,556656fd6598e466297947d8a2105cf0f7ae11b805499f22da129f379fc1bb23
train,4948344,label,S1OtsuLabelWeak,v1.1/data/flood_events/WeaklyLabeled/S1OtsuLabelWeak/India_4948344_S1OtsuLabelWeak.tif,https://storage.googleapis.com/sen1floods11/v1.1/data/flood_events/WeaklyLabeled/S1OtsuLabelWeak/India_4948344_S1OtsuLabelWeak.tif,raw/train/labels/4948344.tif,4290,a66a4b168cd9122cf9f2d4034c266231c6ec16ae08da71cbc07cd82c7e4af17d
train,4975553,image,S1Weak,v1.1/data/flood_events/WeaklyLabeled/S1Weak/India_4975553_S1Weak.tif,https://storage.googleapis.com/sen1floods11/v1.1/data/flood_events/WeaklyLabeled/S1Weak/India_4975553_S1Weak.tif,raw/train/images/4975553.tif,1656594,1db9b4ab55d1362361d241a7c96c5f4c77d96a12a5a022afeaf204dd16a512ec
train,4975553,label,S1OtsuLabelWeak,v1.1/data/flood_events/WeaklyLabeled/S1OtsuLabelWeak/India_4975553_S1OtsuLabelWeak.tif,https://storage.googleapis.com/sen1floods11/v1.1/data/flood_events/WeaklyLabeled/S1OtsuLabelWeak/India_4975553_S1OtsuLabelWeak.tif,raw/train/labels/4975553.tif,4031,0dd5ebb28c677251077da7bd7d5d0ff8b3c7830769aa4bb1fc7ec4da6348b151
train,4981801,image,S1Weak,v1.1/data/flood_events/WeaklyLabeled/S1Weak/India_4981801_S1Weak.tif,https://storage.googleapis.com/sen1floods11/v1.1/data/flood_events/WeaklyLabeled/S1Weak/India_4981801_S1Weak.tif,raw/train/images/4981801.tif,1654194,d840f5047f149e0401999d3fbf1446292ce013a59b5c273f90ea5bee95def5d8
train,4981801,label,S1OtsuLabelWeak,v1.1/data/flood_events/WeaklyLabeled/S1OtsuLabelWeak/India_4981801_S1OtsuLabelWeak.tif,https://storage.googleapis.com/sen1floods11/v1.1/data/flood_events/WeaklyLabeled/S1OtsuLabelWeak/India_4981801_S1OtsuLabelWeak.tif,raw/train/labels/4981801.tif,5293,7834468fa68e0c519fa393961149cb6bf6321d21bb820f024b93a39900137ad9
train,5045921,image,S1Weak,v1.1/data/flood_events/WeaklyLabeled/S1Weak/India_5045921_S1Weak.tif,https://storage.googleapis.com/sen1floods11/v1.1/data/flood_events/WeaklyLabeled/S1Weak/India_5045921_S1Weak.tif,raw/train/images/5045921.tif,1671095,7f2255e1ca449a45f9e6ab7d72e4bf5e7be8602e1a057b1dee1ccd021c612f3a
train,5045921,label,S1OtsuLabelWeak,v1.1/data/flood_events/WeaklyLabeled/S1OtsuLabelWeak/India_5045921_S1OtsuLabelWeak.tif,https://storage.googleapis.com/sen1floods11/v1.1/data/flood_events/WeaklyLabeled/S1OtsuLabelWeak/India_5045921_S1OtsuLabelWeak.tif,raw/train/labels/5045921.tif,1124,ef485929a75279c267b699ce420f0d8dec46095732bb82546105fc0f2064c57b
train,5083072,image,S1Weak,v1.1/data/flood_events/WeaklyLabeled/S1Weak/India_5083072_S1Weak.tif,https://storage.googleapis.com/sen1floods11/v1.1/data/flood_events/WeaklyLabeled/S1Weak/India_5083072_S1Weak.tif,raw/train/images/5083072.tif,1657624,b334aabc361f26339434ed581aef068cc327e8f9dc30d66cf24e0a7d53423ec6
train,5083072,label,S1OtsuLabelWeak,v1.1/data/flood_events/WeaklyLabeled/S1OtsuLabelWeak/India_5083072_S1OtsuLabelWeak.tif,https://storage.googleapis.com/sen1floods11/v1.1/data/flood_events/WeaklyLabeled/S1OtsuLabelWeak/India_5083072_S1OtsuLabelWeak.tif,raw/train/labels/5083072.tif,3370,45ba6421544bba5372355e9c88448bfeaebf6ae25415520f5ff21c181d5c16ee
train,5083119,image,S1Weak,v1.1/data/flood_events/WeaklyLabeled/S1Weak/India_5083119_S1Weak.tif,https://storage.googleapis.com/sen1floods11/v1.1/data/flood_events/WeaklyLabeled/S1Weak/India_5083119_S1Weak.tif,raw/train/images/5083119.tif,1655082,57088a67fe3cd0e113497bda707f0e2674883cc3e1955996631f23601b6b89c8
train,5083119,label,S1OtsuLabelWeak,v1.1/data/flood_events/WeaklyLabeled/S1OtsuLabelWeak/India_5083119_S1OtsuLabelWeak.tif,https://storage.googleapis.com/sen1floods11/v1.1/data/flood_events/WeaklyLabeled/S1OtsuLabelWeak/India_5083119_S1OtsuLabelWeak.tif,raw/train/labels/5083119.tif,1476,79705b69a1e8162b5b5d1427b2aca070979281b0160ee753ca9ecd57ba9796d9
train,508856,image,S1Weak,v1.1/data/flood_events/WeaklyLabeled/S1Weak/India_508856_S1Weak.tif,https://storage.googleapis.com/sen1floods11/v1.1/data/flood_events/WeaklyLabeled/S1Weak/India_508856_S1Weak.tif,raw/train/images/508856.tif,1660372,db7b8c3d9ab853aaa41e09b9b2ff86b977a3e620d8ad8adf9227ac06420fbcc3
train,508856,label,S1OtsuLabelWeak,v1.1/data/flood_events/WeaklyLabeled/S1OtsuLabelWeak/India_508856_S1OtsuLabelWeak.tif,https://storage.googleapis.com/sen1floods11/v1.1/data/flood_events/WeaklyLabeled/S1OtsuLabelWeak/India_508856_S1OtsuLabelWeak.tif,raw/train/labels/508856.tif,2167,20eaf4c2764c0eb54d7564b9e2d84925560554b06c8efce8a327fb238e1ac1ff
train,5097875,image,S1Weak,v1.1/data/flood_events/WeaklyLabeled/S1Weak/India_5097875_S1Weak.tif,https://storage.googleapis.com/sen1floods11/v1.1/data/flood_events/WeaklyLabeled/S1Weak/India_5097875_S1Weak.tif,raw/train/images/5097875.tif,1668308,4e0c45bbe7ab48a94138ab799c80803b06e4b4bbf1a4f7225285cb191e2bfdb6
train,5097875,label,S1OtsuLabelWeak,v1.1/data/flood_events/WeaklyLabeled/S1OtsuLabelWeak/India_5097875_S1OtsuLabelWeak.tif,https://storage.googleapis.com/sen1floods11/v1.1/data/flood_events/WeaklyLabeled/S1OtsuLabelWeak/India_5097875_S1OtsuLabelWeak.tif,raw/train/labels/5097875.tif,6929,1d469322874bc110e2e1e0e0a772b72ad0839d57395964ea1ff588c2d1a6f517
train,5104261,image,S1Weak,v1.1/data/flood_events/WeaklyLabeled/S1Weak/India_5104261_S1Weak.tif,https://storage.googleapis.com/sen1floods11/v1.1/data/flood_events/WeaklyLabeled/S1Weak/India_5104261_S1Weak.tif,raw/train/images/5104261.tif,1660573,6700ab78364f988a0b6ba4655afc60e7b9582ddcd84441787f563debf2578b82
train,5104261,label,S1OtsuLabelWeak,v1.1/data/flood_events/WeaklyLabeled/S1OtsuLabelWeak/India_5104261_S1OtsuLabelWeak.tif,https://storage.googleapis.com/sen1floods11/v1.1/data/flood_events/WeaklyLabeled/S1OtsuLabelWeak/India_5104261_S1OtsuLabelWeak.tif,raw/train/labels/5104261.tif,3654,b8846982b3c20e43b8c548b7fb87e864fb6c2995730feef31f48e1faf2fcfbd0
train,5113921,image,S1Weak,v1.1/data/flood_events/WeaklyLabeled/S1Weak/India_5113921_S1Weak.tif,https://storage.googleapis.com/sen1floods11/v1.1/data/flood_events/WeaklyLabeled/S1Weak/India_5113921_S1Weak.tif,raw/train/images/5113921.tif,1655075,12a863456c72c1f8940f56b2589a034bc20eb474ce1878ddf9f95c6b5a466687
train,5113921,label,S1OtsuLabelWeak,v1.1/data/flood_events/WeaklyLabeled/S1OtsuLabelWeak/India_5113921_S1OtsuLabelWeak.tif,https://storage.googleapis.com/sen1floods11/v1.1/data/flood_events/WeaklyLabeled/S1OtsuLabelWeak/India_5113921_S1OtsuLabelWeak.tif,raw/train/labels/5113921.tif,1196,b154b43fdef59399c56b645e49b9fe932e295c51208d9a146cf816f2a7aa4cee
train,5126313,image,S1Weak,v1.1/data/flood_events/WeaklyLabeled/S1Weak/India_5126313_S1Weak.tif,https://storage.googleapis.com/sen1floods11/v1.1/data/flood_events/WeaklyLabeled/S1Weak/India_5126313_S1Weak.tif,raw/train/images/5126313.tif,1660067,2cb387488fc19f38ea05a8938470705771c6ff6fecd0cb1d84e5d5d13861bbf9
train,5126313,label,S1OtsuLabelWeak,v1.1/data/flood_events/WeaklyLabeled/S1OtsuLabelWeak/India_5126313_S1OtsuLabelWeak.tif,https://storage.googleapis.com/sen1floods11/v1.1/data/flood_events/WeaklyLabeled/S1OtsuLabelWeak/India_5126313_S1OtsuLabelWeak.tif,raw/train/labels/5126313.tif,1873,a311d05db658fd303ea48c201155a85637248c61842defa238e50bdfcab91fef
train,5127754,image,S1Weak,v1.1/data/flood_events/WeaklyLabeled/S1Weak/India_5127754_S1Weak.tif,https://storage.googleapis.com/sen1floods11/v1.1/data/flood_events/WeaklyLabeled/S1Weak/India_5127754_S1Weak.tif,raw/train/images/5127754.tif,1658902,573c91eb6a6b5bd80c07f537054b56f1e8678b82f6a03826f87885a29fdae092
train,5127754,label,S1OtsuLabelWeak,v1.1/data/flood_events/WeaklyLabeled/S1OtsuLabelWeak/India_5127754_S1OtsuLabelWeak.tif,https://storage.googleapis.com/sen1floods11/v1.1/data/flood_events/WeaklyLabeled/S1OtsuLabelWeak/India_5127754_S1OtsuLabelWeak.tif,raw/train/labels/5127754.tif,3144,a541290f45a0627c0bf5771072a9a8641047800ee624229c14c6b26b083fb7de
train,5179060,image,S1Weak,v1.1/data/flood_events/WeaklyLabeled/S1Weak/India_5179060_S1Weak.tif,https://storage.googleapis.com/sen1floods11/v1.1/data/flood_events/WeaklyLabeled/S1Weak/India_5179060_S1Weak.tif,raw/train/images/5179060.tif,1655408,917791b9bd103c34902e574c4abfe5498766e0c6013873e15bbfb1adac22b3dc
train,5179060,label,S1OtsuLabelWeak,v1.1/data/flood_events/WeaklyLabeled/S1OtsuLabelWeak/India_5179060_S1OtsuLabelWeak.tif,https://storage.googleapis.com/sen1floods11/v1.1/data/flood_events/WeaklyLabeled/S1OtsuLabelWeak/India_5179060_S1OtsuLabelWeak.tif,raw/train/labels/5179060.tif,3506,1829e4cebc2c4ec3519957dd64b40d8fd343836ea5605a8e88b217faf83af1bf
train,5189300,image,S1Weak,v1.1/data/flood_events/WeaklyLabeled/S1Weak/India_5189300_S1Weak.tif,https://storage.googleapis.com/sen1floods11/v1.1/data/flood_events/WeaklyLabeled/S1Weak/India_5189300_S1Weak.tif,raw/train/images/5189300.tif,1677366,6f0771320b971791a6f35d6d91355149b4a2bd4f3da3f30ebbe3bc90c2aef896
train,5189300,label,S1OtsuLabelWeak,v1.1/data/flood_events/WeaklyLabeled/S1OtsuLabelWeak/India_5189300_S1OtsuLabelWeak.tif,https://storage.googleapis.com/sen1floods11/v1.1/data/flood_events/WeaklyLabeled/S1OtsuLabelWeak/India_5189300_S1OtsuLabelWeak.tif,raw/train/labels/5189300.tif,2508,015c4f01d0609fd698b16e7afe6f8c485a3e0469aa5923406dfbfc93f90cb2de
train,5194812,image,S1Weak,v1.1/data/flood_events/WeaklyLabeled/S1Weak/India_5194812_S1Weak.tif,https://storage.googleapis.com/sen1floods11/v1.1/data/flood_events/WeaklyLabeled/S1Weak/India_5194812_S1Weak.tif,raw/train/images/5194812.tif,1659868,7a3e70ec4974840680fe659bdde38e1268dbe34be204dc959c44ff580f0fac3a
train,5194812,label,S1OtsuLabelWeak,v1.1/data/flood_events/WeaklyLabeled/S1OtsuLabelWeak/India_5194812_S1OtsuLabelWeak.tif,https://storage.googleapis.com/sen1floods11/v1.1/data/flood_events/WeaklyLabeled/S1OtsuLabelWeak/India_5194812_S1OtsuLabelWeak.tif,raw/train/labels/5194812.tif,3355,c7a739f74f081f45b073376de2ac6762e292733b31ae76023dfa1ec5cc8671d6
train,5197713,image,S1Weak,v1.1/data/flood_events/WeaklyLabeled/S1Weak/India_5197713_S1Weak.tif,https://storage.googleapis.com/sen1floods11/v1.1/data/flood_events/WeaklyLabeled/S1Weak/India_5197713_S1Weak.tif,raw/train/images/5197713.tif,1668938,7e2c38768b44d4a1137aef659207816e47b93ef6846118c4baae153dba7d8b09
train,5197713,label,S1OtsuLabelWeak,v1.1/data/flood_events/WeaklyLabeled/S1OtsuLabelWeak/India_5197713_S1OtsuLabelWeak.tif,https://storage.googleapis.com/sen1floods11/v1.1/data/flood_events/WeaklyLabeled/S1OtsuLabelWeak/India_5197713_S1OtsuLabelWeak.tif,raw/train/labels/5197713.tif,1212,d0c18063ae6b85ebfc939e5ab20e7148f467944e8dee88da194950a0e9ffeeac
train,5209701,image,S1Weak,v1.1/data/flood_events/WeaklyLabeled/S1Weak/India_5209701_S1Weak.tif,https://storage.googleapis.com/sen1floods11/v1.1/data/flood_events/WeaklyLabeled/S1Weak/India_5209701_S1Weak.tif,raw/train/images/5209701.tif,1675332,114a95f6e42ada92113f931efc4f71a486a72334a39c0acd466e975e9e0a6111
train,5209701,label,S1OtsuLabelWeak,v1.1/data/flood_events/WeaklyLabeled/S1OtsuLabelWeak/India_5209701_S1OtsuLabelWeak.tif,https://storage.googleapis.com/sen1floods11/v1.1/data/flood_events/WeaklyLabeled/S1OtsuLabelWeak/India_5209701_S1OtsuLabelWeak.tif,raw/train/labels/5209701.tif,1131,b9b5ead4390e8eb0628dc0d2b6569c61235d4ddbfb11870c9dbea67e62bf4632
train,5241500,image,S1Weak,v1.1/data/flood_events/WeaklyLabeled/S1Weak/India_5241500_S1Weak.tif,https://storage.googleapis.com/sen1floods11/v1.1/data/flood_events/WeaklyLabeled/S1Weak/India_5241500_S1Weak.tif,raw/train/images/5241500.tif,1661817,7dea3e52fbd01523c63ff648ab34ffb4d7f2eee53696c3032518b038fdf5c8be
train,5241500,label,S1OtsuLabelWeak,v1.1/data/flood_events/WeaklyLabeled/S1OtsuLabelWeak/India_5241500_S1OtsuLabelWeak.tif,https://storage.googleapis.com/sen1floods11/v1.1/data/flood_events/WeaklyLabeled/S1OtsuLabelWeak/India_5241500_S1OtsuLabelWeak.tif,raw/train/labels/5241500.tif,1813,0765e8ee8d73be5ebbc7688e1655c6dfa018943399b1c81a8c96471c8bd95245
train,5254010,image,S1Weak,v1.1/data/flood_events/WeaklyLabeled/S1Weak/India_5254010_S1Weak.tif,https://storage.googleapis.com/sen1floods11/v1.1/data/flood_events/WeaklyLabeled/S1Weak/India_5254010_S1Weak.tif,raw/train/images/5254010.tif,1661379,8762f7d39bef25256179ef0cc75eb328df0f6ca44cf35034283420925e8c6401
train,5254010,label,S1OtsuLabelWeak,v1.1/data/flood_events/WeaklyLabeled/S1OtsuLabelWeak/India_5254010_S1OtsuLabelWeak.tif,https://storage.googleapis.com/sen1floods11/v1.1/data/flood_events/WeaklyLabeled/S1OtsuLabelWeak/India_5254010_S1OtsuLabelWeak.tif,raw/train/labels/5254010.tif,1796,20f9702740104e08601fe8abaaf62974f6aa95c192f8eec8527849cf8a8eeeef
train,526005,image,S1Weak,v1.1/data/flood_events/WeaklyLabeled/S1Weak/India_526005_S1Weak.tif,https://storage.googleapis.com/sen1floods11/v1.1/data/flood_events/WeaklyLabeled/S1Weak/India_526005_S1Weak.tif,raw/train/images/526005.tif,1609852,130180ddc4192e1f6d81095e7c7dde7e1f06cd38be19f1a6234fe2a53040281b
train,526005,label,S1OtsuLabelWeak,v1.1/data/flood_events/WeaklyLabeled/S1OtsuLabelWeak/India_526005_S1OtsuLabelWeak.tif,https://storage.googleapis.com/sen1floods11/v1.1/data/flood_events/WeaklyLabeled/S1OtsuLabelWeak/India_526005_S1OtsuLabelWeak.tif,raw/train/labels/526005.tif,7886,eae23bb04f70c33ac619f31bf14f9949fe0fcb49233076c8af00f7d48a373dba
train,5262127,image,S1Weak,v1.1/data/flood_events/WeaklyLabeled/S1Weak/India_5262127_S1Weak.tif,https://storage.googleapis.com/sen1floods11/v1.1/data/flood_events/WeaklyLabeled/S1Weak/India_5262127_S1Weak.tif,raw/train/images/5262127.tif,1679840,00c3c7dacc6a63e57fe9b2bfdb8733afab37412e35526ead679fcd5f863e489e
train,5262127,label,S1OtsuLabelWeak,v1.1/data/flood_events/WeaklyLabeled/S1OtsuLabelWeak/India_5262127_S1OtsuLabelWeak.tif,https://storage.googleapis.com/sen1floods11/v1.1/data/flood_events/WeaklyLabeled/S1OtsuLabelWeak/India_5262127_S1OtsuLabelWeak.tif,raw/train/labels/5262127.tif,1099,19571f704dc7bcd639dd0218d75797fe72e0de925fcf5ae070604d8aab1d8e30
train,5271101,image,S1Weak,v1.1/data/flood_events/WeaklyLabeled/S1Weak/India_5271101_S1Weak.tif,https://storage.googleapis.com/sen1floods11/v1.1/data/flood_events/WeaklyLabeled/S1Weak/India_5271101_S1Weak.tif,raw/train/images/5271101.tif,1659172,7fd62a3d260ad10af695d9b34dfeaee8fdcc12d1232c78c954cae5f37d6659fa
train,5271101,label,S1OtsuLabelWeak,v1.1/data/flood_events/WeaklyLabeled/S1OtsuLabelWeak/India_5271101_S1OtsuLabelWeak.tif,https://storage.googleapis.com/sen1floods11/v1.1/data/flood_events/WeaklyLabeled/S1OtsuLabelWeak/India_5271101_S1OtsuLabelWeak.tif,raw/train/labels/5271101.tif,4299,c78512e944ecd38209b50b8c393ec11a6197b8c0866ce5eeb76faa08ec7c17b1
train,5296561,image,S1Weak,v1.1/data/flood_events/WeaklyLabeled/S1Weak/India_5296561_S1Weak.tif,https://storage.googleapis.com/sen1floods11/v1.1/data/flood_events/WeaklyLabeled/S1Weak/India_5296561_S1Weak.tif,raw/train/images/5296561.tif,1686251,5300c119b8ba949173adc1eb3ab064810ea91ffce06c9aede8f530195f3b71f4
train,5296561,label,S1OtsuLabelWeak,v1.1/data/flood_events/WeaklyLabeled/S1OtsuLabelWeak/India_5296561_S1OtsuLabelWeak.tif,https://storage.googleapis.com/sen1floods11/v1.1/data/flood_events/WeaklyLabeled/S1OtsuLabelWeak/India_5296561_S1OtsuLabelWeak.tif,raw/train/labels/5296561.tif,1099,a9637236141410b804efabf3ae66cff077ae6864ddb32d035f1a41a2997ac1d9
train,5314754,image,S1Weak,v1.1/data/flood_events/WeaklyLabeled/S1Weak/India_5314754_S1Weak.tif,https://storage.googleapis.com/sen1floods11/v1.1/data/flood_events/WeaklyLabeled/S1Weak/India_5314754_S1Weak.tif,raw/train/images/5314754.tif,1660780,e4ba3527dd6d61e1253cbc47ec359c3bfa99feec773cd52e562ae36214e2959b
train,5314754,label,S1OtsuLabelWeak,v1.1/data/flood_events/WeaklyLabeled/S1OtsuLabelWeak/India_5314754_S1OtsuLabelWeak.tif,https://storage.googleapis.com/sen1floods11/v1.1/data/flood_events/WeaklyLabeled/S1OtsuLabelWeak/India_5314754_S1OtsuLabelWeak.tif,raw/train/labels/5314754.tif,2043,ca8a67628762c0be0efc3fb462d8318c3ca6eab2b1fa0a485c306907d15952be
train,5325977,image,S1Weak,v1.1/data/flood_events/WeaklyLabeled/S1Weak/India_5325977_S1Weak.tif,https://storage.googleapis.com/sen1floods11/v1.1/data/flood_events/WeaklyLabeled/S1Weak/India_5325977_S1Weak.tif,raw/train/images/5325977.tif,1678016,943c05530b6f34bb2e5334e1f7b553868b7a7f24a9ceeae0d887281ccf8a39fc
train,5325977,label,S1OtsuLabelWeak,v1.1/data/flood_events/WeaklyLabeled/S1OtsuLabelWeak/India_5325977_S1OtsuLabelWeak.tif,https://storage.googleapis.com/sen1floods11/v1.1/data/flood_events/WeaklyLabeled/S1OtsuLabelWeak/India_5325977_S1OtsuLabelWeak.tif,raw/train/labels/5325977.tif,1099,2e5e89561f6f7381c3a4f3d274e4b59b4e1026c9265fa3a6fbc93a3a1e6e92d2
train,5339058,image,S1Weak,v1.1/data/flood_events/WeaklyLabeled/S1Weak/India_5339058_S1Weak.tif,https://storage.googleapis.com/sen1floods11/v1.1/data/flood_events/WeaklyLabeled/S1Weak/India_5339058_S1Weak.tif,raw/train/images/5339058.tif,1661032,0a45c297292c4de3cea0c407435fef449c736a4b0b648cfff6c63ce123f5e6d3
train,5339058,label,S1OtsuLabelWeak,v1.1/data/flood_events/WeaklyLabeled/S1OtsuLabelWeak/India_5339058_S1OtsuLabelWeak.tif,https://storage.googleapis.com/sen1floods11/v1.1/data/flood_events/WeaklyLabeled/S1OtsuLabelWeak/India_5339058_S1OtsuLabelWeak.tif,raw/train/labels/5339058.tif,6029,df6de47025d7b1b327903be6ea12aad3383358d98676bf9424a4276a37d51e60
train,5365399,image,S1Weak,v1.1/data/flood_events/WeaklyLabeled/S1Weak/India_5365399_S1Weak.tif,https://storage.googleapis.com/sen1floods11/v1.1/data/flood_events/WeaklyLabeled/S1Weak/India_5365399_S1Weak.tif,raw/train/images/5365399.tif,1676237,683da55913720a630fc048de853e2cd51c6ed533da5f88b37a8d3b3064d9c5f4
train,5365399,label,S1OtsuLabelWeak,v1.1/data/flood_events/WeaklyLabeled/S1OtsuLabelWeak/India_5365399_S1OtsuLabelWeak.tif,https://storage.googleapis.com/sen1floods11/v1.1/data/flood_events/WeaklyLabeled/S1OtsuLabelWeak/India_5365399_S1OtsuLabelWeak.tif,raw/train/labels/5365399.tif,1099,37942435d0f33e76c7216a20256c89a39d9520dcab3ff42d403d6936e84fe808
train,5372402,image,S1Weak,v1.1/data/flood_events/WeaklyLabeled/S1Weak/India_5372402_S1Weak.tif,https://storage.googleapis.com/sen1floods11/v1.1/data/flood_events/WeaklyLabeled/S1Weak/India_5372402_S1Weak.tif,raw/train/images/5372402.tif,1669855,14ed2b792536dc29ac32b2143bc7da82a338bfaf344e631ef51887aed0a956fe
train,5372402,label,S1OtsuLabelWeak,v1.1/data/flood_events/WeaklyLabeled/S1OtsuLabelWeak/India_5372402_S1OtsuLabelWeak.tif,https://storage.googleapis.com/sen1floods11/v1.1/data/flood_events/WeaklyLabeled/S1OtsuLabelWeak/India_5372402_S1OtsuLabelWeak.tif,raw/train/labels/5372402.tif,2903,0e67eeaf0007c9dfdb21e9289f67f779b4ef8a973f18a82b528f369a8e3138ec
train,5378224,image,S1Weak,v1.1/data/flood_events/WeaklyLabeled/S1Weak/India_5378224_S1Weak.tif,https://storage.googleapis.com/sen1floods11/v1.1/data/flood_events/WeaklyLabeled/S1Weak/India_5378224_S1Weak.tif,raw/train/images/5378224.tif,1672199,79e47476fb6c539ba10c642ed5e894247333d65853d9f12978f78512ee6bfea8
train,5378224,label,S1OtsuLabelWeak,v1.1/data/flood_events/WeaklyLabeled/S1OtsuLabelWeak/India_5378224_S1OtsuLabelWeak.tif,https://storage.googleapis.com/sen1floods11/v1.1/data/flood_events/WeaklyLabeled/S1OtsuLabelWeak/India_5378224_S1OtsuLabelWeak.tif,raw/train/labels/5378224.tif,1099,51fd114d3b5945917eb0d7a4b4b772125a3f79f0865285d03f5c85e799c752f6
train,5383213,image,S1Weak,v1.1/data/flood_events/WeaklyLabeled/S1Weak/India_5383213_S1Weak.tif,https://storage.googleapis.com/sen1floods11/v1.1/data/flood_events/WeaklyLabeled/S1Weak/India_5383213_S1Weak.tif,raw/train/images/5383213.tif,1664040,47c00a84dca1c16259f61f4a2b4d6b870f213ca82591f6f84782f005db80fd0d
train,5383213,label,S1OtsuLabelWeak,v1.1/data/flood_events/WeaklyLabeled/S1OtsuLabelWeak/India_5383213_S1OtsuLabelWeak.tif,https://storage.googleapis.com/sen1floods11/v1.1/data/flood_events/WeaklyLabeled/S1OtsuLabelWeak/India_5383213_S1OtsuLabelWeak.tif,raw/train/labels/5383213.tif,3047,e915f92d107e1132e4a68dabb0b11444ed3b05de9aa68103db937519c82b117d
train,5394663,image,S1Weak,v1.1/data/flood_events/WeaklyLabeled/S1Weak/India_5394663_S1Weak.tif,https://storage.googleapis.com/sen1floods11/v1.1/data/flood_events/WeaklyLabeled/S1Weak/India_5394663_S1Weak.tif,raw/train/images/5394663.tif,1666589,1c41e6223fb52b68bf625fe9a0a2ab407958241cd4f2c31f7c401546728d9550
train,5394663,label,S1OtsuLabelWeak,v1.1/data/flood_events/WeaklyLabeled/S1OtsuLabelWeak/India_5394663_S1OtsuLabelWeak.tif,https://storage.googleapis.com/sen1floods11/v1.1/data/flood_events/WeaklyLabeled/S1OtsuLabelWeak/India_5394663_S1OtsuLabelWeak.tif,raw/train/labels/5394663.tif,1259,c3963ee004cb73942fa8081574798d9c2c69867072153c7f185e84168cde5aa8
train,5407406,image,S1Weak,v1.1/data/flood_events/WeaklyLabeled/S1Weak/India_5407406_S1Weak.tif,https://storage.googleapis.com/sen1floods11/v1.1/data/flood_events/WeaklyLabeled/S1Weak/India_5407406_S1Weak.tif,raw/train/images/5407406.tif,1655811,c970a15e16260ce148a4940c9a5203aeed6063ce684a24f43b74e5f53d582252
train,5407406,label,S1OtsuLabelWeak,v1.1/data/flood_events/WeaklyLabeled/S1OtsuLabelWeak/India_5407406_S1OtsuLabelWeak.tif,https://storage.googleapis.com/sen1floods11/v1.1/data/flood_events/WeaklyLabeled/S1OtsuLabelWeak/India_5407406_S1OtsuLabelWeak.tif,raw/train/labels/5407406.tif,3228,89d17ddcec3eccfb485bfb1429e30a380f795fdfc93b050c4b69a2384a350c96
train,5409128,image,S1Weak,v1.1/data/flood_events/WeaklyLabeled/S1Weak/India_5409128_S1Weak.tif,https://storage.googleapis.com/sen1floods11/v1.1/data/flood_events/WeaklyLabeled/S1Weak/India_5409128_S1Weak.tif,raw/train/images/5409128.tif,1660005,6c894dbb5b7c7fd09bf2054077c9d4e7f381eb948d17314ecff983ca428e15a2
train,5409128,label,S1OtsuLabelWeak,v1.1/data/flood_events/WeaklyLabeled/S1OtsuLabelWeak/India_5409128_S1OtsuLabelWeak.tif,https://storage.googleapis.com/sen1floods11/v1.1/data/flood_events/WeaklyLabeled/S1OtsuLabelWeak/India_5409128_S1OtsuLabelWeak.tif,raw/train/labels/5409128.tif,5460,36b3c7ecd80cd459814b547ae6ea7647625d5bf0e2c7c1053209f48da1e06449
train,5422355,image,S1Weak,v1.1/data/flood_events/WeaklyLabeled/S1Weak/India_5422355_S1Weak.tif,https://storage.googleapis.com/sen1floods11/v1.1/data/flood_events/WeaklyLabeled/S1Weak/India_5422355_S1Weak.tif,raw/train/images/5422355.tif,1139625,f3a5a2560ca9551c8953d36c65181e9a63fbd453e5d309290d68af69d11f230e
train,5422355,label,S1OtsuLabelWeak,v1.1/data/flood_events/WeaklyLabeled/S1OtsuLabelWeak/India_5422355_S1OtsuLabelWeak.tif,https://storage.googleapis.com/sen1floods11/v1.1/data/flood_events/WeaklyLabeled/S1OtsuLabelWeak/India_5422355_S1OtsuLabelWeak.tif,raw/train/labels/5422355.tif,4820,ff657ba6dabfa7e8cc488492348182961bf01ccd50de8f97ed40376f27e8f375
train,5425026,image,S1Weak,v1.1/data/flood_events/WeaklyLabeled/S1Weak/India_5425026_S1Weak.tif,https://storage.googleapis.com/sen1floods11/v1.1/data/flood_events/WeaklyLabeled/S1Weak/India_5425026_S1Weak.tif,raw/train/images/5425026.tif,1710388,c6a9aa79bd15ddc7719d3deeb9245d5f3493e98b4c27aab7f17e93fd3d950324
train,5425026,label,S1OtsuLabelWeak,v1.1/data/flood_events/WeaklyLabeled/S1OtsuLabelWeak/India_5425026_S1OtsuLabelWeak.tif,https://storage.googleapis.com/sen1floods11/v1.1/data/flood_events/WeaklyLabeled/S1OtsuLabelWeak/India_5425026_S1OtsuLabelWeak.tif,raw/train/labels/5425026.tif,1356,ed38e6904f420073a30c0f4d93af8cd30be068627318ff9b9e985aec70b764cb
train,5446644,image,S1Weak,v1.1/data/flood_events/WeaklyLabeled/S1Weak/India_5446644_S1Weak.tif,https://storage.googleapis.com/sen1floods11/v1.1/data/flood_events/WeaklyLabeled/S1Weak/India_5446644_S1Weak.tif,raw/train/images/5446644.tif,1679049,311ad7f50a3dc62be836e68272e4c9c8ef5a08fca0326af4987e8c5a63fe244b
train,5446644,label,S1OtsuLabelWeak,v1.1/data/flood_events/WeaklyLabeled/S1OtsuLabelWeak/India_5446644_S1OtsuLabelWeak.tif,https://storage.googleapis.com/sen1floods11/v1.1/data/flood_events/WeaklyLabeled/S1OtsuLabelWeak/India_5446644_S1OtsuLabelWeak.tif,raw/train/labels/5446644.tif,1099,78d57471fc6b6ef6934e366f80228b8bfe2fec9411996f432171b5811f57e84f
train,5475254,image,S1Weak,v1.1/data/flood_events/WeaklyLabeled/S1Weak/India_5475254_S1Weak.tif,https://storage.googleapis.com/sen1floods11/v1.1/data/flood_events/WeaklyLabeled/S1Weak/India_5475254_S1Weak.tif,raw/train/images/5475254.tif,1668642,77483a08e6174f9a7b5e53a8b40ec63fd786e9cb5f713852b0245c7dd65fa58f
train,5475254,label,S1OtsuLabelWeak,v1.1/data/flood_events/WeaklyLabeled/S1OtsuLabelWeak/India_5475254_S1OtsuLabelWeak.tif,https://storage.googleapis.com/sen1floods11/v1.1/data/flood_events/WeaklyLabeled/S1OtsuLabelWeak/India_5475254_S1OtsuLabelWeak.tif,raw/train/labels/5475254.tif,2116,d99ce87efcf30cf3c9aa589534d2f8cb13354331c735f028aec2d00ab585fddc
train,5478840,image,S1Weak,v1.1/data/flood_events/WeaklyLabeled/S1Weak/India_5478840_S1Weak.tif,https://storage.googleapis.com/sen1floods11/v1.1/data/flood_events/WeaklyLabeled/S1Weak/India_5478840_S1Weak.tif,raw/train/images/5478840.tif,1656714,ca04446455ab883f2187bd4fabbf902ab78429a43190d31e6eae5fc51955bd32
train,5478840,label,S1OtsuLabelWeak,v1.1/data/flood_events/WeaklyLabeled/S1OtsuLabelWeak/India_5478840_S1OtsuLabelWeak.tif,https://storage.googleapis.com/sen1floods11/v1.1/data/flood_events/WeaklyLabeled/S1OtsuLabelWeak/India_5478840_S1OtsuLabelWeak.tif,raw/train/labels/5478840.tif,3993,d2d1580068af8740bfdceef19736f7423ddd0b9c70f3dee3a358c0fa05917991
train,5575140,image,S1Weak,v1.1/data/flood_events/WeaklyLabeled/S1Weak/India_5575140_S1Weak.tif,https://storage.googleapis.com/sen1floods11/v1.1/data/flood_events/WeaklyLabeled/S1Weak/India_5575140_S1Weak.tif,raw/train/images/5575140.tif,1653316,0ae9fd16759eab6bd676c5688af6f6b0174127dc2eb04239ab8c33b0582f5f4e
train,5575140,label,S1OtsuLabelWeak,v1.1/data/flood_events/WeaklyLabeled/S1OtsuLabelWeak/India_5575140_S1OtsuLabelWeak.tif,https://storage.googleapis.com/sen1floods11/v1.1/data/flood_events/WeaklyLabeled/S1OtsuLabelWeak/India_5575140_S1OtsuLabelWeak.tif,raw/train/labels/5575140.tif,2736,246ff04c2012e0c1a222740d79242cbd82cb21e63e8b1925d2d0b381bf82fc89
train,5575237,image,S1Weak,v1.1/data/flood_events/WeaklyLabeled/S1Weak/India_5575237_S1Weak.tif,https://storage.googleapis.com/sen1floods11/v1.1/data/flood_events/WeaklyLabeled/S1Weak/India_5575237_S1Weak.tif,raw/train/images/5575237.tif,1671168,803ffd7b07fbc1038033cf0b2e6c675446950035e31d885795b9f66da551ffc6
train,5575237,label,S1OtsuLabelWeak,v1.1/data/flood_events/WeaklyLabeled/S1OtsuLabelWeak/India_5575237_S1OtsuLabelWeak.tif,https://storage.googleapis.com/sen1floods11/v1.1/data/flood_events/WeaklyLabeled/S1OtsuLabelWeak/India_5575237_S1OtsuLabelWeak.tif,raw/train/labels/5575237.tif,6525,3a5694839a42a938e533958caaf6ef52082570e9c3bc73a721c25ff985a7d3df
train,5593307,image,S1Weak,v1.1/data/flood_events/WeaklyLabeled/S1Weak/India_5593307_S1Weak.tif,https://storage.googleapis.com/sen1floods11/v1.1/data/flood_events/WeaklyLabeled/S1Weak/India_5593307_S1Weak.tif,raw/train/images/5593307.tif,1661283,6f6462dad159d56796aabf94ce95b48a65a77dc417e22e94af858f2aaa8f7fc3
train,5593307,label,S1OtsuLabelWeak,v1.1/data/flood_events/WeaklyLabeled/S1OtsuLabelWeak/India_5593307_S1OtsuLabelWeak.tif,https://storage.googleapis.com/sen1floods11/v1.1/data/flood_events/WeaklyLabeled/S1OtsuLabelWeak/India_5593307_S1OtsuLabelWeak.tif,raw/train/labels/5593307.tif,4361,140015ec3f7a9474b958a9c43372ad84cf4b9e7b2833b14c215a06e805832d9f
train,5612288,image,S1Weak,v1.1/data/flood_events/WeaklyLabeled/S1Weak/India_5612288_S1Weak.tif,https://storage.googleapis.com/sen1floods11/v1.1/data/flood_events/WeaklyLabeled/S1Weak/India_5612288_S1Weak.tif,raw/train/images/5612288.tif,1668197,fbcbf3594f49b7f5d6fb1325bbe8e3ce63edba0c27611bdd0eec89d07585944e
train,5612288,label,S1OtsuLabelWeak,v1.1/data/flood_events/WeaklyLabeled/S1OtsuLabelWeak/India_5612288_S1OtsuLabelWeak.tif,https://storage.googleapis.com/sen1floods11/v1.1/data/flood_events/WeaklyLabeled/S1OtsuLabelWeak/India_5612288_S1OtsuLabelWeak.tif,raw/train/labels/5612288.tif,4261,c003efb0b7c1359e0a9829e7a949a5d912d8cf38df6e5aec5a38b4d13fdaf8a2
train,5620129,image,S1Weak,v1.1/data/flood_events/WeaklyLabeled/S1Weak/India_5620129_S1Weak.tif,https://storage.googleapis.com/sen1floods11/v1.1/data/flood_events/WeaklyLabeled/S1Weak/India_5620129_S1Weak.tif,raw/train/images/5620129.tif,1667545,ca2fd1f48269d2d4170f14d930761c89e3178b15192790364154ea2fe90cd553
train,5620129,label,S1OtsuLabelWeak,v1.1/data/flood_events/WeaklyLabeled/S1OtsuLabelWeak/India_5620129_S1OtsuLabelWeak.tif,https://storage.googleapis.com/sen1floods11/v1.1/data/flood_events/WeaklyLabeled/S1OtsuLabelWeak/India_5620129_S1OtsuLabelWeak.tif,raw/train/labels/5620129.tif,2250,eb13a59d1b36becf1fd2d37e98bfbb05a37d2b44a397a30a5a9609cc3dd7a371
train,5630840,image,S1Weak,v1.1/data/flood_events/WeaklyLabeled/S1Weak/India_5630840_S1Weak.tif,https://storage.googleapis.com/sen1floods11/v1.1/data/flood_events/WeaklyLabeled/S1Weak/India_5630840_S1Weak.tif,raw/train/images/5630840.tif,1659629,1d18df057b2861ebd2588a433a795f1b660a0130332d15a3dd73bdd90b1adef2
train,5630840,label,S1OtsuLabelWeak,v1.1/data/flood_events/WeaklyLabeled/S1OtsuLabelWeak/India_5630840_S1OtsuLabelWeak.tif,https://storage.googleapis.com/sen1floods11/v1.1/data/flood_events/WeaklyLabeled/S1OtsuLabelWeak/India_5630840_S1OtsuLabelWeak.tif,raw/train/labels/5630840.tif,3827,c60006c5ab62b237ee218920f51c806552c9e9a40135d0ec66757eff458fbaee
train,5657938,image,S1Weak,v1.1/data/flood_events/WeaklyLabeled/S1Weak/India_5657938_S1Weak.tif,https://storage.googleapis.com/sen1floods11/v1.1/data/flood_events/WeaklyLabeled/S1Weak/India_5657938_S1Weak.tif,raw/train/images/5657938.tif,1706817,0c4de3c0cc189d65794b4045f8453bfb076b8a4a9899a7b7a217fd737022f32b
train,5657938,label,S1OtsuLabelWeak,v1.1/data/flood_events/WeaklyLabeled/S1OtsuLabelWeak/India_5657938_S1OtsuLabelWeak.tif,https://storage.googleapis.com/sen1floods11/v1.1/data/flood_events/WeaklyLabeled/S1OtsuLabelWeak/India_5657938_S1OtsuLabelWeak.tif,raw/train/labels/5657938.tif,2086,220a0c318c792dd8e0ae31a3be4b216dc5df7da2944db5c9acf5947ba5f5f232
train,5665569,image,S1Weak,v1.1/data/flood_events/WeaklyLabeled/S1Weak/India_5665569_S1Weak.tif,https://storage.googleapis.com/sen1floods11/v1.1/data/flood_events/WeaklyLabeled/S1Weak/India_5665569_S1Weak.tif,raw/train/images/5665569.tif,1665365,7e419e5d0a136de525e074732b5ae75476a5437b25dcd38b360665b473858b43
train,5665569,label,S1OtsuLabelWeak,v1.1/data/flood_events/WeaklyLabeled/S1OtsuLabelWeak/India_5665569_S1OtsuLabelWeak.tif,https://storage.googleapis.com/sen1floods11/v1.1/data/flood_events/WeaklyLabeled/S1OtsuLabelWeak/India_5665569_S1OtsuLabelWeak.tif,raw/train/labels/5665569.tif,3206,2e3aa84849418cbecbf6b87bc0df2650a903223baa0bb42682bfc6a8747d0e1a
train,5679356,image,S1Weak,v1.1/data/flood_events/WeaklyLabeled/S1Weak/India_5679356_S1Weak.tif,https://storage.googleapis.com/sen1floods11/v1.1/data/flood_events/WeaklyLabeled/S1Weak/India_5679356_S1Weak.tif,raw/train/images/5679356.tif,1659237,9025d452bc2a9d4cd33cf815488b28367da0a12bb502594166bcf81ab6c76ea6
train,5679356,label,S1OtsuLabelWeak,v1.1/data/flood_events/WeaklyLabeled/S1OtsuLabelWeak/India_5679356_S1OtsuLabelWeak.tif,https://storage.googleapis.com/sen1floods11/v1.1/data/flood_events/WeaklyLabeled/S1OtsuLabelWeak/India_5679356_S1OtsuLabelWeak.tif,raw/train/labels/5679356.tif,3731,192e661218e938688f2342f319543725c31918e92e52d6470f7eb4fb51341fc3
train,5695341,image,S1Weak,v1.1/data/flood_events/WeaklyLabeled/S1Weak/India_5695341_S1Weak.tif,https://storage.googleapis.com/sen1floods11/v1.1/data/flood_events/WeaklyLabeled/S1Weak/India_5695341_S1Weak.tif,raw/train/images/5695341.tif,1662102,c65591a57b6bf81c42702b3e3f1af5215a9197c19bfbf2ff6b9244b1f7856b0b
train,5695341,label,S1OtsuLabelWeak,v1.1/data/flood_events/WeaklyLabeled/S1OtsuLabelWeak/India_5695341_S1OtsuLabelWeak.tif,https://storage.googleapis.com/sen1floods11/v1.1/data/flood_events/WeaklyLabeled/S1OtsuLabelWeak/India_5695341_S1OtsuLabelWeak.tif,raw/train/labels/5695341.tif,3754,00aba4be332872a69edd1148ae272620b4926e5fb86e1ec1de25d936ef3cb97e
train,5699185,image,S1Weak,v1.1/data/flood_events/WeaklyLabeled/S1Weak/India_5699185_S1Weak.tif,https://storage.googleapis.com/sen1floods11/v1.1/data/flood_events/WeaklyLabeled/S1Weak/India_5699185_S1Weak.tif,raw/train/images/5699185.tif,1665542,df762d66f8cf3f6c9c21dfa341480fc5c531f12b141ce42cdbdfe43b2a2027dc
train,5699185,label,S1OtsuLabelWeak,v1.1/data/flood_events/WeaklyLabeled/S1OtsuLabelWeak/India_5699185_S1OtsuLabelWeak.tif,https://storage.googleapis.com/sen1floods11/v1.1/data/flood_events/WeaklyLabeled/S1OtsuLabelWeak/India_5699185_S1OtsuLabelWeak.tif,raw/train/labels/5699185.tif,4565,6521203857365948b1889ce574b8013ed5e9695b022e19251a446ca51471e9f7
train,5772940,image,S1Weak,v1.1/data/flood_events/WeaklyLabeled/S1Weak/India_5772940_S1Weak.tif,https://storage.googleapis.com/sen1floods11/v1.1/data/flood_events/WeaklyLabeled/S1Weak/India_5772940_S1Weak.tif,raw/train/images/5772940.tif,1658229,7bcdcefa934b737325b99d85e74e4ca1a37b75dab793acbd94839b1eca62cbeb
train,5772940,label,S1OtsuLabelWeak,v1.1/data/flood_events/WeaklyLabeled/S1OtsuLabelWeak/India_5772940_S1OtsuLabelWeak.tif,https://storage.googleapis.com/sen1floods11/v1.1/data/flood_events/WeaklyLabeled/S1OtsuLabelWeak/India_5772940_S1OtsuLabelWeak.tif,raw/train/labels/5772940.tif,4808,b58d952d5f88276f85760012133f90b8435f8ff89c91c65d305154cf29198402
train,5817511,image,S1Weak,v1.1/data/flood_events/WeaklyLabeled/S1Weak/India_5817511_S1Weak.tif,https://storage.googleapis.com/sen1floods11/v1.1/data/flood_events/WeaklyLabeled/S1Weak/India_5817511_S1Weak.tif,raw/train/images/5817511.tif,1664142,ce9ebec72dfb846b3ed8eeac2e0f4246ee0e25b9eda3f75becc3848200ce0a74
train,5817511,label,S1OtsuLabelWeak,v1.1/data/flood_events/WeaklyLabeled/S1OtsuLabelWeak/India_5817511_S1OtsuLabelWeak.tif,https://storage.googleapis.com/sen1floods11/v1.1/data/flood_events/WeaklyLabeled/S1OtsuLabelWeak/India_5817511_S1OtsuLabelWeak.tif,raw/train/labels/5817511.tif,1773,745b9e3cefaeb975105424e4ddbefbb773a3c88bb362bdb4a6afff4a97a7005c
train,5834089,image,S1Weak,v1.1/data/flood_events/WeaklyLabeled/S1Weak/India_5834089_S1Weak.tif,https://storage.googleapis.com/sen1floods11/v1.1/data/flood_events/WeaklyLabeled/S1Weak/India_5834089_S1Weak.tif,raw/train/images/5834089.tif,1664326,b1ef215583ee5465b510eb0e5d9461c96ef3cc3489f2b27e9badcafac2bdf7c7
train,5834089,label,S1OtsuLabelWeak,v1.1/data/flood_events/WeaklyLabeled/S1OtsuLabelWeak/India_5834089_S1OtsuLabelWeak.tif,https://storage.googleapis.com/sen1floods11/v1.1/data/flood_events/WeaklyLabeled/S1OtsuLabelWeak/India_5834089_S1OtsuLabelWeak.tif,raw/train/labels/5834089.tif,2131,46b18ba444e46bd84b205090703de482b473ee30dbd153442acf546c51c811ac
train,5853527,image,S1Weak,v1.1/data/flood_events/WeaklyLabeled/S1Weak/India_5853527_S1Weak.tif,https://storage.googleapis.com/sen1floods11/v1.1/data/flood_events/WeaklyLabeled/S1Weak/India_5853527_S1Weak.tif,raw/train/images/5853527.tif,1660186,94102efef7b6b53ee59575930c2736f9ca130cd559ed34314e7c43277f9e7c63
train,5853527,label,S1OtsuLabelWeak,v1.1/data/flood_events/WeaklyLabeled/S1OtsuLabelWeak/India_5853527_S1OtsuLabelWeak.tif,https://storage.googleapis.com/sen1floods11/v1.1/data/flood_events/WeaklyLabeled/S1OtsuLabelWeak/India_5853527_S1OtsuLabelWeak.tif,raw/train/labels/5853527.tif,3303,451d25b7773856697e23739d30fc9ac6b033a2ac79423d9e77db093fb69f72db
train,590833,image,S1Weak,v1.1/data/flood_events/WeaklyLabeled/S1Weak/India_590833_S1Weak.tif,https://storage.googleapis.com/sen1floods11/v1.1/data/flood_events/WeaklyLabeled/S1Weak/India_590833_S1Weak.tif,raw/train/images/590833.tif,1661089,7a2902d8f8f45bebbaf83753ee2a0acd0d0529d44cb29bffc95c24a4566a37a8
train,590833,label,S1OtsuLabelWeak,v1.1/data/flood_events/WeaklyLabeled/S1OtsuLabelWeak/India_590833_S1OtsuLabelWeak.tif,https://storage.googleapis.com/sen1floods11/v1.1/data/flood_events/WeaklyLabeled/S1OtsuLabelWeak/India_590833_S1OtsuLabelWeak.tif,raw/train/labels/590833.tif,1099,6bd15419c5514926aa94a260c832c72fd05eb5439782e04a095f089e33b79153
train,5943401,image,S1Weak,v1.1/data/flood_events/WeaklyLabeled/S1Weak/India_5943401_S1Weak.tif,https://storage.googleapis.com/sen1floods11/v1.1/data/flood_events/WeaklyLabeled/S1Weak/India_5943401_S1Weak.tif,raw/train/images/5943401.tif,1664207,25d468e58b3d4963c756946c6152439422d8ea633b57b3afb6a20e053c72da86
train,5943401,label,S1OtsuLabelWeak,v1.1/data/flood_events/WeaklyLabeled/S1OtsuLabelWeak/India_5943401_S1OtsuLabelWeak.tif,https://storage.googleapis.com/sen1floods11/v1.1/data/flood_events/WeaklyLabeled/S1OtsuLabelWeak/India_5943401_S1OtsuLabelWeak.tif,raw/train/labels/5943401.tif,1873,f6cc124584c7e940ce47e86a95ffc78ef566e73db2d689c01b758e905aeec5b0
train,5962075,image,S1Weak,v1.1/data/flood_events/WeaklyLabeled/S1Weak/India_5962075_S1Weak.tif,https://storage.googleapis.com/sen1floods11/v1.1/data/flood_events/WeaklyLabeled/S1Weak/India_5962075_S1Weak.tif,raw/train/images/5962075.tif,1664991,a96c545eb795b07a84f0fa2ed209a72d05bfd8fcdb3dae16a0484bd9838fe0b2
train,5962075,label,S1OtsuLabelWeak,v1.1/data/flood_events/WeaklyLabeled/S1OtsuLabelWeak/India_5962075_S1OtsuLabelWeak.tif,https://storage.googleapis.com/sen1floods11/v1.1/data/flood_events/WeaklyLabeled/S1OtsuLabelWeak/India_5962075_S1OtsuLabelWeak.tif,raw/train/labels/5962075.tif,1414,aabdca38c7ab55c1ea718eda352ab3e108fa26c6d1a8e79dce743ab5d3ad72a5
train,5979551,image,S1Weak,v1.1/data/flood_events/WeaklyLabeled/S1Weak/India_5979551_S1Weak.tif,https://storage.googleapis.com/sen1floods11/v1.1/data/flood_events/WeaklyLabeled/S1Weak/India_5979551_S1Weak.tif,raw/train/images/5979551.tif,1661813,66000d638be27563ae7adb62ee099b4f4a09ae55ed8ec8f624549858047f08d0
train,5979551,label,S1OtsuLabelWeak,v1.1/data/flood_events/WeaklyLabeled/S1OtsuLabelWeak/India_5979551_S1OtsuLabelWeak.tif,https://storage.googleapis.com/sen1floods11/v1.1/data/flood_events/WeaklyLabeled/S1OtsuLabelWeak/India_5979551_S1OtsuLabelWeak.tif,raw/train/labels/5979551.tif,3914,a776b6ae4f51fb28500575803016bc0ed37a6a902f139fb951f6db63e1be79be
train,5983721,image,S1Weak,v1.1/data/flood_events/WeaklyLabeled/S1Weak/India_5983721_S1Weak.tif,https://storage.googleapis.com/sen1floods11/v1.1/data/flood_events/WeaklyLabeled/S1Weak/India_5983721_S1Weak.tif,raw/train/images/5983721.tif,1660098,4e11f8b35658613654bf59be5a4174a2192b1fb34c13f75e3033f95ad34b483f
train,5983721,label,S1OtsuLabelWeak,v1.1/data/flood_events/WeaklyLabeled/S1OtsuLabelWeak/India_5983721_S1OtsuLabelWeak.tif,https://storage.googleapis.com/sen1floods11/v1.1/data/flood_events/WeaklyLabeled/S1OtsuLabelWeak/India_5983721_S1OtsuLabelWeak.tif,raw/train/labels/5983721.tif,5372,8300ba00b34221cfd0209e662bf76aeb862ded20eea6a02dc3eb9ba977484c63
train,6002822,image,S1Weak,v1.1/data/flood_events/WeaklyLabeled/S1Weak/India_6002822_S1Weak.tif,https://storage.googleapis.com/sen1floods11/v1.1/data/flood_events/WeaklyLabeled/S1Weak/India_6002822_S1Weak.tif,raw/train/images/6002822.tif,1625002,4eee9418be517360d254c8513ea61691de4112ccea3ff2bb783b655a1afcbfee
train,6002822,label,S1OtsuLabelWeak,v1.1/data/flood_events/WeaklyLabeled/S1OtsuLabelWeak/India_6002822_S1OtsuLabelWeak.tif,https://storage.googleapis.com/sen1floods11/v1.1/data/flood_events/WeaklyLabeled/S1OtsuLabelWeak/India_6002822_S1OtsuLabelWeak.tif,raw/train/labels/6002822.tif,8955,4b790284b8bb8440f5fe96394cb70c2c40ec0092a9041b3b0e148d7ed7e22ba4
train,6013156,image,S1Weak,v1.1/data/flood_events/WeaklyLabeled/S1Weak/India_6013156_S1Weak.tif,https://storage.googleapis.com/sen1floods11/v1.1/data/flood_events/WeaklyLabeled/S1Weak/India_6013156_S1Weak.tif,raw/train/images/6013156.tif,1656831,97c8f3ee887f1e94c0233c5362205b54418755c5a819dbc359110e7de8a77968
train,6013156,label,S1OtsuLabelWeak,v1.1/data/flood_events/WeaklyLabeled/S1OtsuLabelWeak/India_6013156_S1OtsuLabelWeak.tif,https://storage.googleapis.com/sen1floods11/v1.1/data/flood_events/WeaklyLabeled/S1OtsuLabelWeak/India_6013156_S1OtsuLabelWeak.tif,raw/train/labels/6013156.tif,2333,9dd13a35cab0fafb37ffad2212b823a941d188c54a5eef1ead36fe79e4eeded0
train,6017190,image,S1Weak,v1.1/data/flood_events/WeaklyLabeled/S1Weak/India_6017190_S1Weak.tif,https://storage.googleapis.com/sen1floods11/v1.1/data/flood_events/WeaklyLabeled/S1Weak/India_6017190_S1Weak.tif,raw/train/images/6017190.tif,1662220,9462d31acd26942f54efab8c765643d439aeef856bd3b738f22cba9a0355407d
train,6017190,label,S1OtsuLabelWeak,v1.1/data/flood_events/WeaklyLabeled/S1OtsuLabelWeak/India_6017190_S1OtsuLabelWeak.tif,https://storage.googleapis.com/sen1floods11/v1.1/data/flood_events/WeaklyLabeled/S1OtsuLabelWeak/India_6017190_S1OtsuLabelWeak.tif,raw/train/labels/6017190.tif,1241,1c03ba1f872672ca28b44ebfb7e2e5d7e6f35d4e8ff4a3c7b0e28f61aa25940a
train,6027540,image,S1Weak,v1.1/data/flood_events/WeaklyLabeled/S1Weak/India_6027540_S1Weak.tif,https://storage.googleapis.com/sen1floods11/v1.1/data/flood_events/WeaklyLabeled/S1Weak/India_6027540_S1Weak.tif,raw/train/images/6027540.tif,1670431,8fc03b6d44a274c1a8b52153afe19580b3d0beb9469d14d9cc1f30a9e7b8cd32
train,6027540,label,S1OtsuLabelWeak,v1.1/data/flood_events/WeaklyLabeled/S1OtsuLabelWeak/India_6027540_S1OtsuLabelWeak.tif,https://storage.googleapis.com/sen1floods11/v1.1/data/flood_events/WeaklyLabeled/S1OtsuLabelWeak/India_6027540_S1OtsuLabelWeak.tif,raw/train/labels/6027540.tif,8152,f4e40b5261b1f56660e2637efc7bf05a3d2e5621c6cd0c80be2e4a8d2ddc037c
train,6053061,image,S1Weak,v1.1/data/flood_events/WeaklyLabeled/S1Weak/India_6053061_S1Weak.tif,https://storage.googleapis.com/sen1floods11/v1.1/data/flood_events/WeaklyLabeled/S1Weak/India_6053061_S1Weak.tif,raw/train/images/6053061.tif,1673321,fedc9ff5b0ef36c099b504bdafdd29275cf96ee0e7d3f5788de36d07fca95804
train,6053061,label,S1OtsuLabelWeak,v1.1/data/flood_events/WeaklyLabeled/S1OtsuLabelWeak/India_6053061_S1OtsuLabelWeak.tif,https://storage.googleapis.com/sen1floods11/v1.1/data/flood_events/WeaklyLabeled/S1OtsuLabelWeak/India_6053061_S1OtsuLabelWeak.tif,raw/train/labels/6053061.tif,1099,aafff48284c8db7f6108646d0883b70308e99272c9c42229f474f4ffd1373799
train,6091006,image,S1Weak,v1.1/data/flood_events/WeaklyLabeled/S1Weak/India_6091006_S1Weak.tif,https://storage.googleapis.com/sen1floods11/v1.1/data/flood_events/WeaklyLabeled/S1Weak/India_6091006_S1Weak.tif,raw/train/images/6091006.tif,1655653,58cc03c1ab2bfe39818c0140f67aa008e0d47ea9ca56371415e53686779d63a6
train,6091006,label,S1OtsuLabelWeak,v1.1/data/flood_events/WeaklyLabeled/S1OtsuLabelWeak/India_6091006_S1OtsuLabelWeak.tif,https://storage.googleapis.com/sen1floods11/v1.1/data/flood_events/WeaklyLabeled/S1OtsuLabelWeak/India_6091006_S1OtsuLabelWeak.tif,raw/train/labels/6091006.tif,3989,7b057e039eb1644a8af4fdbf1d049c4ca4861b0900751c05d5b298c6b4b02885
train,61138,image,S1Weak,v1.1/data/flood_events/WeaklyLabeled/S1Weak/India_61138_S1Weak.tif,https://storage.googleapis.com/sen1floods11/v1.1/data/flood_events/WeaklyLabeled/S1Weak/India_61138_S1Weak.tif,raw/train/images/61138.tif,1676222,e95304e6fdbdca196dc5a0e1ea1bce4bd6e2b14a98fbf345a9ae5c6705d0350b
train,61138,label,S1OtsuLabelWeak,v1.1/data/flood_events/WeaklyLabeled/S1OtsuLabelWeak/India_61138_S1OtsuLabelWeak.tif,https://storage.googleapis.com/sen1floods11/v1.1/data/flood_events/WeaklyLabeled/S1OtsuLabelWeak/India_61138_S1OtsuLabelWeak.tif,raw/train/labels/61138.tif,1598,4325679d8d9bd016e0432f9a7ac67fa6660396852d5f56f983212258bce22df0
train,6116323,image,S1Weak,v1.1/data/flood_events/WeaklyLabeled/S1Weak/India_6116323_S1Weak.tif,https://storage.googleapis.com/sen1floods11/v1.1/data/flood_events/WeaklyLabeled/S1Weak/India_6116323_S1Weak.tif,raw/train/images/6116323.tif,1665569,a828c15a6018636c26f7400194ecb408e9363659c6d6f71136a1f3b44918d555
train,6116323,label,S1OtsuLabelWeak,v1.1/data/flood_events/WeaklyLabeled/S1OtsuLabelWeak/India_6116323_S1OtsuLabelWeak.tif,https://storage.googleapis.com/sen1floods11/v1.1/data/flood_events/WeaklyLabeled/S1OtsuLabelWeak/India_6116323_S1OtsuLabelWeak.tif,raw/train/labels/6116323.tif,1890,942e1beaec483ef55d258229bdfff81c6583c3a7d2c415c9bf24b9fabbcff65f
train,6117535,image,S1Weak,v1.1/data/flood_events/WeaklyLabeled/S1Weak/India_6117535_S1Weak.tif,https://storage.googleapis.com/sen1floods11/v1.1/data/flood_events/WeaklyLabeled/S1Weak/India_6117535_S1Weak.tif,raw/train/images/6117535.tif,1659064,6cfbe00838584f5bb9fdde34c82fb20ebdb64f3ecc121897aab35a710d7ca272
train,6117535,label,S1OtsuLabelWeak,v1.1/data/flood_events/WeaklyLabeled/S1OtsuLabelWeak/India_6117535_S1OtsuLabelWeak.tif,https://storage.googleapis.com/sen1floods11/v1.1/data/flood_events/WeaklyLabeled/S1OtsuLabelWeak/India_6117535_S1OtsuLabelWeak.tif,raw/train/labels/6117535.tif,3810,0c6199f265f953fca0daf77d38f12ecbab4a6ac70fcae8659f64441e72e305cb
train,6129838,image,S1Weak,v1.1/data/flood_events/WeaklyLabeled/S1Weak/India_6129838_S1Weak.tif,https://storage.googleapis.com/sen1floods11/v1.1/data/flood_events/WeaklyLabeled/S1Weak/India_6129838_S1Weak.tif,raw/train/images/6129838.tif,1695780,1fd0aa34e35afe8fbea691cf9e56ac66f924572d4a6f44f55aad7f88b966667a
train,6129838,label,S1OtsuLabelWeak,v1.1/data/flood_events/WeaklyLabeled/S1OtsuLabelWeak/India_6129838_S1OtsuLabelWeak.tif,https://storage.googleapis.com/sen1floods11/v1.1/data/flood_events/WeaklyLabeled/S1OtsuLabelWeak/India_6129838_S1OtsuLabelWeak.tif,raw/train/labels/6129838.tif,1122,aa15f4b433a73c5cf013935ad9d5c2cfac5f2dcf41205f55345dde028886163a
train,6171036,image,S1Weak,v1.1/data/flood_events/WeaklyLabeled/S1Weak/India_6171036_S1Weak.tif,https://storage.googleapis.com/sen1floods11/v1.1/data/flood_events/WeaklyLabeled/S1Weak/India_6171036_S1Weak.tif,raw/train/images/6171036.tif,1659704,8795475f23ca873877e6c6e78f254639743e10cbfcfa4bb51d79a2d7329932c4
train,6171036,label,S1OtsuLabelWeak,v1.1/data/flood_events/WeaklyLabeled/S1OtsuLabelWeak/India_6171036_S1OtsuLabelWeak.tif,https://storage.googleapis.com/sen1floods11/v1.1/data/flood_events/WeaklyLabeled/S1OtsuLabelWeak/India_6171036_S1OtsuLabelWeak.tif,raw/train/labels/6171036.tif,4962,9113ce8584c263725c849a325b2f0b1ba948ad76e14b705a4b4a598c9bd6a9a5
train,6179196,image,S1Weak,v1.1/data/flood_events/WeaklyLabeled/S1Weak/India_6179196_S1Weak.tif,https://storage.googleapis.com/sen1floods11/v1.1/data/flood_events/WeaklyLabeled/S1Weak/India_6179196_S1Weak.tif,raw/train/images/6179196.tif,1694931,1156cbfea356c26a8433676ca8962c28bb8bc3b2d20dd1d68431e9b69dce2093
train,6179196,label,S1OtsuLabelWeak,v1.1/data/flood_events/WeaklyLabeled/S1OtsuLabelWeak/India_6179196_S1OtsuLabelWeak.tif,https://storage.googleapis.com/sen1floods11/v1.1/data/flood_events/WeaklyLabeled/S1OtsuLabelWeak/India_6179196_S1OtsuLabelWeak.tif,raw/train/labels/6179196.tif,1378,bd8b7f6f891ae681ba1266c28604b0a5d7767cf4f785b8d7a598331d3cb1de15
train,6197717,image,S1Weak,v1.1/data/flood_events/WeaklyLabeled/S1Weak/India_6197717_S1Weak.tif,https://storage.googleapis.com/sen1floods11/v1.1/data/flood_events/WeaklyLabeled/S1Weak/India_6197717_S1Weak.tif,raw/train/images/6197717.tif,1668596,692d89cf8e2a6b340ad4da6a961b655e78c602e3bd21e27ea762dd0f8d27184c
train,6197717,label,S1OtsuLabelWeak,v1.1/data/flood_events/WeaklyLabeled/S1OtsuLabelWeak/India_6197717_S1OtsuLabelWeak.tif,https://storage.googleapis.com/sen1floods11/v1.1/data/flood_events/WeaklyLabeled/S1OtsuLabelWeak/India_6197717_S1OtsuLabelWeak.tif,raw/train/labels/6197717.tif,1289,e35db8d786a29acca938dcdee41858003b6c22ed4cfdc2e99a1bfd067730b957
train,6213862,image,S1Weak,v1.1/data/flood_events/WeaklyLabeled/S1Weak/India_6213862_S1Weak.tif,https://storage.googleapis.com/sen1floods11/v1.1/data/flood_events/WeaklyLabeled/S1Weak/India_6213862_S1Weak.tif,raw/train/images/6213862.tif,1650386,1761fdbac744ed98f9f9aac3ec4cfadf26ba6549c88871a03e4c1e03e7180dba
train,6213862,label,S1OtsuLabelWeak,v1.1/data/flood_events/WeaklyLabeled/S1OtsuLabelWeak/India_6213862_S1OtsuLabelWeak.tif,https://storage.googleapis.com/sen1floods11/v1.1/data/flood_events/WeaklyLabeled/S1OtsuLabelWeak/India_6213862_S1OtsuLabelWeak.tif,raw/train/labels/6213862.tif,1508,ac0fa79c70fa50f136f6900c690a744871622dde91c2b4fedf3e1789ade76331
train,6220217,image,S1Weak,v1.1/data/flood_events/WeaklyLabeled/S1Weak/India_6220217_S1Weak.tif,https://storage.googleapis.com/sen1floods11/v1.1/data/flood_events/WeaklyLabeled/S1Weak/India_6220217_S1Weak.tif,raw/train/images/6220217.tif,1675266,ffcf732a9d2cee3a8452d6c44f1690d7272e1f404b170934d536ccaca76df6fb
train,6220217,label,S1OtsuLabelWeak,v1.1/data/flood_events/WeaklyLabeled/S1OtsuLabelWeak/India_6220217_S1OtsuLabelWeak.tif,https://storage.googleapis.com/sen1floods11/v1.1/data/flood_events/WeaklyLabeled/S1OtsuLabelWeak/India_6220217_S1OtsuLabelWeak.tif,raw/train/labels/6220217.tif,1208,9136b267d3b09a35a888b207a14639afdc19ebc0993f5109201618e265e607d7
train,6241742,image,S1Weak,v1.1/data/flood_events/WeaklyLabeled/S1Weak/India_6241742_S1Weak.tif,https://storage.googleapis.com/sen1floods11/v1.1/data/flood_events/WeaklyLabeled/S1Weak/India_6241742_S1Weak.tif,raw/train/images/6241742.tif,1675972,b7e448bb5a640fc849e6149fd171d7d4435ee44ef78e282974bc920fb752b034
train,6241742,label,S1OtsuLabelWeak,v1.1/data/flood_events/WeaklyLabeled/S1OtsuLabelWeak/India_6241742_S1OtsuLabelWeak.tif,https://storage.googleapis.com/sen1floods11/v1.1/data/flood_events/WeaklyLabeled/S1OtsuLabelWeak/India_6241742_S1OtsuLabelWeak.tif,raw/train/labels/6241742.tif,1979,01a96579a05816f1f3126dbe8534040704809525827db0e662b5d2b4c8a2ec81
train,627783,image,S1Weak,v1.1/data/flood_events/WeaklyLabeled/S1Weak/India_627783_S1Weak.tif,https://storage.googleapis.com/sen1floods11/v1.1/data/flood_events/WeaklyLabeled/S1Weak/India_627783_S1Weak.tif,raw/train/images/627783.tif,1669569,0bbe835c7d2dfe2fbbf247b4998814687718d92b80b5d5d74cc03e9fbeb616d0
train,627783,label,S1OtsuLabelWeak,v1.1/data/flood_events/WeaklyLabeled/S1OtsuLabelWeak/India_627783_S1OtsuLabelWeak.tif,https://storage.googleapis.com/sen1floods11/v1.1/data/flood_events/WeaklyLabeled/S1OtsuLabelWeak/India_627783_S1OtsuLabelWeak.tif,raw/train/labels/627783.tif,7913,17f22dd102693540281150115a064b69d9c66777d15bada83464af03ac6938b9
train,6315839,image,S1Weak,v1.1/data/flood_events/WeaklyLabeled/S1Weak/India_6315839_S1Weak.tif,https://storage.googleapis.com/sen1floods11/v1.1/data/flood_events/WeaklyLabeled/S1Weak/India_6315839_S1Weak.tif,raw/train/images/6315839.tif,1669606,842daf022970ad7c6c3ad0d9e711376932afba92925edc7e06ed647a3e6e8c2a
train,6315839,label,S1OtsuLabelWeak,v1.1/data/flood_events/WeaklyLabeled/S1OtsuLabelWeak/India_6315839_S1OtsuLabelWeak.tif,https://storage.googleapis.com/sen1floods11/v1.1/data/flood_events/WeaklyLabeled/S1OtsuLabelWeak/India_6315839_S1OtsuLabelWeak.tif,raw/train/labels/6315839.tif,4976,0617371669cf893ec6619da146a7aa0f537b4b7da273e2393d3f74406020a415
train,6320105,image,S1Weak,v1.1/data/flood_events/WeaklyLabeled/S1Weak/India_6320105_S1Weak.tif,https://storage.googleapis.com/sen1floods11/v1.1/data/flood_events/WeaklyLabeled/S1Weak/India_6320105_S1Weak.tif,raw/train/images/6320105.tif,1661248,ca56e3160f66310d8045ffa34c84b2a783b5587a590dbf992488443781780c31
train,6320105,label,S1OtsuLabelWeak,v1.1/data/flood_events/WeaklyLabeled/S1OtsuLabelWeak/India_6320105_S1OtsuLabelWeak.tif,https://storage.googleapis.com/sen1floods11/v1.1/data/flood_events/WeaklyLabeled/S1OtsuLabelWeak/India_6320105_S1OtsuLabelWeak.tif,raw/train/labels/6320105.tif,2573,854dba673c4d983969f96e4778d6c5da54690cf1cc32acc560df5c5176cafdd9
train,6323923,image,S1Weak,v1.1/data/flood_events/WeaklyLabeled/S1Weak/India_6323923_S1Weak.tif,https://storage.googleapis.com/sen1floods11/v1.1/data/flood_events/WeaklyLabeled/S1Weak/India_6323923_S1Weak.tif,raw/train/images/6323923.tif,1663330,b16ec27864e636bf747282cc0b505c27a707a8d6fd41542b1624f2b88cac6ab4
train,6323923,label,S1OtsuLabelWeak,v1.1/data/flood_events/WeaklyLabeled/S1OtsuLabelWeak/India_6323923_S1OtsuLabelWeak.tif,https://storage.googleapis.com/sen1floods11/v1.1/data/flood_events/WeaklyLabeled/S1OtsuLabelWeak/India_6323923_S1OtsuLabelWeak.tif,raw/train/labels/6323923.tif,4351,3eb10d85703a90ef821e7422f08da99d1e404a029366900df27dc46c2920d495
train,6338548,image,S1Weak,v1.1/data/flood_events/WeaklyLabeled/S1Weak/India_6338548_S1Weak.tif,https://storage.googleapis.com/sen1floods11/v1.1/data/flood_events/WeaklyLabeled/S1Weak/India_6338548_S1Weak.tif,raw/train/images/6338548.tif,1665049,0133d826c613dca28196f0b788183b057b522f95dd12b961dab8a4744c008cf6
train,6338548,label,S1OtsuLabelWeak,v1.1/data/flood_events/WeaklyLabeled/S1OtsuLabelWeak/India_6338548_S1OtsuLabelWeak.tif,https://storage.googleapis.com/sen1floods11/v1.1/data/flood_events/WeaklyLabeled/S1OtsuLabelWeak/India_6338548_S1OtsuLabelWeak.tif,raw/train/labels/6338548.tif,4842,cd4514f61ea4ef149a7b7fc81efa1b5dde9a6a0319669a43a73af81db0a71894
train,6361129,image,S1Weak,v1.1/data/flood_events/WeaklyLabeled/S1Weak/India_6361129_S1Weak.tif,https://storage.googleapis.com/sen1floods11/v1.1/data/flood_events/WeaklyLabeled/S1Weak/India_6361129_S1Weak.tif,raw/train/images/6361129.tif,1676385,8ce416a76c4fc02ef8b7f5b54597828786c2b32a9f34821d4633944e181122e3
train,6361129,label,S1OtsuLabelWeak,v1.1/data/flood_events/WeaklyLabeled/S1OtsuLabelWeak/India_6361129_S1OtsuLabelWeak.tif,https://storage.googleapis.com/sen1floods11/v1.1/data/flood_events/WeaklyLabeled/S1OtsuLabelWeak/India_6361129_S1OtsuLabelWeak.tif,raw/train/labels/6361129.tif,1295,6f0de8c999440de41401ac5dd5b57b55764402b6c1bfa83ae9676ff067683e47
train,6372569,image,S1Weak,v1.1/data/flood_events/WeaklyLabeled/S1Weak/India_6372569_S1Weak.tif,https://storage.googleapis.com/sen1floods11/v1.1/data/flood_events/WeaklyLabeled/S1Weak/India_6372569_S1Weak.tif,raw/train/images/6372569.tif,1660754,9d0821c0e26f9c245a557ef9d92f28c9a0d90eadd54eafe220327aa2167e6a0a
train,6372569,label,S1OtsuLabelWeak,v1.1/data/flood_events/WeaklyLabeled/S1OtsuLabelWeak/India_6372569_S1OtsuLabelWeak.tif,https://storage.googleapis.com/sen1floods11/v1.1/data/flood_events/WeaklyLabeled/S1OtsuLabelWeak/India_6372569_S1OtsuLabelWeak.tif,raw/train/labels/6372569.tif,1666,09deab72517559c2cad7764d044e9fda027eeb793201f46acd38bc39827a0ade
train,6394346,image,S1Weak,v1.1/data/flood_events/WeaklyLabeled/S1Weak/India_6394346_S1Weak.tif,https://storage.googleapis.com/sen1floods11/v1.1/data/flood_events/WeaklyLabeled/S1Weak/India_6394346_S1Weak.tif,raw/train/images/6394346.tif,1663806,dc093c93d330dc183452e26029e719822e46d3e59357e6502b7c62306cf09e5f
train,6394346,label,S1OtsuLabelWeak,v1.1/data/flood_events/WeaklyLabeled/S1OtsuLabelWeak/India_6394346_S1OtsuLabelWeak.tif,https://storage.googleapis.com/sen1floods11/v1.1/data/flood_events/WeaklyLabeled/S1OtsuLabelWeak/India_6394346_S1OtsuLabelWeak.tif,raw/train/labels/6394346.tif,2859,fa600fb26966dd37923e83133aa8242aa503ea43675978cd2b7b77eda6f4829c
train,6458468,image,S1Weak,v1.1/data/flood_events/WeaklyLabeled/S1Weak/India_6458468_S1Weak.tif,https://storage.googleapis.com/sen1floods11/v1.1/data/flood_events/WeaklyLabeled/S1Weak/India_6458468_S1Weak.tif,raw/train/images/6458468.tif,1503874,ef251e16ad929ac865207ee530710bf82394fc1c67397b6c275616b206c6cf1e
train,6458468,label,S1OtsuLabelWeak,v1.1/data/flood_events/WeaklyLabeled/S1OtsuLabelWeak/India_6458468_S1OtsuLabelWeak.tif,https://storage.googleapis.com/sen1floods11/v1.1/data/flood_events/WeaklyLabeled/S1OtsuLabelWeak/India_6458468_S1OtsuLabelWeak.tif,raw/train/labels/6458468.tif,3974,20a69bd4bf407e55d7dcb50a8c07f19b0c8de79f0b2df0e844aa96f678107f9a
train,6471422,image,S1Weak,v1.1/data/flood_events/WeaklyLabeled/S1Weak/India_6471422_S1Weak.tif,https://storage.googleapis.com/sen1floods11/v1.1/data/flood_events/WeaklyLabeled/S1Weak/India_6471422_S1Weak.tif,raw/train/images/6471422.tif,1666089,100bbd70cc375a94855fed783a0c5fc84210aaa0b9d5124b73da95eff15f2c75
train,6471422,label,S1OtsuLabelWeak,v1.1/data/flood_events/WeaklyLabeled/S1OtsuLabelWeak/India_6471422_S1OtsuLabelWeak.tif,https://storage.googleapis.com/sen1floods11/v1.1/data/flood_events/WeaklyLabeled/S1OtsuLabelWeak/India_6471422_S1OtsuLabelWeak.tif,raw/train/labels/6471422.tif,2933,ffd5421742c86c314c31d0917877f3ecfe959f60de8463929aea96480d70a6cc
train,6498243,image,S1Weak,v1.1/data/flood_events/WeaklyLabeled/S1Weak/India_6498243_S1Weak.tif,https://storage.googleapis.com/sen1floods11/v1.1/data/flood_events/WeaklyLabeled/S1Weak/India_6498243_S1Weak.tif,raw/train/images/6498243.tif,1659691,1431e3a3769ba491d61c04f90aa56e0db3f8141e10c7b9b95b3296395a49c290
train,6498243,label,S1OtsuLabelWeak,v1.1/data/flood_events/WeaklyLabeled/S1OtsuLabelWeak/India_6498243_S1OtsuLabelWeak.tif,https://storage.googleapis.com/sen1floods11/v1.1/data/flood_events/WeaklyLabeled/S1OtsuLabelWeak/India_6498243_S1OtsuLabelWeak.tif,raw/train/labels/6498243.tif,1483,81f73e468dc44ecff0ec8a7ab12042af4d8a3ca8c6920fe6090b13590c0c11da
train,6526664,image,S1Weak,v1.1/data/flood_events/WeaklyLabeled/S1Weak/India_6526664_S1Weak.tif,https://storage.googleapis.com/sen1floods11/v1.1/data/flood_events/WeaklyLabeled/S1Weak/India_6526664_S1Weak.tif,raw/train/images/6526664.tif,1670704,d3c35b41f8e5abba401b8939e48ded5f54c81003f90085d5c54109897affdcca
train,6526664,label,S1OtsuLabelWeak,v1.1/data/flood_events/WeaklyLabeled/S1OtsuLabelWeak/India_6526664_S1OtsuLabelWeak.tif,https://storage.googleapis.com/sen1floods11/v1.1/data/flood_events/WeaklyLabeled/S1OtsuLabelWeak/India_6526664_S1OtsuLabelWeak.tif,raw/train/labels/6526664.tif,5101,dded54a62392c375b8eadea389fc8894265b6e8ebe4ea0a3b1c6b464d8d0cb5c
train,6539812,image,S1Weak,v1.1/data/flood_events/WeaklyLabeled/S1Weak/India_6539812_S1Weak.tif,https://storage.googleapis.com/sen1floods11/v1.1/data/flood_events/WeaklyLabeled/S1Weak/India_6539812_S1Weak.tif,raw/train/images/6539812.tif,1670217,e6540c08a574ae68896497714a21743af42fe2cbf416ac3f28809178560a2b89
train,6539812,label,S1OtsuLabelWeak,v1.1/data/flood_events/WeaklyLabeled/S1OtsuLabelWeak/India_6539812_S1OtsuLabelWeak.tif,https://storage.googleapis.com/sen1floods11/v1.1/data/flood_events/WeaklyLabeled/S1OtsuLabelWeak/India_6539812_S1OtsuLabelWeak.tif,raw/train/labels/6539812.tif,4733,06ac8757e08e234aa4919b684feab3017921d8eaa61bc39f179d96794a40093c
train,6543540,image,S1Weak,v1.1/data/flood_events/WeaklyLabeled/S1Weak/India_6543540_S1Weak.tif,https://storage.googleapis.com/sen1floods11/v1.1/data/flood_events/WeaklyLabeled/S1Weak/India_6543540_S1Weak.tif,raw/train/images/6543540.tif,1665067,332ebece5d684aaa5c635519fe453dd0027091a8513a2ad3bdb8fde7f9676ac2
train,6543540,label,S1OtsuLabelWeak,v1.1/data/flood_events/WeaklyLabeled/S1OtsuLabelWeak/India_6543540_S1OtsuLabelWeak.tif,https://storage.googleapis.com/sen1floods11/v1.1/data/flood_events/WeaklyLabeled/S1OtsuLabelWeak/India_6543540_S1OtsuLabelWeak.tif,raw/train/labels/6543540.tif,3576,73ab858cf96ee0986f4a1b2c6a29ce6b542753fe719a6e766b1a386b036ef28d
train,6549752,image,S1Weak,v1.1/data/flood_events/WeaklyLabeled/S1Weak/India_6549752_S1Weak.tif,https://storage.googleapis.com/sen1floods11/v1.1/data/flood_events/WeaklyLabeled/S1Weak/India_6549752_S1Weak.tif,raw/train/images/6549752.tif,1664916,fced9cfc4fb4f8c82512a78b4ffaceb169074b0ac966cf0de908e98f258214ea
train,6549752,label,S1OtsuLabelWeak,v1.1/data/flood_events/WeaklyLabeled/S1OtsuLabelWeak/India_6549752_S1OtsuLabelWeak.tif,https://storage.googleapis.com/sen1floods11/v1.1/data/flood_events/WeaklyLabeled/S1OtsuLabelWeak/India_6549752_S1OtsuLabelWeak.tif,raw/train/labels/6549752.tif,1890,9386cd1e60afec9851b0e352398b132a1fb278a3bd1b6b268192b5dcb5cc3d91
train,6572601,image,S1Weak,v1.1/data/flood_events/WeaklyLabeled/S1Weak/India_6572601_S1Weak.tif,https://storage.googleapis.com/sen1floods11/v1.1/data/flood_events/WeaklyLabeled/S1Weak/India_6572601_S1Weak.tif,raw/train/images/6572601.tif,1664785,bba354b8b25b4a6e6d4b9234812d03c66400ffde3d83358778ab6f01add87ceb
train,6572601,label,S1OtsuLabelWeak,v1.1/data/flood_events/WeaklyLabeled/S1OtsuLabelWeak/India_6572601_S1OtsuLabelWeak.tif,https://storage.googleapis.com/sen1floods11/v1.1/data/flood_events/WeaklyLabeled/S1OtsuLabelWeak/India_6572601_S1OtsuLabelWeak.tif,raw/train/labels/6572601.tif,4732,6f272b914fc714b2ca853b1fa74f2e01e877f32ad2daba65156b007be2a117ab
train,6576681,image,S1Weak,v1.1/data/flood_events/WeaklyLabeled/S1Weak/India_6576681_S1Weak.tif,https://storage.googleapis.com/sen1floods11/v1.1/data/flood_events/WeaklyLabeled/S1Weak/India_6576681_S1Weak.tif,raw/train/images/6576681.tif,1666032,630c3339906ae08ef686a6d934bc4d11cc3f32cee0df9053a1a196ebb5dc9c56
train,6576681,label,S1OtsuLabelWeak,v1.1/data/flood_events/WeaklyLabeled/S1OtsuLabelWeak/India_6576681_S1OtsuLabelWeak.tif,https://storage.googleapis.com/sen1floods11/v1.1/data/flood_events/WeaklyLabeled/S1OtsuLabelWeak/India_6576681_S1OtsuLabelWeak.tif,raw/train/labels/6576681.tif,1908,6c97ce7ce9cb614773c888518f48cc34d87629b47dbc60691b7e8ee938fcbc0d
train,6590268,image,S1Weak,v1.1/data/flood_events/WeaklyLabeled/S1Weak/India_6590268_S1Weak.tif,https://storage.googleapis.com/sen1floods11/v1.1/data/flood_events/WeaklyLabeled/S1Weak/India_6590268_S1Weak.tif,raw/train/images/6590268.tif,1682233,ee5241bb1a1a26c13d71ae40ad47f2e4a35ad65bc923b65ca7da17d324f32b12
train,6590268,label,S1OtsuLabelWeak,v1.1/data/flood_events/WeaklyLabeled/S1OtsuLabelWeak/India_6590268_S1OtsuLabelWeak.tif,https://storage.googleapis.com/sen1floods11/v1.1/data/flood_events/WeaklyLabeled/S1OtsuLabelWeak/India_6590268_S1OtsuLabelWeak.tif,raw/train/labels/6590268.tif,1157,40c68f849b436e96b308bfb04c99296e0b9198fd9d813aa6a57d61bdbfa4c067
train,6613794,image,S1Weak,v1.1/data/flood_events/WeaklyLabeled/S1Weak/India_6613794_S1Weak.tif,https://storage.googleapis.com/sen1floods11/v1.1/data/flood_events/WeaklyLabeled/S1Weak/India_6613794_S1Weak.tif,raw/train/images/6613794.tif,1649490,c3a286f3eed083664b2be8ad7fa51eaff280a2f92abd62024d8e0dbd3495fa27
train,6613794,label,S1OtsuLabelWeak,v1.1/data/flood_events/WeaklyLabeled/S1OtsuLabelWeak/India_6613794_S1OtsuLabelWeak.tif,https://storage.googleapis.com/sen1floods11/v1.1/data/flood_events/WeaklyLabeled/S1OtsuLabelWeak/India_6613794_S1OtsuLabelWeak.tif,raw/train/labels/6613794.tif,1466,c4746454eed65043db6882e4110bf3fb6e8644998a9e3c5dacce9b6a069e5ee2
train,6638939,image,S1Weak,v1.1/data/flood_events/WeaklyLabeled/S1Weak/India_6638939_S1Weak.tif,https://storage.googleapis.com/sen1floods11/v1.1/data/flood_events/WeaklyLabeled/S1Weak/India_6638939_S1Weak.tif,raw/train/images/6638939.tif,1666858,224832d53e9d9a476413f81fdb053f296ef2b8d16ba1acc9b4cdcd000de8045c
train,6638939,label,S1OtsuLabelWeak,v1.1/data/flood_events/WeaklyLabeled/S1OtsuLabelWeak/India_6638939_S1OtsuLabelWeak.tif,https://storage.googleapis.com/sen1floods11/v1.1/data/flood_events/WeaklyLabeled/S1OtsuLabelWeak/India_6638939_S1OtsuLabelWeak.tif,raw/train/labels/6638939.tif,2979,5c34da59baaef776bb8a9950a06b4f031c72076801ff9cd0d42fc9cbe6784c70
train,6646816,image,S1Weak,v1.1/data/flood_events/WeaklyLabeled/S1Weak/India_6646816_S1Weak.tif,https://storage.googleapis.com/sen1floods11/v1.1/data/flood_events/WeaklyLabeled/S1Weak/India_6646816_S1Weak.tif,raw/train/images/6646816.tif,1669534,85ec44baf11c19f6f3dcb957d16af959acf7d89fbe026479c88030528b9671ef
train,6646816,label,S1OtsuLabelWeak,v1.1/data/flood_events/WeaklyLabeled/S1OtsuLabelWeak/India_6646816_S1OtsuLabelWeak.tif,https://storage.googleapis.com/sen1floods11/v1.1/data/flood_events/WeaklyLabeled/S1OtsuLabelWeak/India_6646816_S1OtsuLabelWeak.tif,raw/train/labels/6646816.tif,7286,e3bbfa7cbb981324a566e650c5b701f9e3d51c3e730ee803e84020a1f72f44bf
train,6655394,image,S1Weak,v1.1/data/flood_events/WeaklyLabeled/S1Weak/India_6655394_S1Weak.tif,https://storage.googleapis.com/sen1floods11/v1.1/data/flood_events/WeaklyLabeled/S1Weak/India_6655394_S1Weak.tif,raw/train/images/6655394.tif,1697061,5332667ba89653af4dd74ed7d711d8b8065058973ba2a3ef327216149f9a4fb5
train,6655394,label,S1OtsuLabelWeak,v1.1/data/flood_events/WeaklyLabeled/S1OtsuLabelWeak/India_6655394_S1OtsuLabelWeak.tif,https://storage.googleapis.com/sen1floods11/v1.1/data/flood_events/WeaklyLabeled/S1OtsuLabelWeak/India_6655394_S1OtsuLabelWeak.tif,raw/train/labels/6655394.tif,1411,711d68f1fc3725a8878e37a056ac16824a5e873578f991c17e2aea591669a4a7
train,6655663,image,S1Weak,v1.1/data/flood_events/WeaklyLabeled/S1Weak/India_6655663_S1Weak.tif,https://storage.googleapis.com/sen1floods11/v1.1/data/flood_events/WeaklyLabeled/S1Weak/India_6655663_S1Weak.tif,raw/train/images/6655663.tif,1245133,c8e00644c67952e931ab9d8627447223489e01e3d0785c3a0d89248a7ec55a96
train,6655663,label,S1OtsuLabelWeak,v1.1/data/flood_events/WeaklyLabeled/S1OtsuLabelWeak/India_6655663_S1OtsuLabelWeak.tif,https://storage.googleapis.com/sen1floods11/v1.1/data/flood_events/WeaklyLabeled/S1OtsuLabelWeak/India_6655663_S1OtsuLabelWeak.tif,raw/train/labels/6655663.tif,9191,871584b787f8c92697d117ae5b2fc678c5f510d085045c5e2a0bb8189592fa30
train,6680794,image,S1Weak,v1.1/data/flood_events/WeaklyLabeled/S1Weak/India_6680794_S1Weak.tif,https://storage.googleapis.com/sen1floods11/v1.1/data/flood_events/WeaklyLabeled/S1Weak/India_6680794_S1Weak.tif,raw/train/images/6680794.tif,1663036,f58f84a46c8dbe86025261a63b892dc4757d8fa4e503f3a87a8b0106ed1d8e6c
train,6680794,label,S1OtsuLabelWeak,v1.1/data/flood_events/WeaklyLabeled/S1OtsuLabelWeak/India_6680794_S1OtsuLabelWeak.tif,https://storage.googleapis.com/sen1floods11/v1.1/data/flood_events/WeaklyLabeled/S1OtsuLabelWeak/India_6680794_S1OtsuLabelWeak.tif,raw/train/labels/6680794.tif,3678,81106084c361ac634a435b50df90668a82925d9193950cf2008a7d903da7fa93
train,6688257,image,S1Weak,v1.1/data/flood_events/WeaklyLabeled/S1Weak/India_6688257_S1Weak.tif,https://storage.googleapis.com/sen1floods11/v1.1/data/flood_events/WeaklyLabeled/S1Weak/India_6688257_S1Weak.tif,raw/train/images/6688257.tif,1678857,e5ade5badd6ed5d127dcd2c5b1987603aca1b5739ca4fc24d8aa7a565997e634
train,6688257,label,S1OtsuLabelWeak,v1.1/data/flood_events/WeaklyLabeled/S1OtsuLabelWeak/India_6688257_S1OtsuLabelWeak.tif,https://storage.googleapis.com/sen1floods11/v1.1/data/flood_events/WeaklyLabeled/S1OtsuLabelWeak/India_6688257_S1OtsuLabelWeak.tif,raw/train/labels/6688257.tif,1910,2dabef4388b3d0ae58db90c606fd62e31b9682cbaaa6ee9725f4eccbba641132
train,6707364,image,S1Weak,v1.1/data/flood_events/WeaklyLabeled/S1Weak/India_6707364_S1Weak.tif,https://storage.googleapis.com/sen1floods11/v1.1/data/flood_events/WeaklyLabeled/S1Weak/India_6707364_S1Weak.tif,raw/train/images/6707364.tif,1660697,7e392a709fb72da5a30397f3e30659fcd4800da93bea57ec0b1a016edfb72dfc
train,6707364,label,S1OtsuLabelWeak,v1.1/data/flood_events/WeaklyLabeled/S1OtsuLabelWeak/India_6707364_S1OtsuLabelWeak.tif,https://storage.googleapis.com/sen1floods11/v1.1/data/flood_events/WeaklyLabeled/S1OtsuLabelWeak/India_6707364_S1OtsuLabelWeak.tif,raw/train/labels/6707364.tif,2099,03d8110d710d335cf3b210082f61ff10ffb272d22c712e23ae951cb6c480ee20
train,6727603,image,S1Weak,v1.1/data/flood_events/WeaklyLabeled/S1Weak/India_6727603_S1Weak.tif,https://storage.googleapis.com/sen1floods11/v1.1/data/flood_events/WeaklyLabeled/S1Weak/India_6727603_S1Weak.tif,raw/train/images/6727603.tif,1658323,f6b1c9e5192730255c371bb6fc23eb57596b9d8f5ebf64cf793cce74f051d5fa
train,6727603,label,S1OtsuLabelWeak,v1.1/data/flood_events/WeaklyLabeled/S1OtsuLabelWeak/India_6727603_S1OtsuLabelWeak.tif,https://storage.googleapis.com/sen1floods11/v1.1/data/flood_events/WeaklyLabeled/S1OtsuLabelWeak/India_6727603_S1OtsuLabelWeak.tif,raw/train/labels/6727603.tif,2324,d764d30e8aaff4f6feb1b2de6a730f83720c904b0a902d1b5310abeef0ddb623
train,6744636,image,S1Weak,v1.1/data/flood_events/WeaklyLabeled/S1Weak/India_6744636_S1Weak.tif,https://storage.googleapis.com/sen1floods11/v1.1/data/flood_events/WeaklyLabeled/S1Weak/India_6744636_S1Weak.tif,raw/train/images/6744636.tif,1671560,746554dc29c8361d99adc2559b0b64a5c60a67119d9c4564c7ee0ae6c8d2f653
train,6744636,label,S1OtsuLabelWeak,v1.1/data/flood_events/WeaklyLabeled/S1OtsuLabelWeak/India_6744636_S1OtsuLabelWeak.tif,https://storage.googleapis.com/sen1floods11/v1.1/data/flood_events/WeaklyLabeled/S1OtsuLabelWeak/India_6744636_S1OtsuLabelWeak.tif,raw/train/labels/6744636.tif,2027,95b507eaddc463652c7a821ad7946c68537b38095b85c4f1c80258164723431e
train,6768512,image,S1Weak,v1.1/data/flood_events/WeaklyLabeled/S1Weak/India_6768512_S1Weak.tif,https://storage.googleapis.com/sen1floods11/v1.1/data/flood_events/WeaklyLabeled/S1Weak/India_6768512_S1Weak.tif,raw/train/images/6768512.tif,1658741,c2eb4682ede9c43f1ddbecf8e3a02094801f773ef943aa2d20259ebc1f577890
train,6768512,label,S1OtsuLabelWeak,v1.1/data/flood_events/WeaklyLabeled/S1OtsuLabelWeak/India_6768512_S1OtsuLabelWeak.tif,https://storage.googleapis.com/sen1floods11/v1.1/data/flood_events/WeaklyLabeled/S1OtsuLabelWeak/India_6768512_S1OtsuLabelWeak.tif,raw/train/labels/6768512.tif,2979,02b3c3521a5f0733159899e62634dd2b6f1c66260702a1642277eb0aec9072e2
train,6770503,image,S1Weak,v1.1/data/flood_events/WeaklyLabeled/S1Weak/India_6770503_S1Weak.tif,https://storage.googleapis.com/sen1floods11/v1.1/data/flood_events/WeaklyLabeled/S1Weak/India_6770503_S1Weak.tif,raw/train/images/6770503.tif,1662774,ceabd6df8e3930334cb1088c5e28cbb7f193e07746b5c23cd8b75647e53789a4
train,6770503,label,S1OtsuLabelWeak,v1.1/data/flood_events/WeaklyLabeled/S1OtsuLabelWeak/India_6770503_S1OtsuLabelWeak.tif,https://storage.googleapis.com/sen1floods11/v1.1/data/flood_events/WeaklyLabeled/S1OtsuLabelWeak/India_6770503_S1OtsuLabelWeak.tif,raw/train/labels/6770503.tif,4358,1b33d62d5649f62541a1f6e6466b02015593b3e5b01be88b11774c67867347e3
train,6796279,image,S1Weak,v1.1/data/flood_events/WeaklyLabeled/S1Weak/India_6796279_S1Weak.tif,https://storage.googleapis.com/sen1floods11/v1.1/data/flood_events/WeaklyLabeled/S1Weak/India_6796279_S1Weak.tif,raw/train/images/6796279.tif,1666663,d736a211f8120ea56ee3389a035f57a9959fcc837031cf5e3778552552366a1b
train,6796279,label,S1OtsuLabelWeak,v1.1/data/flood_events/WeaklyLabeled/S1OtsuLabelWeak/India_6796279_S1OtsuLabelWeak.tif,https://storage.googleapis.com/sen1floods11/v1.1/data/flood_events/WeaklyLabeled/S1OtsuLabelWeak/India_6796279_S1OtsuLabelWeak.tif,raw/train/labels/6796279.tif,5902,e992653af7ca0160f18dd935872e845c16245884ebeb4e650b33f2567618aaa6
train,6797288,image,S1Weak,v1.1/data/flood_events/WeaklyLabeled/S1Weak/India_6797288_S1Weak.tif,https://storage.googleapis.com/sen1floods11/v1.1/data/flood_events/WeaklyLabeled/S1Weak/India_6797288_S1Weak.tif,raw/train/images/6797288.tif,1692434,995a3b8449dea898266cd747656741e161bf299bc1411b63afb6a96d21dafd82
train,6797288,label,S1OtsuLabelWeak,v1.1/data/flood_events/WeaklyLabeled/S1OtsuLabelWeak/India_6797288_S1OtsuLabelWeak.tif,https://storage.googleapis.com/sen1floods11/v1.1/data/flood_events/WeaklyLabeled/S1OtsuLabelWeak/India_6797288_S1OtsuLabelWeak.tif,raw/train/labels/6797288.tif,1099,17e87fe3e1d191bbe0f4dcaa9b921e4125e70d4a978073ac67c3753f682f01fe
train,6802525,image,S1Weak,v1.1/data/flood_events/WeaklyLabeled/S1Weak/India_6802525_S1Weak.tif,https://storage.googleapis.com/sen1floods11/v1.1/data/flood_events/WeaklyLabeled/S1Weak/India_6802525_S1Weak.tif,raw/train/images/6802525.tif,1679169,f0eec8781838f14b06aa92e81b78531fe2179d57c7269e22d45410a4c1bd91af
train,6802525,label,S1OtsuLabelWeak,v1.1/data/flood_events/WeaklyLabeled/S1OtsuLabelWeak/India_6802525_S1OtsuLabelWeak.tif,https://storage.googleapis.com/sen1floods11/v1.1/data/flood_events/WeaklyLabeled/S1OtsuLabelWeak/India_6802525_S1OtsuLabelWeak.tif,raw/train/labels/6802525.tif,1227,e1549fe0f7077830a8d9b1774ee9dd309127362863e326866447e1b0bb11b8e3
train,6814345,image,S1Weak,v1.1/data/flood_events/WeaklyLabeled/S1Weak/India_6814345_S1Weak.tif,https://storage.googleapis.com/sen1floods11/v1.1/data/flood_events/WeaklyLabeled/S1Weak/India_6814345_S1Weak.tif,raw/train/images/6814345.tif,1659188,dc40559b68863b01bba07dd81c6d308532590631c0f921abaff09a0066d84035
train,6814345,label,S1OtsuLabelWeak,v1.1/data/flood_events/WeaklyLabeled/S1OtsuLabelWeak/India_6814345_S1OtsuLabelWeak.tif,https://storage.googleapis.com/sen1floods11/v1.1/data/flood_events/WeaklyLabeled/S1OtsuLabelWeak/India_6814345_S1OtsuLabelWeak.tif,raw/train/labels/6814345.tif,4471,d3db609b53677f07cc65f471b6bfb1956ebf51a3b31385dbaabb7887b904525c
train,6814744,image,S1Weak,v1.1/data/flood_events/WeaklyLabeled/S1Weak/India_6814744_S1Weak.tif,https://storage.googleapis.com/sen1floods11/v1.1/data/flood_events/WeaklyLabeled/S1Weak/India_6814744_S1Weak.tif,raw/train/images/6814744.tif,1662238,2719e6c6fcd23b46b25afbf9024ef555b8e880a153d3cd36232f6e4dbc88a07c
train,6814744,label,S1OtsuLabelWeak,v1.1/data/flood_events/WeaklyLabeled/S1OtsuLabelWeak/India_6814744_S1OtsuLabelWeak.tif,https://storage.googleapis.com/sen1floods11/v1.1/data/flood_events/WeaklyLabeled/S1OtsuLabelWeak/India_6814744_S1OtsuLabelWeak.tif,raw/train/labels/6814744.tif,5507,930304b2829cd7fd85e475a4eb69797d8313ef826e2723fa46f4694a7091a426
train,6823485,image,S1Weak,v1.1/data/flood_events/WeaklyLabeled/S1Weak/India_6823485_S1Weak.tif,https://storage.googleapis.com/sen1floods11/v1.1/data/flood_events/WeaklyLabeled/S1Weak/India_6823485_S1Weak.tif,raw/train/images/6823485.tif,1666152,41a238d991e5ce591528d52b31964101dcb70057c825ecb746ee26acdc744f11
train,6823485,label,S1OtsuLabelWeak,v1.1/data/flood_events/WeaklyLabeled/S1OtsuLabelWeak/India_6823485_S1OtsuLabelWeak.tif,https://storage.googleapis.com/sen1floods11/v1.1/data/flood_events/WeaklyLabeled/S1OtsuLabelWeak/India_6823485_S1OtsuLabelWeak.tif,raw/train/labels/6823485.tif,2115,ed3f2018191d4f4553517a3b52073db63dc8670727273ef7d22a7a73376597d1
train,6839906,image,S1Weak,v1.1/data/flood_events/WeaklyLabeled/S1Weak/India_6839906_S1Weak.tif,https://storage.googleapis.com/sen1floods11/v1.1/data/flood_events/WeaklyLabeled/S1Weak/India_6839906_S1Weak.tif,raw/train/images/6839906.tif,1687340,54403f7b747b915d495b2fee6648947b7eb6acf0aa6c3c8dbea968aff7050620
train,6839906,label,S1OtsuLabelWeak,v1.1/data/flood_events/WeaklyLabeled/S1OtsuLabelWeak/India_6839906_S1OtsuLabelWeak.tif,https://storage.googleapis.com/sen1floods11/v1.1/data/flood_events/WeaklyLabeled/S1OtsuLabelWeak/India_6839906_S1OtsuLabelWeak.tif,raw/train/labels/6839906.tif,1181,c736df89359a6aaa04c1fc545035413a0ef799268b40effb6be41bb5bd32c895
train,6848411,image,S1Weak,v1.1/data/flood_events/WeaklyLabeled/S1Weak/India_6848411_S1Weak.tif,https://storage.googleapis.com/sen1floods11/v1.1/data/flood_events/WeaklyLabeled/S1Weak/India_6848411_S1Weak.tif,raw/train/images/6848411.tif,1661271,f7b5517fb6643b7e3da499c0312611c2c9d576e5c2794da5a939c75a0b817464
train,6848411,label,S1OtsuLabelWeak,v1.1/data/flood_events/WeaklyLabeled/S1OtsuLabelWeak/India_6848411_S1OtsuLabelWeak.tif,https://storage.googleapis.com/sen1floods11/v1.1/data/flood_events/WeaklyLabeled/S1OtsuLabelWeak/India_6848411_S1OtsuLabelWeak.tif,raw/train/labels/6848411.tif,3872,79066442cc14b1674fdebc3179e41f38d299fc22611c0a7a254c4de81297d02a
train,6867277,image,S1Weak,v1.1/data/flood_events/WeaklyLabeled/S1Weak/India_6867277_S1Weak.tif,https://storage.googleapis.com/sen1floods11/v1.1/data/flood_events/WeaklyLabeled/S1Weak/India_6867277_S1Weak.tif,raw/train/images/6867277.tif,1656888,996c4e74b0ed733f3ad9edd660ad6f80589b523e4d750d7f2c0e526846827040
train,6867277,label,S1OtsuLabelWeak,v1.1/data/flood_events/WeaklyLabeled/S1OtsuLabelWeak/India_6867277_S1OtsuLabelWeak.tif,https://storage.googleapis.com/sen1floods11/v1.1/data/flood_events/WeaklyLabeled/S1OtsuLabelWeak/India_6867277_S1OtsuLabelWeak.tif,raw/train/labels/6867277.tif,1280,b40483ec788a4ff4a1d548a209cc25015bfbcf05025d11b11bf12e3af6dfee2f
train,6872002,image,S1Weak,v1.1/data/flood_events/WeaklyLabeled/S1Weak/India_6872002_S1Weak.tif,https://storage.googleapis.com/sen1floods11/v1.1/data/flood_events/WeaklyLabeled/S1Weak/India_6872002_S1Weak.tif,raw/train/images/6872002.tif,1678787,3408aee7deff6805af1e694c30b6d5f5b018c5f3351edda8e8048e78c6da21de
train,6872002,label,S1OtsuLabelWeak,v1.1/data/flood_events/WeaklyLabeled/S1OtsuLabelWeak/India_6872002_S1OtsuLabelWeak.tif,https://storage.googleapis.com/sen1floods11/v1.1/data/flood_events/WeaklyLabeled/S1OtsuLabelWeak/India_6872002_S1OtsuLabelWeak.tif,raw/train/labels/6872002.tif,1167,f759a426de2830299821505bcbfc95641bbd260034a4cc3de4a4331e7a8b9f37
train,6873781,image,S1Weak,v1.1/data/flood_events/WeaklyLabeled/S1Weak/India_6873781_S1Weak.tif,https://storage.googleapis.com/sen1floods11/v1.1/data/flood_events/WeaklyLabeled/S1Weak/India_6873781_S1Weak.tif,raw/train/images/6873781.tif,1687140,a74ff7f09cebb44a856ad55d55a23c565e6962166045fecca94d67b27bbcf644
train,6873781,label,S1OtsuLabelWeak,v1.1/data/flood_events/WeaklyLabeled/S1OtsuLabelWeak/India_6873781_S1OtsuLabelWeak.tif,https://storage.googleapis.com/sen1floods11/v1.1/data/flood_events/WeaklyLabeled/S1OtsuLabelWeak/India_6873781_S1OtsuLabelWeak.tif,raw/train/labels/6873781.tif,1790,8c04046b29fa9ab29a7c2a1c25ef7bf3549c479a3dc081601013da45d15f8dd2
train,6877685,image,S1Weak,v1.1/data/flood_events/WeaklyLabeled/S1Weak/India_6877685_S1Weak.tif,https://storage.googleapis.com/sen1floods11/v1.1/data/flood_events/WeaklyLabeled/S1Weak/India_6877685_S1Weak.tif,raw/train/images/6877685.tif,1664605,b6a12d3a50f13d95245232edca27effcac3f5b79eb755898d6768f76b2a2efa5
train,6877685,label,S1OtsuLabelWeak,v1.1/data/flood_events/WeaklyLabeled/S1OtsuLabelWeak/India_6877685_S1OtsuLabelWeak.tif,https://storage.googleapis.com/sen1floods11/v1.1/data/flood_events/WeaklyLabeled/S1OtsuLabelWeak/India_6877685_S1OtsuLabelWeak.tif,raw/train/labels/6877685.tif,2499,86d8af2c60a5f09b11b365668e5ad318d7132bca2dbd4625b5b57c3c701b79e2
train,6914630,image,S1Weak,v1.1/data/flood_events/WeaklyLabeled/S1Weak/India_6914630_S1Weak.tif,https://storage.googleapis.com/sen1floods11/v1.1/data/flood_events/WeaklyLabeled/S1Weak/India_6914630_S1Weak.tif,raw/train/images/6914630.tif,1660432,460a4709cbfd89efbf28b179c02afc7622cb07f067178002e371d2a1d899c6b5
train,6914630,label,S1OtsuLabelWeak,v1.1/data/flood_events/WeaklyLabeled/S1OtsuLabelWeak/India_6914630_S1OtsuLabelWeak.tif,https://storage.googleapis.com/sen1floods11/v1.1/data/flood_events/WeaklyLabeled/S1OtsuLabelWeak/India_6914630_S1OtsuLabelWeak.tif,raw/train/labels/6914630.tif,5060,5edf44c61402148035f7fb34ba44722fde451e67f159f3aaf89ef61520550593
train,6934776,image,S1Weak,v1.1/data/flood_events/WeaklyLabeled/S1Weak/India_6934776_S1Weak.tif,https://storage.googleapis.com/sen1floods11/v1.1/data/flood_events/WeaklyLabeled/S1Weak/India_6934776_S1Weak.tif,raw/train/images/6934776.tif,1670983,071fba517bdfb8c3ccfab4f65800a66ede9a4a3011f9942304be0078a22a5594
train,6934776,label,S1OtsuLabelWeak,v1.1/data/flood_events/WeaklyLabeled/S1OtsuLabelWeak/India_6934776_S1OtsuLabelWeak.tif,https://storage.googleapis.com/sen1floods11/v1.1/data/flood_events/WeaklyLabeled/S1OtsuLabelWeak/India_6934776_S1OtsuLabelWeak.tif,raw/train/labels/6934776.tif,1474,51c13226e079ddf8def66b25a248ccfb78bf8884cca4a24ee68c9fcb9c23b736
train,6981716,image,S1Weak,v1.1/data/flood_events/WeaklyLabeled/S1Weak/India_6981716_S1Weak.tif,https://storage.googleapis.com/sen1floods11/v1.1/data/flood_events/WeaklyLabeled/S1Weak/India_6981716_S1Weak.tif,raw/train/images/6981716.tif,1674065,97e69b4d0f58db7282a9e02c8943e143fc6473edeb898aaf3b20f7d730d84ef4
train,6981716,label,S1OtsuLabelWeak,v1.1/data/flood_events/WeaklyLabeled/S1OtsuLabelWeak/India_6981716_S1OtsuLabelWeak.tif,https://storage.googleapis.com/sen1floods11/v1.1/data/flood_events/WeaklyLabeled/S1OtsuLabelWeak/India_6981716_S1OtsuLabelWeak.tif,raw/train/labels/6981716.tif,1399,286eee597089d2ca352920b097dc5e63812c9755fc057ede7e9243d8f0a40f47
train,6993369,image,S1Weak,v1.1/data/flood_events/WeaklyLabeled/S1Weak/India_6993369_S1Weak.tif,https://storage.googleapis.com/sen1floods11/v1.1/data/flood_events/WeaklyLabeled/S1Weak/India_6993369_S1Weak.tif,raw/train/images/6993369.tif,1669397,dde71bc3e57eb1ae712cd8c83a94d0f99e05a50a05aadef63542139960701684
train,6993369,label,S1OtsuLabelWeak,v1.1/data/flood_events/WeaklyLabeled/S1OtsuLabelWeak/India_6993369_S1OtsuLabelWeak.tif,https://storage.googleapis.com/sen1floods11/v1.1/data/flood_events/WeaklyLabeled/S1OtsuLabelWeak/India_6993369_S1OtsuLabelWeak.tif,raw/train/labels/6993369.tif,5650,f7d50400df8f7f90c30874c5405ca3f7f9f6fdb50fbe0f5a4a8ce6af63e8f768
train,7011567,image,S1Weak,v1.1/data/flood_events/WeaklyLabeled/S1Weak/India_7011567_S1Weak.tif,https://storage.googleapis.com/sen1floods11/v1.1/data/flood_events/WeaklyLabeled/S1Weak/India_7011567_S1Weak.tif,raw/train/images/7011567.tif,819298,d6b1876387406a93642ab4a6c1ad398731ba1a2b7166ef0479daf34787dd8ded
train,7011567,label,S1OtsuLabelWeak,v1.1/data/flood_events/WeaklyLabeled/S1OtsuLabelWeak/India_7011567_S1OtsuLabelWeak.tif,https://storage.googleapis.com/sen1floods11/v1.1/data/flood_events/WeaklyLabeled/S1OtsuLabelWeak/India_7011567_S1OtsuLabelWeak.tif,raw/train/labels/7011567.tif,2323,dbd5de72b10e7827017726ce51ae48e06aacad66558b1533744723b46b7128ec
train,7047324,image,S1Weak,v1.1/data/flood_events/WeaklyLabeled/S1Weak/India_7047324_S1Weak.tif,https://storage.googleapis.com/sen1floods11/v1.1/data/flood_events/WeaklyLabeled/S1Weak/India_7047324_S1Weak.tif,raw/train/images/7047324.tif,1663087,06751861ed1200de2c305175b9d21f24cd86cfaf938fcf252ed9bac2bf6abe48
train,7047324,label,S1OtsuLabelWeak,v1.1/data/flood_events/WeaklyLabeled/S1OtsuLabelWeak/India_7047324_S1OtsuLabelWeak.tif,https://storage.googleapis.com/sen1floods11/v1.1/data/flood_events/WeaklyLabeled/S1OtsuLabelWeak/India_7047324_S1OtsuLabelWeak.tif,raw/train/labels/7047324.tif,1349,f1559756e8fad7d8cb21f0caec819e56eeb6ae0eccb381ae4fc255ea9e7c83ac
train,7068709,image,S1Weak,v1.1/data/flood_events/WeaklyLabeled/S1Weak/India_7068709_S1Weak.tif,https://storage.googleapis.com/sen1floods11/v1.1/data/flood_events/WeaklyLabeled/S1Weak/India_7068709_S1Weak.tif,raw/train/images/7068709.tif,1656006,d8a2e4fca2f8045a50060acb5981b867f09b6279bf281c1601a3ff385dc6d71b
train,7068709,label,S1OtsuLabelWeak,v1.1/data/flood_events/WeaklyLabeled/S1OtsuLabelWeak/India_7068709_S1OtsuLabelWeak.tif,https://storage.googleapis.com/sen1floods11/v1.1/data/flood_events/WeaklyLabeled/S1OtsuLabelWeak/India_7068709_S1OtsuLabelWeak.tif,raw/train/labels/7068709.tif,3002,b0a23e04523b8f55ac4cd890c0526d60850c8060181378055a3493b513cdb54c
train,7069565,image,S1Weak,v1.1/data/flood_events/WeaklyLabeled/S1Weak/India_7069565_S1Weak.tif,https://storage.googleapis.com/sen1floods11/v1.1/data/flood_events/WeaklyLabeled/S1Weak/India_7069565_S1Weak.tif,raw/train/images/7069565.tif,1663597,ee370f60b3be81a0b60189a37b10a58483fe72d789f06da9fd15389a86f6a7a0
train,7069565,label,S1OtsuLabelWeak,v1.1/data/flood_events/WeaklyLabeled/S1OtsuLabelWeak/India_7069565_S1OtsuLabelWeak.tif,https://storage.googleapis.com/sen1floods11/v1.1/data/flood_events/WeaklyLabeled/S1OtsuLabelWeak/India_7069565_S1OtsuLabelWeak.tif,raw/train/labels/7069565.tif,1254,c2a1339d2a6fdab013abfbcdca88228a89d4364ae5357ded0b54d6a794ced24d
train,7078674,image,S1Weak,v1.1/data/flood_events/WeaklyLabeled/S1Weak/India_7078674_S1Weak.tif,https://storage.googleapis.com/sen1floods11/v1.1/data/flood_events/WeaklyLabeled/S1Weak/India_7078674_S1Weak.tif,raw/train/images/7078674.tif,1655594,248800abbe72c902b199cde84853d73bb28a406a36a5c19162b10bf58f02e653
train,7078674,label,S1OtsuLabelWeak,v1.1/data/flood_events/WeaklyLabeled/S1OtsuLabelWeak/India_7078674_S1OtsuLabelWeak.tif,https://storage.googleapis.com/sen1floods11/v1.1/data/flood_events/WeaklyLabeled/S1OtsuLabelWeak/India_7078674_S1OtsuLabelWeak.tif,raw/train/labels/7078674.tif,2870,6211ba44414cc1b381fb09512fba2f1ffa254505505bd1ae85be34ea7b97ffa9
train,7089682,image,S1Weak,v1.1/data/flood_events/WeaklyLabeled/S1Weak/India_7089682_S1Weak.tif,https://storage.googleapis.com/sen1floods11/v1.1/data/flood_events/WeaklyLabeled/S1Weak/India_7089682_S1Weak.tif,raw/train/images/7089682.tif,1685624,c36577b531b87344f949d1c9552189a85fdb8592da5f60e33b71f8d9ef594e71
train,7089682,label,S1OtsuLabelWeak,v1.1/data/flood_events/WeaklyLabeled/S1OtsuLabelWeak/India_7089682_S1OtsuLabelWeak.tif,https://storage.googleapis.com/sen1floods11/v1.1/data/flood_events/WeaklyLabeled/S1OtsuLabelWeak/India_7089682_S1OtsuLabelWeak.tif,raw/train/labels/7089682.tif,1116,4d3b42b843e8d66575373995089e8c39a7f1d16c5b38a96cba7b601f89af925e
train,7158228,image,S1Weak,v1.1/data/flood_events/WeaklyLabeled/S1Weak/India_7158228_S1Weak.tif,https://storage.googleapis.com/sen1floods11/v1.1/data/flood_events/WeaklyLabeled/S1Weak/India_7158228_S1Weak.tif,raw/train/images/7158228.tif,1678798,63b63ef3b012f77575fcfd2ee4a121d0210e8472096b141bddda2c4d4852ce0a
train,7158228,label,S1OtsuLabelWeak,v1.1/data/flood_events/WeaklyLabeled/S1OtsuLabelWeak/India_7158228_S1OtsuLabelWeak.tif,https://storage.googleapis.com/sen1floods11/v1.1/data/flood_events/WeaklyLabeled/S1OtsuLabelWeak/India_7158228_S1OtsuLabelWeak.tif,raw/train/labels/7158228.tif,1175,918afdd853a78f14882eae0c7b151862626fb3e2858c9bf8eadb1438f0ff9ec8
train,7163050,image,S1Weak,v1.1/data/flood_events/WeaklyLabeled/S1Weak/India_7163050_S1Weak.tif,https://storage.googleapis.com/sen1floods11/v1.1/data/flood_events/WeaklyLabeled/S1Weak/India_7163050_S1Weak.tif,raw/train/images/7163050.tif,836101,ffc2e1c22650c324b42ebaec95a65178aee390a0145d5354c80bde2df83cba84
train,7163050,label,S1OtsuLabelWeak,v1.1/data/flood_events/WeaklyLabeled/S1OtsuLabelWeak/India_7163050_S1OtsuLabelWeak.tif,https://storage.googleapis.com/sen1floods11/v1.1/data/flood_events/WeaklyLabeled/S1OtsuLabelWeak/India_7163050_S1OtsuLabelWeak.tif,raw/train/labels/7163050.tif,7621,55ca5288813c84c3aeb43bd0a15f9c8194271f99b4f40cb4ca275f7a2fd276aa
train,7163359,image,S1Weak,v1.1/data/flood_events/WeaklyLabeled/S1Weak/India_7163359_S1Weak.tif,https://storage.googleapis.com/sen1floods11/v1.1/data/flood_events/WeaklyLabeled/S1Weak/India_7163359_S1Weak.tif,raw/train/images/7163359.tif,1670236,5e33ea2d50144e69c78132f47f01309e1c774789c62e162193b634f105dcef52
train,7163359,label,S1OtsuLabelWeak,v1.1/data/flood_events/WeaklyLabeled/S1OtsuLabelWeak/India_7163359_S1OtsuLabelWeak.tif,https://storage.googleapis.com/sen1floods11/v1.1/data/flood_events/WeaklyLabeled/S1OtsuLabelWeak/India_7163359_S1OtsuLabelWeak.tif,raw/train/labels/7163359.tif,7174,61758b73f5bd6dbb7ac13adfcd9ee3338372c5b9312ef158ea90997fdfa525b3
train,7163772,image,S1Weak,v1.1/data/flood_events/WeaklyLabeled/S1Weak/India_7163772_S1Weak.tif,https://storage.googleapis.com/sen1floods11/v1.1/data/flood_events/WeaklyLabeled/S1Weak/India_7163772_S1Weak.tif,raw/train/images/7163772.tif,1677289,bdf641f3a6851e12a05e15e0aac8a1a4f90ecd7fd8f06a7cefca3fed7a05faa0
train,7163772,label,S1OtsuLabelWeak,v1.1/data/flood_events/WeaklyLabeled/S1OtsuLabelWeak/India_7163772_S1OtsuLabelWeak.tif,https://storage.googleapis.com/sen1floods11/v1.1/data/flood_events/WeaklyLabeled/S1OtsuLabelWeak/India_7163772_S1OtsuLabelWeak.tif,raw/train/labels/7163772.tif,1171,e5c1b97e871203882b238b9c2bbeaa89a1e9bf156cdb15fe7b6f80a0b510211a
train,7222182,image,S1Weak,v1.1/data/flood_events/WeaklyLabeled/S1Weak/India_7222182_S1Weak.tif,https://storage.googleapis.com/sen1floods11/v1.1/data/flood_events/WeaklyLabeled/S1Weak/India_7222182_S1Weak.tif,raw/train/images/7222182.tif,1670593,c695cf9d6441c3c38753eb14a0ddb0b3ca14ae085a441e7331df3c1850a9b25f
train,7222182,label,S1OtsuLabelWeak,v1.1/data/flood_events/WeaklyLabeled/S1OtsuLabelWeak/India_7222182_S1OtsuLabelWeak.tif,https://storage.googleapis.com/sen1floods11/v1.1/data/flood_events/WeaklyLabeled/S1OtsuLabelWeak/India_7222182_S1OtsuLabelWeak.tif,raw/train/labels/7222182.tif,3931,84aae5a40edcb0533ed5ac8e60dc689ff075cfcd1e6330aad359d846f4197642
train,7226040,image,S1Weak,v1.1/data/flood_events/WeaklyLabeled/S1Weak/India_7226040_S1Weak.tif,https://storage.googleapis.com/sen1floods11/v1.1/data/flood_events/WeaklyLabeled/S1Weak/India_7226040_S1Weak.tif,raw/train/images/7226040.tif,1670630,de2f0b17081ea503044d6c2ad0b7cb45b1e434c39a1ac77a08b01fec9c12dec4
train,7226040,label,S1OtsuLabelWeak,v1.1/data/flood_events/WeaklyLabeled/S1OtsuLabelWeak/India_7226040_S1OtsuLabelWeak.tif,https://storage.googleapis.com/sen1floods11/v1.1/data/flood_events/WeaklyLabeled/S1OtsuLabelWeak/India_7226040_S1OtsuLabelWeak.tif,raw/train/labels/7226040.tif,2492,b5c0a17d14ddb27cc1c13960ac25c62939a25b63dccf764f6604921f18ae8a61
train,7253758,image,S1Weak,v1.1/data/flood_events/WeaklyLabeled/S1Weak/India_7253758_S1Weak.tif,https://storage.googleapis.com/sen1floods11/v1.1/data/flood_events/WeaklyLabeled/S1Weak/India_7253758_S1Weak.tif,raw/train/images/7253758.tif,1665791,aac0294c3ec5b1025dc548d4666ed80556b6b0e49f7a402e5162cbbe41585e2a
train,7253758,label,S1OtsuLabelWeak,v1.1/data/flood_events/WeaklyLabeled/S1OtsuLabelWeak/India_7253758_S1OtsuLabelWeak.tif,https://storage.googleapis.com/sen1floods11/v1.1/data/flood_events/WeaklyLabeled/S1OtsuLabelWeak/India_7253758_S1OtsuLabelWeak.tif,raw/train/labels/7253758.tif,4229,d329e3f67ed350514e0c72a6a149357ba5f18f629ad2dca76914dcc9697376c1
train,7271072,image,S1Weak,v1.1/data/flood_events/WeaklyLabeled/S1Weak/India_7271072_S1Weak.tif,https://storage.googleapis.com/sen1floods11/v1.1/data/flood_events/WeaklyLabeled/S1Weak/India_7271072_S1Weak.tif,raw/train/images/7271072.tif,1670223,d7829db619f6be547df35daa2c7d104a7cf18487c2a5c9df94664843aaa4a578
train,7271072,label,S1OtsuLabelWeak,v1.1/data/flood_events/WeaklyLabeled/S1OtsuLabelWeak/India_7271072_S1OtsuLabelWeak.tif,https://storage.googleapis.com/sen1floods11/v1.1/data/flood_events/WeaklyLabeled/S1OtsuLabelWeak/India_7271072_S1OtsuLabelWeak.tif,raw/train/labels/7271072.tif,1099,87d8270b9c6b7d90895184b1e7c3b5c1fb2557f66d37b5303deb6098d88805c7
train,7280263,image,S1Weak,v1.1/data/flood_events/WeaklyLabeled/S1Weak/India_7280263_S1Weak.tif,https://storage.googleapis.com/sen1floods11/v1.1/data/flood_events/WeaklyLabeled/S1Weak/India_7280263_S1Weak.tif,raw/train/images/7280263.tif,1668755,faa7f1411945f2e6a928f0124c9a06fbc18a8cfeeba04c04a8c954632d4b602c
train,7280263,label,S1OtsuLabelWeak,v1.1/data/flood_events/WeaklyLabeled/S1OtsuLabelWeak/India_7280263_S1OtsuLabelWeak.tif,https://storage.googleapis.com/sen1floods11/v1.1/data/flood_events/WeaklyLabeled/S1OtsuLabelWeak/India_7280263_S1OtsuLabelWeak.tif,raw/train/labels/7280263.tif,2519,4ffc26338ad0b96d263bb70de43c24452aa66ad03873a1577a1dcfc84424c073
train,7287222,image,S1Weak,v1.1/data/flood_events/WeaklyLabeled/S1Weak/India_7287222_S1Weak.tif,https://storage.googleapis.com/sen1floods11/v1.1/data/flood_events/WeaklyLabeled/S1Weak/India_7287222_S1Weak.tif,raw/train/images/7287222.tif,1662174,0751bd2801a30c460952f5db5d54f9caa4b32f6feaa77db484fdd20ccdc25269
train,7287222,label,S1OtsuLabelWeak,v1.1/data/flood_events/WeaklyLabeled/S1OtsuLabelWeak/India_7287222_S1OtsuLabelWeak.tif,https://storage.googleapis.com/sen1floods11/v1.1/data/flood_events/WeaklyLabeled/S1OtsuLabelWeak/India_7287222_S1OtsuLabelWeak.tif,raw/train/labels/7287222.tif,5077,6c594fa541a34888f699f235ab6080e8b67b6ff2b606f193afbda8c2c36c7fff
train,7295985,image,S1Weak,v1.1/data/flood_events/WeaklyLabeled/S1Weak/India_7295985_S1Weak.tif,https://storage.googleapis.com/sen1floods11/v1.1/data/flood_events/WeaklyLabeled/S1Weak/India_7295985_S1Weak.tif,raw/train/images/7295985.tif,1665596,79840adc6b959729b22525b258cb61eb8d84331847ca464f3c6da3498b1b43bb
train,7295985,label,S1OtsuLabelWeak,v1.1/data/flood_events/WeaklyLabeled/S1OtsuLabelWeak/India_7295985_S1OtsuLabelWeak.tif,https://storage.googleapis.com/sen1floods11/v1.1/data/flood_events/WeaklyLabeled/S1OtsuLabelWeak/India_7295985_S1OtsuLabelWeak.tif,raw/train/labels/7295985.tif,4854,65fbf41f0cf72257fe4f1b148077efea8cbb189090e35e4383e80f47015e6dbc
train,7296041,image,S1Weak,v1.1/data/flood_events/WeaklyLabeled/S1Weak/India_7296041_S1Weak.tif,https://storage.googleapis.com/sen1floods11/v1.1/data/flood_events/WeaklyLabeled/S1Weak/India_7296041_S1Weak.tif,raw/train/images/7296041.tif,1664337,6d649c9689bf6435842032b32c2a26952e9b96c79a0cdd6c5ae174575681c58b
train,7296041,label,S1OtsuLabelWeak,v1.1/data/flood_events/WeaklyLabeled/S1OtsuLabelWeak/India_7296041_S1OtsuLabelWeak.tif,https://storage.googleapis.com/sen1floods11/v1.1/data/flood_events/WeaklyLabeled/S1OtsuLabelWeak/India_7296041_S1OtsuLabelWeak.tif,raw/train/labels/7296041.tif,7275,624edcce3d5492b8c79f8e8a1a21dad11f193e9d05f1d6e526e46d63c31ae52a
train,7316368,image,S1Weak,v1.1/data/flood_events/WeaklyLabeled/S1Weak/India_7316368_S1Weak.tif,https://storage.googleapis.com/sen1floods11/v1.1/data/flood_events/WeaklyLabeled/S1Weak/India_7316368_S1Weak.tif,raw/train/images/7316368.tif,1669000,742db766d0b7d587b5bfd4e7b84e558f2b98ff3f541a54db8cbe679f4705e211
train,7316368,label,S1OtsuLabelWeak,v1.1/data/flood_events/WeaklyLabeled/S1OtsuLabelWeak/India_7316368_S1OtsuLabelWeak.tif,https://storage.googleapis.com/sen1floods11/v1.1/data/flood_events/WeaklyLabeled/S1OtsuLabelWeak/India_7316368_S1OtsuLabelWeak.tif,raw/train/labels/7316368.tif,1367,a5c87edba594c3a31280eb30cbc3d702a67ac814db1e2f9cbb9f3a5a48c5e62b
train,732556,image,S1Weak,v1.1/data/flood_events/WeaklyLabeled/S1Weak/India_732556_S1Weak.tif,https://storage.googleapis.com/sen1floods11/v1.1/data/flood_events/WeaklyLabeled/S1Weak/India_732556_S1Weak.tif,raw/train/images/732556.tif,1670750,a67f08b22af453a51701d292efd87d167009ef46db9c6268489149313a9f7214
train,732556,label,S1OtsuLabelWeak,v1.1/data/flood_events/WeaklyLabeled/S1OtsuLabelWeak/India_732556_S1OtsuLabelWeak.tif,https://storage.googleapis.com/sen1floods11/v1.1/data/flood_events/WeaklyLabeled/S1OtsuLabelWeak/India_732556_S1OtsuLabelWeak.tif,raw/train/labels/732556.tif,6385,c89ee49ddc85e3521552b8ead66d6068319fcf4e61874c7a7bb3d524b23ab25c
train,7410308,image,S1Weak,v1.1/data/flood_events/WeaklyLabeled/S1Weak/India_7410308_S1Weak.tif,https://storage.googleapis.com/sen1floods11/v1.1/data/flood_events/WeaklyLabeled/S1Weak/India_7410308_S1Weak.tif,raw/train/images/7410308.tif,1654543,d40d206f131fa7622d29e2de88dbc620d50308f71771ae711ecbf6615d9edfa6
train,7410308,label,S1OtsuLabelWeak,v1.1/data/flood_events/WeaklyLabeled/S1OtsuLabelWeak/India_7410308_S1OtsuLabelWeak.tif,https://storage.googleapis.com/sen1floods11/v1.1/data/flood_events/WeaklyLabeled/S1OtsuLabelWeak/India_7410308_S1OtsuLabelWeak.tif,raw/train/labels/7410308.tif,3898,bcdbaf5c9cd4dbf2fe75e8c99cc260c9faa0bafec0068462830f9155ea0015f3
train,7419972,image,S1Weak,v1.1/data/flood_events/WeaklyLabeled/S1Weak/India_7419972_S1Weak.tif,https://storage.googleapis.com/sen1floods11/v1.1/data/flood_events/WeaklyLabeled/S1Weak/India_7419972_S1Weak.tif,raw/train/images/7419972.tif,1664055,9524df881d614b715b9e2e1fc0bda2ecb7623eab2ded4a99411c00904f02afe1
train,7419972,label,S1OtsuLabelWeak,v1.1/data/flood_events/WeaklyLabeled/S1OtsuLabelWeak/India_7419972_S1OtsuLabelWeak.tif,https://storage.googleapis.com/sen1floods11/v1.1/data/flood_events/WeaklyLabeled/S1OtsuLabelWeak/India_7419972_S1OtsuLabelWeak.tif,raw/train/labels/7419972.tif,10813,c1fb364f3ba081cc19525190e093c5e38a009af192526ddbb3f07b19e24b0fbb
train,7423357,image,S1Weak,v1.1/data/flood_events/WeaklyLabeled/S1Weak/India_7423357_S1Weak.tif,https://storage.googleapis.com/sen1floods11/v1.1/data/flood_events/WeaklyLabeled/S1Weak/India_7423357_S1Weak.tif,raw/train/images/7423357.tif,1652278,7690aa4aecfc5ed19fc97f2041f99fdfedd3d5beba55d91ebec7789b9b47923c
train,7423357,label,S1OtsuLabelWeak,v1.1/data/flood_events/WeaklyLabeled/S1OtsuLabelWeak/India_7423357_S1OtsuLabelWeak.tif,https://storage.googleapis.com/sen1floods11/v1.1/data/flood_events/WeaklyLabeled/S1OtsuLabelWeak/India_7423357_S1OtsuLabelWeak.tif,raw/train/labels/7423357.tif,3387,48303012386a28942eb87c73036b9182f3e2795e7164d27cb8262ebe5309239f
train,7423915,image,S1Weak,v1.1/data/flood_events/WeaklyLabeled/S1Weak/India_7423915_S1Weak.tif,https://storage.googleapis.com/sen1floods11/v1.1/data/flood_events/WeaklyLabeled/S1Weak/India_7423915_S1Weak.tif,raw/train/images/7423915.tif,1652624,9e836f485f0efb540b0113e234d567ff1348d9420f05e436369f0e23fb988f02
train,7423915,label,S1OtsuLabelWeak,v1.1/data/flood_events/WeaklyLabeled/S1OtsuLabelWeak/India_7423915_S1OtsuLabelWeak.tif,https://storage.googleapis.com/sen1floods11/v1.1/data/flood_events/WeaklyLabeled/S1OtsuLabelWeak/India_7423915_S1OtsuLabelWeak.tif,raw/train/labels/7423915.tif,3181,48b479cb9e4ea950af9d615e5d380a292145b83afe8c8dd66368a7b1fcd0a5fb
train,7432629,image,S1Weak,v1.1/data/flood_events/WeaklyLabeled/S1Weak/India_7432629_S1Weak.tif,https://storage.googleapis.com/sen1floods11/v1.1/data/flood_events/WeaklyLabeled/S1Weak/India_7432629_S1Weak.tif,raw/train/images/7432629.tif,1668731,735b6ccb34ecf11a5f32c22c1a4ba70679d2a2a4895f1336af970928ba78754d
train,7432629,label,S1OtsuLabelWeak,v1.1/data/flood_events/WeaklyLabeled/S1OtsuLabelWeak/India_7432629_S1OtsuLabelWeak.tif,https://storage.googleapis.com/sen1floods11/v1.1/data/flood_events/WeaklyLabeled/S1OtsuLabelWeak/India_7432629_S1OtsuLabelWeak.tif,raw/train/labels/7432629.tif,1191,8cc888620ac48e3aca9816e63dd8107b0fde8669ef59030da2facc8c62360282
train,7455869,image,S1Weak,v1.1/data/flood_events/WeaklyLabeled/S1Weak/India_7455869_S1Weak.tif,https://storage.googleapis.com/sen1floods11/v1.1/data/flood_events/WeaklyLabeled/S1Weak/India_7455869_S1Weak.tif,raw/train/images/7455869.tif,1664275,9bf0e3f60ec57856d289c17e2944fac15506e0ab5ff648b267f32604b3166de0
train,7455869,label,S1OtsuLabelWeak,v1.1/data/flood_events/WeaklyLabeled/S1OtsuLabelWeak/India_7455869_S1OtsuLabelWeak.tif,https://storage.googleapis.com/sen1floods11/v1.1/data/flood_events/WeaklyLabeled/S1OtsuLabelWeak/India_7455869_S1OtsuLabelWeak.tif,raw/train/labels/7455869.tif,1120,537db57135b4d32991cdc0454a11319fa926e02a15fdbe507dbd6ebb54dceb3f
train,7479485,image,S1Weak,v1.1/data/flood_events/WeaklyLabeled/S1Weak/India_7479485_S1Weak.tif,https://storage.googleapis.com/sen1floods11/v1.1/data/flood_events/WeaklyLabeled/S1Weak/India_7479485_S1Weak.tif,raw/train/images/7479485.tif,1672386,7665626bcbc289c2cecae62f319a812e2ceedf5edff6605474b3969af2f299ff
train,7479485,label,S1OtsuLabelWeak,v1.1/data/flood_events/WeaklyLabeled/S1OtsuLabelWeak/India_7479485_S1OtsuLabelWeak.tif,https://storage.googleapis.com/sen1floods11/v1.1/data/flood_events/WeaklyLabeled/S1OtsuLabelWeak/India_7479485_S1OtsuLabelWeak.tif,raw/train/labels/7479485.tif,3327,ec8c82f54dc1e39006374c6e9f781ac037fc3bad9ad3406c5cf09c8881fa5348
train,7502741,image,S1Weak,v1.1/data/flood_events/WeaklyLabeled/S1Weak/India_7502741_S1Weak.tif,https://storage.googleapis.com/sen1floods11/v1.1/data/flood_events/WeaklyLabeled/S1Weak/India_7502741_S1Weak.tif,raw/train/images/7502741.tif,1661566,792c147d28c687b93e2207c270b4aeb739117a1a3892575b5dc8cae85dd60a65
train,7502741,label,S1OtsuLabelWeak,v1.1/data/flood_events/WeaklyLabeled/S1OtsuLabelWeak/India_7502741_S1OtsuLabelWeak.tif,https://storage.googleapis.com/sen1floods11/v1.1/data/flood_events/WeaklyLabeled/S1OtsuLabelWeak/India_7502741_S1OtsuLabelWeak.tif,raw/train/labels/7502741.tif,4018,0a16caabb0efd3fc719d32c2d65b8693aad3ede700fcd7544b8a7490488e8c2e
train,7507567,image,S1Weak,v1.1/data/flood_events/WeaklyLabeled/S1Weak/India_7507567_S1Weak.tif,https://storage.googleapis.com/sen1floods11/v1.1/data/flood_events/WeaklyLabeled/S1Weak/India_7507567_S1Weak.tif,raw/train/images/7507567.tif,1679488,a806136610c6e526f25e37e016b531175815852747e3cc5f6afe1518a8cb8f58
train,7507567,label,S1OtsuLabelWeak,v1.1/data/flood_events/WeaklyLabeled/S1OtsuLabelWeak/India_7507567_S1OtsuLabelWeak.tif,https://storage.googleapis.com/sen1floods11/v1.1/data/flood_events/WeaklyLabeled/S1OtsuLabelWeak/India_7507567_S1OtsuLabelWeak.tif,raw/train/labels/7507567.tif,1116,504e670011b4626204a31748bd75543b00fd472c471d4fec5ddbb8075572e09c
train,7536544,image,S1Weak,v1.1/data/flood_events/WeaklyLabeled/S1Weak/India_7536544_S1Weak.tif,https://storage.googleapis.com/sen1floods11/v1.1/data/flood_events/WeaklyLabeled/S1Weak/India_7536544_S1Weak.tif,raw/train/images/7536544.tif,1670070,6350ca33f2eae209c39005f742ca6a7e2ffb9834c42887c4066bb45632563392
train,7536544,label,S1OtsuLabelWeak,v1.1/data/flood_events/WeaklyLabeled/S1OtsuLabelWeak/India_7536544_S1OtsuLabelWeak.tif,https://storage.googleapis.com/sen1floods11/v1.1/data/flood_events/WeaklyLabeled/S1OtsuLabelWeak/India_7536544_S1OtsuLabelWeak.tif,raw/train/labels/7536544.tif,5531,7e5f0c4de0cbac48a09e5db749384e2cc8d059c147d8eea7c9e5920812fc486b
train,7564523,image,S1Weak,v1.1/data/flood_events/WeaklyLabeled/S1Weak/India_7564523_S1Weak.tif,https://storage.googleapis.com/sen1floods11/v1.1/data/flood_events/WeaklyLabeled/S1Weak/India_7564523_S1Weak.tif,raw/train/images/7564523.tif,1655714,6b0ff49130a5fe8bf279c53f0e460f351c4869664ce36d0aecc7ada7b085c652
train,7564523,label,S1OtsuLabelWeak,v1.1/data/flood_events/WeaklyLabeled/S1OtsuLabelWeak/India_7564523_S1OtsuLabelWeak.tif,https://storage.googleapis.com/sen1floods11/v1.1/data/flood_events/WeaklyLabeled/S1OtsuLabelWeak/India_7564523_S1OtsuLabelWeak.tif,raw/train/labels/7564523.tif,2693,fa719aa979a08088e857c5ff22e14ced48c4535984d1009103b75dcd3a8e4c9d
train,7613076,image,S1Weak,v1.1/data/flood_events/WeaklyLabeled/S1Weak/India_7613076_S1Weak.tif,https://storage.googleapis.com/sen1floods11/v1.1/data/flood_events/WeaklyLabeled/S1Weak/India_7613076_S1Weak.tif,raw/train/images/7613076.tif,1660378,7dad56a071f5243cef09c544ae83e2ee0f6b639e1bdecd70d90bb3722f9822fd
train,7613076,label,S1OtsuLabelWeak,v1.1/data/flood_events/WeaklyLabeled/S1OtsuLabelWeak/India_7613076_S1OtsuLabelWeak.tif,https://storage.googleapis.com/sen1floods11/v1.1/data/flood_events/WeaklyLabeled/S1OtsuLabelWeak/India_7613076_S1OtsuLabelWeak.tif,raw/train/labels/7613076.tif,1398,e97c51d499eff0ed7014f89649c66b08446c544a674ba964146a9afaa2d7958d
train,7629630,image,S1Weak,v1.1/data/flood_events/WeaklyLabeled/S1Weak/India_7629630_S1Weak.tif,https://storage.googleapis.com/sen1floods11/v1.1/data/flood_events/WeaklyLabeled/S1Weak/India_7629630_S1Weak.tif,raw/train/images/7629630.tif,1687102,1ceafe282fac1ab96c76284798ae091c488a4583219466b0d8fd85a53f0dc56b
train,7629630,label,S1OtsuLabelWeak,v1.1/data/flood_events/WeaklyLabeled/S1OtsuLabelWeak/India_7629630_S1OtsuLabelWeak.tif,https://storage.googleapis.com/sen1floods11/v1.1/data/flood_events/WeaklyLabeled/S1OtsuLabelWeak/India_7629630_S1OtsuLabelWeak.tif,raw/train/labels/7629630.tif,1124,7aa3cd7a25146a8cdde03e4a7347c01baee677f5d0a170da6e6a96b2efa3642d
train,7646907,image,S1Weak,v1.1/data/flood_events/WeaklyLabeled/S1Weak/India_7646907_S1Weak.tif,https://storage.googleapis.com/sen1floods11/v1.1/data/flood_events/WeaklyLabeled/S1Weak/India_7646907_S1Weak.tif,raw/train/images/7646907.tif,1659687,1f0d0bc2fa00cb0e4b009ae90c67188b2880883e4945c8e7a95b066f443d572d
train,7646907,label,S1OtsuLabelWeak,v1.1/data/flood_events/WeaklyLabeled/S1OtsuLabelWeak/India_7646907_S1OtsuLabelWeak.tif,https://storage.googleapis.com/sen1floods11/v1.1/data/flood_events/WeaklyLabeled/S1OtsuLabelWeak/India_7646907_S1OtsuLabelWeak.tif,raw/train/labels/7646907.tif,1602,5cb97954a436458d1740dc14e266a501ed639951edf08d926d45fe7417c00f88
train,7649128,image,S1Weak,v1.1/data/flood_events/WeaklyLabeled/S1Weak/India_7649128_S1Weak.tif,https://storage.googleapis.com/sen1floods11/v1.1/data/flood_events/WeaklyLabeled/S1Weak/India_7649128_S1Weak.tif,raw/train/images/7649128.tif,1666973,1a772f267b9ab5d03d5a17d6102c2b724ae3e64e1d1a8849e0ecf74891d15301
train,7649128,label,S1OtsuLabelWeak,v1.1/data/flood_events/WeaklyLabeled/S1OtsuLabelWeak/India_7649128_S1OtsuLabelWeak.tif,https://storage.googleapis.com/sen1floods11/v1.1/data/flood_events/WeaklyLabeled/S1OtsuLabelWeak/India_7649128_S1OtsuLabelWeak.tif,raw/train/labels/7649128.tif,5918,14253c393f2668bb05039425be7d4bbb352527f54ce7c3a4b2928eb08aae921e
train,766499,image,S1Weak,v1.1/data/flood_events/WeaklyLabeled/S1Weak/India_766499_S1Weak.tif,https://storage.googleapis.com/sen1floods11/v1.1/data/flood_events/WeaklyLabeled/S1Weak/India_766499_S1Weak.tif,raw/train/images/766499.tif,1670522,732fc8070e4fd876b8dd3f8e0373dcf44295375517c70fd529accc9e8fa599f0
train,766499,label,S1OtsuLabelWeak,v1.1/data/flood_events/WeaklyLabeled/S1OtsuLabelWeak/India_766499_S1OtsuLabelWeak.tif,https://storage.googleapis.com/sen1floods11/v1.1/data/flood_events/WeaklyLabeled/S1OtsuLabelWeak/India_766499_S1OtsuLabelWeak.tif,raw/train/labels/766499.tif,3691,e44e3d60fea2184fe4e9def51ba3ce320d7da6c8e42ffc29e0610210a8dd4f04
train,7741791,image,S1Weak,v1.1/data/flood_events/WeaklyLabeled/S1Weak/India_7741791_S1Weak.tif,https://storage.googleapis.com/sen1floods11/v1.1/data/flood_events/WeaklyLabeled/S1Weak/India_7741791_S1Weak.tif,raw/train/images/7741791.tif,1657608,54cec20f4e3198ff7c8c7fa29fcc227b62230af1e1ffd0027eabbc4e622ffddd
train,7741791,label,S1OtsuLabelWeak,v1.1/data/flood_events/WeaklyLabeled/S1OtsuLabelWeak/India_7741791_S1OtsuLabelWeak.tif,https://storage.googleapis.com/sen1floods11/v1.1/data/flood_events/WeaklyLabeled/S1OtsuLabelWeak/India_7741791_S1OtsuLabelWeak.tif,raw/train/labels/7741791.tif,3778,941d63dd6e23684f38155f49ccbc7c704a83af3ddfe57cdbfb4087855a8e1ad4
train,7773863,image,S1Weak,v1.1/data/flood_events/WeaklyLabeled/S1Weak/India_7773863_S1Weak.tif,https://storage.googleapis.com/sen1floods11/v1.1/data/flood_events/WeaklyLabeled/S1Weak/India_7773863_S1Weak.tif,raw/train/images/7773863.tif,1662650,ed1698335e72c0f0146fd0f16c8b8ad818038fdb22751ab3a95d20351187dcec
train,7773863,label,S1OtsuLabelWeak,v1.1/data/flood_events/WeaklyLabeled/S1OtsuLabelWeak/India_7773863_S1OtsuLabelWeak.tif,https://storage.googleapis.com/sen1floods11/v1.1/data/flood_events/WeaklyLabeled/S1OtsuLabelWeak/India_7773863_S1OtsuLabelWeak.tif,raw/train/labels/7773863.tif,3366,85f02a69777bb7a34fa0d450310ba9ad3806c9a390ff234222aa4770c5909125
train,7787679,image,S1Weak,v1.1/data/flood_events/WeaklyLabeled/S1Weak/India_7787679_S1Weak.tif,https://storage.googleapis.com/sen1floods11/v1.1/data/flood_events/WeaklyLabeled/S1Weak/India_7787679_S1Weak.tif,raw/train/images/7787679.tif,1659293,59aaebd9966f76343c3bf9846708e8a1a04759500c88eb30e706fc7a4d01c08a
train,7787679,label,S1OtsuLabelWeak,v1.1/data/flood_events/WeaklyLabeled/S1OtsuLabelWeak/India_7787679_S1OtsuLabelWeak.tif,https://storage.googleapis.com/sen1floods11/v1.1/data/flood_events/WeaklyLabeled/S1OtsuLabelWeak/India_7787679_S1OtsuLabelWeak.tif,raw/train/labels/7787679.tif,3456,481bb5cbc756aed4394b50d22b2798e40b04d0de3470d02ac6d3e8664a29f26a
train,7812174,image,S1Weak,v1.1/data/flood_events/WeaklyLabeled/S1Weak/India_7812174_S1Weak.tif,https://storage.googleapis.com/sen1floods11/v1.1/data/flood_events/WeaklyLabeled/S1Weak/India_7812174_S1Weak.tif,raw/train/images/7812174.tif,1667975,eb2c987af28cc292a4fd2c20f3cb418fd126688dbca4d5bee571d14e04702eb2
train,7812174,label,S1OtsuLabelWeak,v1.1/data/flood_events/WeaklyLabeled/S1OtsuLabelWeak/India_7812174_S1OtsuLabelWeak.tif,https://storage.googleapis.com/sen1floods11/v1.1/data/flood_events/WeaklyLabeled/S1OtsuLabelWeak/India_7812174_S1OtsuLabelWeak.tif,raw/train/labels/7812174.tif,1300,bc344fa12259524eaf83b0e70c8ab0256dc5ced4d530bf4a6dd016cc72e5d8e2
train,7815047,image,S1Weak,v1.1/data/flood_events/WeaklyLabeled/S1Weak/India_7815047_S1Weak.tif,https://storage.googleapis.com/sen1floods11/v1.1/data/flood_events/WeaklyLabeled/S1Weak/India_7815047_S1Weak.tif,raw/train/images/7815047.tif,1670384,8e1e8bcfe81ce34542e4c0dee7597e4e335c30bf5ef279640063c19fb8000985
train,7815047,label,S1OtsuLabelWeak,v1.1/data/flood_events/WeaklyLabeled/S1OtsuLabelWeak/India_7815047_S1OtsuLabelWeak.tif,https://storage.googleapis.com/sen1floods11/v1.1/data/flood_events/WeaklyLabeled/S1OtsuLabelWeak/India_7815047_S1OtsuLabelWeak.tif,raw/train/labels/7815047.tif,5780,6a3e84bc59eb2e8c6f807156a3a4977f790908ebf647829dad16ac7b0471f5f1
train,7816677,image,S1Weak,v1.1/data/flood_events/WeaklyLabeled/S1Weak/India_7816677_S1Weak.tif,https://storage.googleapis.com/sen1floods11/v1.1/data/flood_events/WeaklyLabeled/S1Weak/India_7816677_S1Weak.tif,raw/train/images/7816677.tif,1698800,2413b7d46a65b939e399513ad4d1ce095dffe0b272edc9710c69b556360703f2
train,7816677,label,S1OtsuLabelWeak,v1.1/data/flood_events/WeaklyLabeled/S1OtsuLabelWeak/India_7816677_S1OtsuLabelWeak.tif,https://storage.googleapis.com/sen1floods11/v1.1/data/flood_events/WeaklyLabeled/S1OtsuLabelWeak/India_7816677_S1OtsuLabelWeak.tif,raw/train/labels/7816677.tif,2275,f91bdfd8b135e94ae961d905456caafd86775a84d249c41a5479caecab887641
train,7832266,image,S1Weak,v1.1/data/flood_events/WeaklyLabeled/S1Weak/India_7832266_S1Weak.tif,https://storage.googleapis.com/sen1floods11/v1.1/data/flood_events/WeaklyLabeled/S1Weak/India_7832266_S1Weak.tif,raw/train/images/7832266.tif,1663034,8a1dfd61d12a4d6913139a67528b1765b8890e3f6848529d06304ece69cf7574
train,7832266,label,S1OtsuLabelWeak,v1.1/data/flood_events/WeaklyLabeled/S1OtsuLabelWeak/India_7832266_S1OtsuLabelWeak.tif,https://storage.googleapis.com/sen1floods11/v1.1/data/flood_events/WeaklyLabeled/S1OtsuLabelWeak/India_7832266_S1OtsuLabelWeak.tif,raw/train/labels/7832266.tif,2159,61b86dc1c31968e26c6de2d05b1be9a3fdd88578dc228250426fcb8e929c22b0
train,78516,image,S1Weak,v1.1/data/flood_events/WeaklyLabeled/S1Weak/India_78516_S1Weak.tif,https://storage.googleapis.com/sen1floods11/v1.1/data/flood_events/WeaklyLabeled/S1Weak/India_78516_S1Weak.tif,raw/train/images/78516.tif,1684836,b73ee382d8727d73f8ff539a423d0511a1f6cdf02a7dc41793c62ab899725f35
train,78516,label,S1OtsuLabelWeak,v1.1/data/flood_events/WeaklyLabeled/S1OtsuLabelWeak/India_78516_S1OtsuLabelWeak.tif,https://storage.googleapis.com/sen1floods11/v1.1/data/flood_events/WeaklyLabeled/S1OtsuLabelWeak/India_78516_S1OtsuLabelWeak.tif,raw/train/labels/78516.tif,1812,1f16ce79db4985c82f63979579f83618a25e571cf760ec1d8a68b7cd4b7425d1
train,7860144,image,S1Weak,v1.1/data/flood_events/WeaklyLabeled/S1Weak/India_7860144_S1Weak.tif,https://storage.googleapis.com/sen1floods11/v1.1/data/flood_events/WeaklyLabeled/S1Weak/India_7860144_S1Weak.tif,raw/train/images/7860144.tif,1657164,3f342dde5c04fdc637ed57311ac96684a59db188868ffb0b82facc5405024240
train,7860144,label,S1OtsuLabelWeak,v1.1/data/flood_events/WeaklyLabeled/S1OtsuLabelWeak/India_7860144_S1OtsuLabelWeak.tif,https://storage.googleapis.com/sen1floods11/v1.1/data/flood_events/WeaklyLabeled/S1OtsuLabelWeak/India_7860144_S1OtsuLabelWeak.tif,raw/train/labels/7860144.tif,1271,e371b7fae5a3cacc36f50e5809fb5866e74f8f9e14ea9c9a564540c4a7506b75
train,7863140,image,S1Weak,v1.1/data/flood_events/WeaklyLabeled/S1Weak/India_7863140_S1Weak.tif,https://storage.googleapis.com/sen1floods11/v1.1/data/flood_events/WeaklyLabeled/S1Weak/India_7863140_S1Weak.tif,raw/train/images/7863140.tif,1676154,335ef3436428f3f997708a43836597cfbe39eed5872052196772474b61c8dde7
train,7863140,label,S1OtsuLabelWeak,v1.1/data/flood_events/WeaklyLabeled/S1OtsuLabelWeak/India_7863140_S1OtsuLabelWeak.tif,https://storage.googleapis.com/sen1floods11/v1.1/data/flood_events/WeaklyLabeled/S1OtsuLabelWeak/India_7863140_S1OtsuLabelWeak.tif,raw/train/labels/7863140.tif,1175,5618029928a700a6649ef3f19cb27f066ed644ca682a6ea10bf8869dd41f5571
train,7911654,image,S1Weak,v1.1/data/flood_events/WeaklyLabeled/S1Weak/India_7911654_S1Weak.tif,https://storage.googleapis.com/sen1floods11/v1.1/data/flood_events/WeaklyLabeled/S1Weak/India_7911654_S1Weak.tif,raw/train/images/7911654.tif,1670466,08da122cd1aaf12f15867d08862e4c084c67b1ff08a9bc9bdabfecd29b07ac94
train,7911654,label,S1OtsuLabelWeak,v1.1/data/flood_events/WeaklyLabeled/S1OtsuLabelWeak/India_7911654_S1OtsuLabelWeak.tif,https://storage.googleapis.com/sen1floods11/v1.1/data/flood_events/WeaklyLabeled/S1OtsuLabelWeak/India_7911654_S1OtsuLabelWeak.tif,raw/train/labels/7911654.tif,1133,7afe38933aa9686b66cdbae610533e1c127e78876d09cc8494ee55b46c8b62b1
train,7920719,image,S1Weak,v1.1/data/flood_events/WeaklyLabeled/S1Weak/India_7920719_S1Weak.tif,https://storage.googleapis.com/sen1floods11/v1.1/data/flood_events/WeaklyLabeled/S1Weak/India_7920719_S1Weak.tif,raw/train/images/7920719.tif,1687045,2bec5fafd4edf681a9d08b25ffc38ab50419596ab3a3485ff4dca85af25361b8
train,7920719,label,S1OtsuLabelWeak,v1.1/data/flood_events/WeaklyLabeled/S1OtsuLabelWeak/India_7920719_S1OtsuLabelWeak.tif,https://storage.googleapis.com/sen1floods11/v1.1/data/flood_events/WeaklyLabeled/S1OtsuLabelWeak/India_7920719_S1OtsuLabelWeak.tif,raw/train/labels/7920719.tif,1315,b723d9e492d3455f308f6725857d1fe29938c70f111e251ce668d1eb100e30da
train,7942751,image,S1Weak,v1.1/data/flood_events/WeaklyLabeled/S1Weak/India_7942751_S1Weak.tif,https://storage.googleapis.com/sen1floods11/v1.1/data/flood_events/WeaklyLabeled/S1Weak/India_7942751_S1Weak.tif,raw/train/images/7942751.tif,1661919,aacffa8cbcf3429fc89c75c2f3c5903e5bbc791ef5d51be6443aa9dda34c58e9
train,7942751,label,S1OtsuLabelWeak,v1.1/data/flood_events/WeaklyLabeled/S1OtsuLabelWeak/India_7942751_S1OtsuLabelWeak.tif,https://storage.googleapis.com/sen1floods11/v1.1/data/flood_events/WeaklyLabeled/S1OtsuLabelWeak/India_7942751_S1OtsuLabelWeak.tif,raw/train/labels/7942751.tif,8044,7c2aba8d51ee8a0b0834567fc0cdcb03f5679843384d62f7b1895b2507bf7a55
train,794509,image,S1Weak,v1.1/data/flood_events/WeaklyLabeled/S1Weak/India_794509_S1Weak.tif,https://storage.googleapis.com/sen1floods11/v1.1/data/flood_events/WeaklyLabeled/S1Weak/India_794509_S1Weak.tif,raw/train/images/794509.tif,1657437,f309daddec6d057879ba4d1d8bb82655fd8d18bcbc3165cc167b34154c113b84
train,794509,label,S1OtsuLabelWeak,v1.1/data/flood_events/WeaklyLabeled/S1OtsuLabelWeak/India_794509_S1OtsuLabelWeak.tif,https://storage.googleapis.com/sen1floods11/v1.1/data/flood_events/WeaklyLabeled/S1OtsuLabelWeak/India_794509_S1OtsuLabelWeak.tif,raw/train/labels/794509.tif,1406,6b77d1013846814a7103eee242573df6d53309a17ac0a883e908ebef6b1c3cf1
train,7973673,image,S1Weak,v1.1/data/flood_events/WeaklyLabeled/S1Weak/India_7973673_S1Weak.tif,https://storage.googleapis.com/sen1floods11/v1.1/data/flood_events/WeaklyLabeled/S1Weak/India_7973673_S1Weak.tif,raw/train/images/7973673.tif,1668182,bb9ac5198ce8369acdd7409bcbe7dd04045e4b4cfc6449c12b6b67662d80ca98
train,7973673,label,S1OtsuLabelWeak,v1.1/data/flood_events/WeaklyLabeled/S1OtsuLabelWeak/India_7973673_S1OtsuLabelWeak.tif,https://storage.googleapis.com/sen1floods11/v1.1/data/flood_events/WeaklyLabeled/S1OtsuLabelWeak/India_7973673_S1OtsuLabelWeak.tif,raw/train/labels/7973673.tif,4879,d7a158edc5ecbb6489aa69494e16821bf3c425034e076552ef0a63b32b69debf
train,7978651,image,S1Weak,v1.1/data/flood_events/WeaklyLabeled/S1Weak/India_7978651_S1Weak.tif,https://storage.googleapis.com/sen1floods11/v1.1/data/flood_events/WeaklyLabeled/S1Weak/India_7978651_S1Weak.tif,raw/train/images/7978651.tif,1667277,e924314314f7a6c4a99e2b3fe66355ee2e47860b416adc942ad6a0312572b64b
train,7978651,label,S1OtsuLabelWeak,v1.1/data/flood_events/WeaklyLabeled/S1OtsuLabelWeak/India_7978651_S1OtsuLabelWeak.tif,https://storage.googleapis.com/sen1floods11/v1.1/data/flood_events/WeaklyLabeled/S1OtsuLabelWeak/India_7978651_S1OtsuLabelWeak.tif,raw/train/labels/7978651.tif,6503,604bd42a8108cf955a5917ff77381386b501be420465c2a06c50a96659ec5e3c
train,8043790,image,S1Weak,v1.1/data/flood_events/WeaklyLabeled/S1Weak/India_8043790_S1Weak.tif,https://storage.googleapis.com/sen1floods11/v1.1/data/flood_events/WeaklyLabeled/S1Weak/India_8043790_S1Weak.tif,raw/train/images/8043790.tif,1661114,c1cdbe332d2dbea3c016d68baa07b60e372748d934b9aa7a719735251a463111
train,8043790,label,S1OtsuLabelWeak,v1.1/data/flood_events/WeaklyLabeled/S1OtsuLabelWeak/India_8043790_S1OtsuLabelWeak.tif,https://storage.googleapis.com/sen1floods11/v1.1/data/flood_events/WeaklyLabeled/S1OtsuLabelWeak/India_8043790_S1OtsuLabelWeak.tif,raw/train/labels/8043790.tif,2206,4641bffc1dcdd0fdfb7421738495861e90f6ddda1ffb7af4c79fa114f2f340aa
train,8054573,image,S1Weak,v1.1/data/flood_events/WeaklyLabeled/S1Weak/India_8054573_S1Weak.tif,https://storage.googleapis.com/sen1floods11/v1.1/data/flood_events/WeaklyLabeled/S1Weak/India_8054573_S1Weak.tif,raw/train/images/8054573.tif,1659745,b1c2691e451277a10251ab41e90b9d0d5de6bbdde9b344b1c56e9b336231f5df
train,8054573,label,S1OtsuLabelWeak,v1.1/data/flood_events/WeaklyLabeled/S1OtsuLabelWeak/India_8054573_S1OtsuLabelWeak.tif,https://storage.googleapis.com/sen1floods11/v1.1/data/flood_events/WeaklyLabeled/S1OtsuLabelWeak/India_8054573_S1OtsuLabelWeak.tif,raw/train/labels/8054573.tif,1277,34c0a6610478b4668dfb98949e9f8f6b152bfa08c23d11ea4d1aa62de934fb84
train,806980,image,S1Weak,v1.1/data/flood_events/WeaklyLabeled/S1Weak/India_806980_S1Weak.tif,https://storage.googleapis.com/sen1floods11/v1.1/data/flood_events/WeaklyLabeled/S1Weak/India_806980_S1Weak.tif,raw/train/images/806980.tif,1662623,36615b234c7fb47a4de3d19b1122a44cbd966b130f80d1a7b4e64c97386bb290
train,806980,label,S1OtsuLabelWeak,v1.1/data/flood_events/WeaklyLabeled/S1OtsuLabelWeak/India_806980_S1OtsuLabelWeak.tif,https://storage.googleapis.com/sen1floods11/v1.1/data/flood_events/WeaklyLabeled/S1OtsuLabelWeak/India_806980_S1OtsuLabelWeak.tif,raw/train/labels/806980.tif,6558,42c5003293558b67b7d5b285dfea8eeb22bd483bc328926c1d036bb93b3d8871
train,8089519,image,S1Weak,v1.1/data/flood_events/WeaklyLabeled/S1Weak/India_8089519_S1Weak.tif,https://storage.googleapis.com/sen1floods11/v1.1/data/flood_events/WeaklyLabeled/S1Weak/India_8089519_S1Weak.tif,raw/train/images/8089519.tif,1665111,c9de8792b49bbb604d7ac8273c0876b3600b33bfb54b2ad67d728e22fdf9d06e
train,8089519,label,S1OtsuLabelWeak,v1.1/data/flood_events/WeaklyLabeled/S1OtsuLabelWeak/India_8089519_S1OtsuLabelWeak.tif,https://storage.googleapis.com/sen1floods11/v1.1/data/flood_events/WeaklyLabeled/S1OtsuLabelWeak/India_8089519_S1OtsuLabelWeak.tif,raw/train/labels/8089519.tif,3917,03af83fa43dc51a8183d157572caeaedf4855cbf270b96e2068a8ce33775e6d3
train,8114310,image,S1Weak,v1.1/data/flood_events/WeaklyLabeled/S1Weak/India_8114310_S1Weak.tif,https://storage.googleapis.com/sen1floods11/v1.1/data/flood_events/WeaklyLabeled/S1Weak/India_8114310_S1Weak.tif,raw/train/images/8114310.tif,1677794,92be6230635aae1c911dfa0e27bf3773c2a4736ec652fb186b2801fa8973decf
train,8114310,label,S1OtsuLabelWeak,v1.1/data/flood_events/WeaklyLabeled/S1OtsuLabelWeak/India_8114310_S1OtsuLabelWeak.tif,https://storage.googleapis.com/sen1floods11/v1.1/data/flood_events/WeaklyLabeled/S1OtsuLabelWeak/India_8114310_S1OtsuLabelWeak.tif,raw/train/labels/8114310.tif,1099,877b2ee0f16e11c9c19243ec38600ebe00e284c1f7352e2c85643b24877653a7
train,8128550,image,S1Weak,v1.1/data/flood_events/WeaklyLabeled/S1Weak/India_8128550_S1Weak.tif,https://storage.googleapis.com/sen1floods11/v1.1/data/flood_events/WeaklyLabeled/S1Weak/India_8128550_S1Weak.tif,raw/train/images/8128550.tif,1685710,156a545c33c25b206fb4d8f1e7fe368d962ad410671288e268806883d1aea28c
train,8128550,label,S1OtsuLabelWeak,v1.1/data/flood_events/WeaklyLabeled/S1OtsuLabelWeak/India_8128550_S1OtsuLabelWeak.tif,https://storage.googleapis.com/sen1floods11/v1.1/data/flood_events/WeaklyLabeled/S1OtsuLabelWeak/India_8128550_S1OtsuLabelWeak.tif,raw/train/labels/8128550.tif,1109,9203b0547f7d746d313a0239ec7c65a1d5f4794744362403147d79303c2828f4
train,8131221,image,S1Weak,v1.1/data/flood_events/WeaklyLabeled/S1Weak/India_8131221_S1Weak.tif,https://storage.googleapis.com/sen1floods11/v1.1/data/flood_events/WeaklyLabeled/S1Weak/India_8131221_S1Weak.tif,raw/train/images/8131221.tif,1668984,57531da009c1588ac8feefee24699651f89e21e1a5895201fcbaa59fa20398ce
train,8131221,label,S1OtsuLabelWeak,v1.1/data/flood_events/WeaklyLabeled/S1OtsuLabelWeak/India_8131221_S1OtsuLabelWeak.tif,https://storage.googleapis.com/sen1floods11/v1.1/data/flood_events/WeaklyLabeled/S1OtsuLabelWeak/India_8131221_S1OtsuLabelWeak.tif,raw/train/labels/8131221.tif,3349,dc64ea4ffca6225c055c09fb32e6b7996b91b73beaaaa668b2b3c9d48527d2d0
train,8131730,image,S1Weak,v1.1/data/flood_events/WeaklyLabeled/S1Weak/India_8131730_S1Weak.tif,https://storage.googleapis.com/sen1floods11/v1.1/data/flood_events/WeaklyLabeled/S1Weak/India_8131730_S1Weak.tif,raw/train/images/8131730.tif,1662420,3a4d559bc60ca59c89c25e7595b5c2c9c272169fae32fa500deddaf8e3806352
train,8131730,label,S1OtsuLabelWeak,v1.1/data/flood_events/WeaklyLabeled/S1OtsuLabelWeak/India_8131730_S1OtsuLabelWeak.tif,https://storage.googleapis.com/sen1floods11/v1.1/data/flood_events/WeaklyLabeled/S1OtsuLabelWeak/India_8131730_S1OtsuLabelWeak.tif,raw/train/labels/8131730.tif,5930,36f54f695fee2797269963472599a0496ed3d7efc423eeaa9077f885e1995430
train,8140977,image,S1Weak,v1.1/data/flood_events/WeaklyLabeled/S1Weak/India_8140977_S1Weak.tif,https://storage.googleapis.com/sen1floods11/v1.1/data/flood_events/WeaklyLabeled/S1Weak/India_8140977_S1Weak.tif,raw/train/images/8140977.tif,1663773,c7ebe65dde24c91f3a58234d87385e28e42075c2bc2b48ac048c3bbcff23e95e
train,8140977,label,S1OtsuLabelWeak,v1.1/data/flood_events/WeaklyLabeled/S1OtsuLabelWeak/India_8140977_S1OtsuLabelWeak.tif,https://storage.googleapis.com/sen1floods11/v1.1/data/flood_events/WeaklyLabeled/S1OtsuLabelWeak/India_8140977_S1OtsuLabelWeak.tif,raw/train/labels/8140977.tif,2255,9ee0e8fd13e211c315654f8d9b4744bc0ffe6c8d9e66c086e1b360fd710ec9e8
train,8143003,image,S1Weak,v1.1/data/flood_events/WeaklyLabeled/S1Weak/India_8143003_S1Weak.tif,https://storage.googleapis.com/sen1floods11/v1.1/data/flood_events/WeaklyLabeled/S1Weak/India_8143003_S1Weak.tif,raw/train/images/8143003.tif,82044,f891144b459de69e14a58a67edd1b9230e150193cd570e0b16eaf86bdf60c9c3
train,8143003,label,S1OtsuLabelWeak,v1.1/data/flood_events/WeaklyLabeled/S1OtsuLabelWeak/India_8143003_S1OtsuLabelWeak.tif,https://storage.googleapis.com/sen1floods11/v1.1/data/flood_events/WeaklyLabeled/S1OtsuLabelWeak/India_8143003_S1OtsuLabelWeak.tif,raw/train/labels/8143003.tif,1971,d9749b748f0217ac8db193ad25b1b660d3f0b2f25c44403647ba9580fc6fdcb2
train,8150162,image,S1Weak,v1.1/data/flood_events/WeaklyLabeled/S1Weak/India_8150162_S1Weak.tif,https://storage.googleapis.com/sen1floods11/v1.1/data/flood_events/WeaklyLabeled/S1Weak/India_8150162_S1Weak.tif,raw/train/images/8150162.tif,1676042,4ea89e5432f5549fb6e8ba2e54c57f74d19c1c1c7bc91abf45982fa64f705f69
train,8150162,label,S1OtsuLabelWeak,v1.1/data/flood_events/WeaklyLabeled/S1OtsuLabelWeak/India_8150162_S1OtsuLabelWeak.tif,https://storage.googleapis.com/sen1floods11/v1.1/data/flood_events/WeaklyLabeled/S1OtsuLabelWeak/India_8150162_S1OtsuLabelWeak.tif,raw/train/labels/8150162.tif,1336,9c13287965a644146958dee848f3baf654ae5c32ab5b05dc54e5c8b27cfba3fd
train,8227099,image,S1Weak,v1.1/data/flood_events/WeaklyLabeled/S1Weak/India_8227099_S1Weak.tif,https://storage.googleapis.com/sen1floods11/v1.1/data/flood_events/WeaklyLabeled/S1Weak/India_8227099_S1Weak.tif,raw/train/images/8227099.tif,1667989,ab5ac3b36a35edb957c66e8671bd29d7083aebff8eb49338a00531cc862c53a9
train,8227099,label,S1OtsuLabelWeak,v1.1/data/flood_events/WeaklyLabeled/S1OtsuLabelWeak/India_8227099_S1OtsuLabelWeak.tif,https://storage.googleapis.com/sen1floods11/v1.1/data/flood_events/WeaklyLabeled/S1OtsuLabelWeak/India_8227099_S1OtsuLabelWeak.tif,raw/train/labels/8227099.tif,5411,cc5709e3f451b77de9d23404f701535c7eb193d935c084a2d98f0ffeac4d5367
train,8245438,image,S1Weak,v1.1/data/flood_events/WeaklyLabeled/S1Weak/India_8245438_S1Weak.tif,https://storage.googleapis.com/sen1floods11/v1.1/data/flood_events/WeaklyLabeled/S1Weak/India_8245438_S1Weak.tif,raw/train/images/8245438.tif,1688602,ee415bab76adadaea681b644c714d208d2d9c328901f6de7ae6726c7efef77e1
train,8245438,label,S1OtsuLabelWeak,v1.1/data/flood_events/WeaklyLabeled/S1OtsuLabelWeak/India_8245438_S1OtsuLabelWeak.tif,https://storage.googleapis.com/sen1floods11/v1.1/data/flood_events/WeaklyLabeled/S1OtsuLabelWeak/India_8245438_S1OtsuLabelWeak.tif,raw/train/labels/8245438.tif,1172,dad7978d5b4a8433acb670f95b52eac43d083f79da07b835f1554a6559277373
train,8248827,image,S1Weak,v1.1/data/flood_events/WeaklyLabeled/S1Weak/India_8248827_S1Weak.tif,https://storage.googleapis.com/sen1floods11/v1.1/data/flood_events/WeaklyLabeled/S1Weak/India_8248827_S1Weak.tif,raw/train/images/8248827.tif,1667176,a50dc18de8baec194185eeb4303330060ae26fdc141db361f967a2a1bfbcd18d
train,8248827,label,S1OtsuLabelWeak,v1.1/data/flood_events/WeaklyLabeled/S1OtsuLabelWeak/India_8248827_S1OtsuLabelWeak.tif,https://storage.googleapis.com/sen1floods11/v1.1/data/flood_events/WeaklyLabeled/S1OtsuLabelWeak/India_8248827_S1OtsuLabelWeak.tif,raw/train/labels/8248827.tif,5269,effed5f86ba25821965d83ae255652522d6ae7ba0977b11979df6507fcd159eb
train,8254320,image,S1Weak,v1.1/data/flood_events/WeaklyLabeled/S1Weak/India_8254320_S1Weak.tif,https://storage.googleapis.com/sen1floods11/v1.1/data/flood_events/WeaklyLabeled/S1Weak/India_8254320_S1Weak.tif,raw/train/images/8254320.tif,1647801,cd95a4003da0c783ae8782b3edf36a753f43d351abb345b3a3df2345307732cd
train,8254320,label,S1OtsuLabelWeak,v1.1/data/flood_events/WeaklyLabeled/S1OtsuLabelWeak/India_8254320_S1OtsuLabelWeak.tif,https://storage.googleapis.com/sen1floods11/v1.1/data/flood_events/WeaklyLabeled/S1OtsuLabelWeak/India_8254320_S1OtsuLabelWeak.tif,raw/train/labels/8254320.tif,1792,7f4a5e0b210808ced2287af1ec8bea3d5b7442184d2b9ffd5ba62f4f8f13638e
train,8269315,image,S1Weak,v1.1/data/flood_events/WeaklyLabeled/S1Weak/India_8269315_S1Weak.tif,https://storage.googleapis.com/sen1floods11/v1.1/data/flood_events/WeaklyLabeled/S1Weak/India_8269315_S1Weak.tif,raw/train/images/8269315.tif,1666465,69ff22cad6932d5cab153b97e36c6576f50fcfc3ceea29e6167da7742d6979cc
train,8269315,label,S1OtsuLabelWeak,v1.1/data/flood_events/WeaklyLabeled/S1OtsuLabelWeak/India_8269315_S1OtsuLabelWeak.tif,https://storage.googleapis.com/sen1floods11/v1.1/data/flood_events/WeaklyLabeled/S1OtsuLabelWeak/India_8269315_S1OtsuLabelWeak.tif,raw/train/labels/8269315.tif,3654,3e41430caecbb2d901fdf28562983444e5495243ee74bcbf803c64e7a2f4b87f
train,8289217,image,S1Weak,v1.1/data/flood_events/WeaklyLabeled/S1Weak/India_8289217_S1Weak.tif,https://storage.googleapis.com/sen1floods11/v1.1/data/flood_events/WeaklyLabeled/S1Weak/India_8289217_S1Weak.tif,raw/train/images/8289217.tif,1711903,4d92a064c3959c79c50343a514461beb6f961ff3ff1b1a0b7946979c60e9fdd0
train,8289217,label,S1OtsuLabelWeak,v1.1/data/flood_events/WeaklyLabeled/S1OtsuLabelWeak/India_8289217_S1OtsuLabelWeak.tif,https://storage.googleapis.com/sen1floods11/v1.1/data/flood_events/WeaklyLabeled/S1OtsuLabelWeak/India_8289217_S1OtsuLabelWeak.tif,raw/train/labels/8289217.tif,1622,11d35e7b9d03b6d1dc54634e1013f15a985f58d1cce9e3b6fed1528ad36d8528
train,8304688,image,S1Weak,v1.1/data/flood_events/WeaklyLabeled/S1Weak/India_8304688_S1Weak.tif,https://storage.googleapis.com/sen1floods11/v1.1/data/flood_events/WeaklyLabeled/S1Weak/India_8304688_S1Weak.tif,raw/train/images/8304688.tif,1664408,457d040dc2693fc54f3f68663373ff3d834915cdca13c5f9f7a493233fc321b8
train,8304688,label,S1OtsuLabelWeak,v1.1/data/flood_events/WeaklyLabeled/S1OtsuLabelWeak/India_8304688_S1OtsuLabelWeak.tif,https://storage.googleapis.com/sen1floods11/v1.1/data/flood_events/WeaklyLabeled/S1OtsuLabelWeak/India_8304688_S1OtsuLabelWeak.tif,raw/train/labels/8304688.tif,2156,34375a715a5b2d75707a549b25fdab9999d1b64a865a3305ab6dd6768df7e0a1
train,8344223,image,S1Weak,v1.1/data/flood_events/WeaklyLabeled/S1Weak/India_8344223_S1Weak.tif,https://storage.googleapis.com/sen1floods11/v1.1/data/flood_events/WeaklyLabeled/S1Weak/India_8344223_S1Weak.tif,raw/train/images/8344223.tif,1667909,db897c09d148610c500cd0d2e20b002c36690298beed61e345f8799ad118acc2
train,8344223,label,S1OtsuLabelWeak,v1.1/data/flood_events/WeaklyLabeled/S1OtsuLabelWeak/India_8344223_S1OtsuLabelWeak.tif,https://storage.googleapis.com/sen1floods11/v1.1/data/flood_events/WeaklyLabeled/S1OtsuLabelWeak/India_8344223_S1OtsuLabelWeak.tif,raw/train/labels/8344223.tif,2603,fd760ebb63e4723116ac6d410eb7198df8dd63224b31f56b3f8f6dfa3582b05b
train,8361926,image,S1Weak,v1.1/data/flood_events/WeaklyLabeled/S1Weak/India_8361926_S1Weak.tif,https://storage.googleapis.com/sen1floods11/v1.1/data/flood_events/WeaklyLabeled/S1Weak/India_8361926_S1Weak.tif,raw/train/images/8361926.tif,1656689,f76a4b0df9a7ff6e09f3c09b15cdf7d3972954841e5b35e09fed41ca7066f421
train,8361926,label,S1OtsuLabelWeak,v1.1/data/flood_events/WeaklyLabeled/S1OtsuLabelWeak/India_8361926_S1OtsuLabelWeak.tif,https://storage.googleapis.com/sen1floods11/v1.1/data/flood_events/WeaklyLabeled/S1OtsuLabelWeak/India_8361926_S1OtsuLabelWeak.tif,raw/train/labels/8361926.tif,2939,16d76de73d9262ce849191e4e13eee00af3aa842ded294207d3960b15b6e4172
train,836564,image,S1Weak,v1.1/data/flood_events/WeaklyLabeled/S1Weak/India_836564_S1Weak.tif,https://storage.googleapis.com/sen1floods11/v1.1/data/flood_events/WeaklyLabeled/S1Weak/India_836564_S1Weak.tif,raw/train/images/836564.tif,1694581,20de72a13f9a874fb2d2b178e3c9e9789a567af1677101dacb9429b3e110e42d
train,836564,label,S1OtsuLabelWeak,v1.1/data/flood_events/WeaklyLabeled/S1OtsuLabelWeak/India_836564_S1OtsuLabelWeak.tif,https://storage.googleapis.com/sen1floods11/v1.1/data/flood_events/WeaklyLabeled/S1OtsuLabelWeak/India_836564_S1OtsuLabelWeak.tif,raw/train/labels/836564.tif,1919,4d4440662c58fd58d7a20aefe4b3a58f9bee7b3ee6a9c11dfa3edc398287b189
train,8371341,image,S1Weak,v1.1/data/flood_events/WeaklyLabeled/S1Weak/India_8371341_S1Weak.tif,https://storage.googleapis.com/sen1floods11/v1.1/data/flood_events/WeaklyLabeled/S1Weak/India_8371341_S1Weak.tif,raw/train/images/8371341.tif,1668016,52b4d923312d7389eaf1da6f620a62e73d7a3ae64e2f50388be3e84c09ce2beb
train,8371341,label,S1OtsuLabelWeak,v1.1/data/flood_events/WeaklyLabeled/S1OtsuLabelWeak/India_8371341_S1OtsuLabelWeak.tif,https://storage.googleapis.com/sen1floods11/v1.1/data/flood_events/WeaklyLabeled/S1OtsuLabelWeak/India_8371341_S1OtsuLabelWeak.tif,raw/train/labels/8371341.tif,1356,2fd6651dc4f90cf4009098f9105491dba585ac5f446294961cc4929d1c2caff8
train,8390255,image,S1Weak,v1.1/data/flood_events/WeaklyLabeled/S1Weak/India_8390255_S1Weak.tif,https://storage.googleapis.com/sen1floods11/v1.1/data/flood_events/WeaklyLabeled/S1Weak/India_8390255_S1Weak.tif,raw/train/images/8390255.tif,1658534,d9a034f0d7af43050d9cd139ca99f429a618b1523b6adfeeee6ea77bde89c87a
train,8390255,label,S1OtsuLabelWeak,v1.1/data/flood_events/WeaklyLabeled/S1OtsuLabelWeak/India_8390255_S1OtsuLabelWeak.tif,https://storage.googleapis.com/sen1floods11/v1.1/data/flood_events/WeaklyLabeled/S1OtsuLabelWeak/India_8390255_S1OtsuLabelWeak.tif,raw/train/labels/8390255.tif,1605,4466d4cb821bc91c1f4ee469d82e5b33ff242d6954b5667d0ee197cce8fe222f
train,8394141,image,S1Weak,v1.1/data/flood_events/WeaklyLabeled/S1Weak/India_8394141_S1Weak.tif,https://storage.googleapis.com/sen1floods11/v1.1/data/flood_events/WeaklyLabeled/S1Weak/India_8394141_S1Weak.tif,raw/train/images/8394141.tif,1663070,76ad9d6b9903fa417d9121cb3a47f25e01737b544ef2ebba12e7e8cb99b1c3ed
train,8394141,label,S1OtsuLabelWeak,v1.1/data/flood_events/WeaklyLabeled/S1OtsuLabelWeak/India_8394141_S1OtsuLabelWeak.tif,https://storage.googleapis.com/sen1floods11/v1.1/data/flood_events/WeaklyLabeled/S1OtsuLabelWeak/India_8394141_S1OtsuLabelWeak.tif,raw/train/labels/8394141.tif,3760,80be2db64005428ada32e7b316aae873709455ebd69315e45229962014c2393d
train,8408202,image,S1Weak,v1.1/data/flood_events/WeaklyLabeled/S1Weak/India_8408202_S1Weak.tif,https://storage.googleapis.com/sen1floods11/v1.1/data/flood_events/WeaklyLabeled/S1Weak/India_8408202_S1Weak.tif,raw/train/images/8408202.tif,1664150,74daa9ea467e84c322e7e1ac476ac5062e1c19c83d54ec59bea54b1c6287c996
train,8408202,label,S1OtsuLabelWeak,v1.1/data/flood_events/WeaklyLabeled/S1OtsuLabelWeak/India_8408202_S1OtsuLabelWeak.tif,https://storage.googleapis.com/sen1floods11/v1.1/data/flood_events/WeaklyLabeled/S1OtsuLabelWeak/India_8408202_S1OtsuLabelWeak.tif,raw/train/labels/8408202.tif,1576,5358ee5d9c07f9c4c9e05b0cb61057377699dde6a20a218c6d5332f32e9c0dd5
train,8414614,image,S1Weak,v1.1/data/flood_events/WeaklyLabeled/S1Weak/India_8414614_S1Weak.tif,https://storage.googleapis.com/sen1floods11/v1.1/data/flood_events/WeaklyLabeled/S1Weak/India_8414614_S1Weak.tif,raw/train/images/8414614.tif,1662515,a56f823dadb009ec43813e4a1b6b604bc97fc2b751bb521ef79a9358e12a9fc6
train,8414614,label,S1OtsuLabelWeak,v1.1/data/flood_events/WeaklyLabeled/S1OtsuLabelWeak/India_8414614_S1OtsuLabelWeak.tif,https://storage.googleapis.com/sen1floods11/v1.1/data/flood_events/WeaklyLabeled/S1OtsuLabelWeak/India_8414614_S1OtsuLabelWeak.tif,raw/train/labels/8414614.tif,3707,243768d7e53a34449ecf7e7e898cd97858ed3dc5d7b32a85fc829df6291539fa
train,8430485,image,S1Weak,v1.1/data/flood_events/WeaklyLabeled/S1Weak/India_8430485_S1Weak.tif,https://storage.googleapis.com/sen1floods11/v1.1/data/flood_events/WeaklyLabeled/S1Weak/India_8430485_S1Weak.tif,raw/train/images/8430485.tif,1666276,3f08f710f2fab07ac0e09f22df591fc4be83d584c5e21e9964ba1ff240b06645
train,8430485,label,S1OtsuLabelWeak,v1.1/data/flood_events/WeaklyLabeled/S1OtsuLabelWeak/India_8430485_S1OtsuLabelWeak.tif,https://storage.googleapis.com/sen1floods11/v1.1/data/flood_events/WeaklyLabeled/S1OtsuLabelWeak/India_8430485_S1OtsuLabelWeak.tif,raw/train/labels/8430485.tif,1510,b03cbe306d3455c46d15bcac31f154d4070aa8a73ee66420472f8bf450f70cae
train,8450802,image,S1Weak,v1.1/data/flood_events/WeaklyLabeled/S1Weak/India_8450802_S1Weak.tif,https://storage.googleapis.com/sen1floods11/v1.1/data/flood_events/WeaklyLabeled/S1Weak/India_8450802_S1Weak.tif,raw/train/images/8450802.tif,1676570,69fdcb2c19ce6c72dc32704ca8be396dc522075a890b1a71f6c86ce69e0bdd93
train,8450802,label,S1OtsuLabelWeak,v1.1/data/flood_events/WeaklyLabeled/S1OtsuLabelWeak/India_8450802_S1OtsuLabelWeak.tif,https://storage.googleapis.com/sen1floods11/v1.1/data/flood_events/WeaklyLabeled/S1OtsuLabelWeak/India_8450802_S1OtsuLabelWeak.tif,raw/train/labels/8450802.tif,1099,0d34a591a6ca339d36b1b59ecec2ffd894937a53321f5f389e5165313943d559
train,8458452,image,S1Weak,v1.1/data/flood_events/WeaklyLabeled/S1Weak/India_8458452_S1Weak.tif,https://storage.googleapis.com/sen1floods11/v1.1/data/flood_events/WeaklyLabeled/S1Weak/India_8458452_S1Weak.tif,raw/train/images/8458452.tif,1658558,4e8d47aaafa5577705f8af9a3fa29f950fd4ba2b4b8cd6858b92d895ba5dfc3d
train,8458452,label,S1OtsuLabelWeak,v1.1/data/flood_events/WeaklyLabeled/S1OtsuLabelWeak/India_8458452_S1OtsuLabelWeak.tif,https://storage.googleapis.com/sen1floods11/v1.1/data/flood_events/WeaklyLabeled/S1OtsuLabelWeak/India_8458452_S1OtsuLabelWeak.tif,raw/train/labels/8458452.tif,4149,a7cdd102c23a61b3cbba9f926feff9f16cc8dbd5d669fcf2e82177cbca26e634
train,8484265,image,S1Weak,v1.1/data/flood_events/WeaklyLabeled/S1Weak/India_8484265_S1Weak.tif,https://storage.googleapis.com/sen1floods11/v1.1/data/flood_events/WeaklyLabeled/S1Weak/India_8484265_S1Weak.tif,raw/train/images/8484265.tif,1664357,752a736a945692425607fc7f878582404cc3e6268875fda9bbb2e7438687e20a
train,8484265,label,S1OtsuLabelWeak,v1.1/data/flood_events/WeaklyLabeled/S1OtsuLabelWeak/India_8484265_S1OtsuLabelWeak.tif,https://storage.googleapis.com/sen1floods11/v1.1/data/flood_events/WeaklyLabeled/S1OtsuLabelWeak/India_8484265_S1OtsuLabelWeak.tif,raw/train/labels/8484265.tif,1548,a5e98edb46ac0e6fda0b1adf25e19bfe6c1b3c79702c5d35d9a253582b7760ce
train,8495295,image,S1Weak,v1.1/data/flood_events/WeaklyLabeled/S1Weak/India_8495295_S1Weak.tif,https://storage.googleapis.com/sen1floods11/v1.1/data/flood_events/WeaklyLabeled/S1Weak/India_8495295_S1Weak.tif,raw/train/images/8495295.tif,1671400,b760085732a330f0a7420900d4dff878ecfa03588757d262263b26fc6eaf59f0
train,8495295,label,S1OtsuLabelWeak,v1.1/data/flood_events/WeaklyLabeled/S1OtsuLabelWeak/India_8495295_S1OtsuLabelWeak.tif,https://storage.googleapis.com/sen1floods11/v1.1/data/flood_events/WeaklyLabeled/S1OtsuLabelWeak/India_8495295_S1OtsuLabelWeak.tif,raw/train/labels/8495295.tif,6284,7ad8b053a99d9107e246427631bfa795950ead51eb4b206ffed59f08a0bdb1f6
train,8516744,image,S1Weak,v1.1/data/flood_events/WeaklyLabeled/S1Weak/India_8516744_S1Weak.tif,https://storage.googleapis.com/sen1floods11/v1.1/data/flood_events/WeaklyLabeled/S1Weak/India_8516744_S1Weak.tif,raw/train/images/8516744.tif,1672742,0b08d3c023f857cd0466b2169929c7cccf29df9a0dbd99881c638fc65eaf04cd
train,8516744,label,S1OtsuLabelWeak,v1.1/data/flood_events/WeaklyLabeled/S1OtsuLabelWeak/India_8516744_S1OtsuLabelWeak.tif,https://storage.googleapis.com/sen1floods11/v1.1/data/flood_events/WeaklyLabeled/S1OtsuLabelWeak/India_8516744_S1OtsuLabelWeak.tif,raw/train/labels/8516744.tif,1192,0dceaaed76b2b7da288bdcd4b16367c24993b10172d3e95a9987a960b31b9f6a
train,8520114,image,S1Weak,v1.1/data/flood_events/WeaklyLabeled/S1Weak/India_8520114_S1Weak.tif,https://storage.googleapis.com/sen1floods11/v1.1/data/flood_events/WeaklyLabeled/S1Weak/India_8520114_S1Weak.tif,raw/train/images/8520114.tif,1657850,bb742325180cf7b70c97030e3811cc70932cfb7ddc7e982825a039cf56bb6d14
train,8520114,label,S1OtsuLabelWeak,v1.1/data/flood_events/WeaklyLabeled/S1OtsuLabelWeak/India_8520114_S1OtsuLabelWeak.tif,https://storage.googleapis.com/sen1floods11/v1.1/data/flood_events/WeaklyLabeled/S1OtsuLabelWeak/India_8520114_S1OtsuLabelWeak.tif,raw/train/labels/8520114.tif,2349,e72dbc9e842ec4336ef821909e25a28457a0f6ed08ebfa7877c66eea7e501742
train,8525476,image,S1Weak,v1.1/data/flood_events/WeaklyLabeled/S1Weak/India_8525476_S1Weak.tif,https://storage.googleapis.com/sen1floods11/v1.1/data/flood_events/WeaklyLabeled/S1Weak/India_8525476_S1Weak.tif,raw/train/images/8525476.tif,1662939,dc0fc17ae9eeded08cf24a9a2e8d985a86fb3ab09f5d847d8e2c2f92494e0976
train,8525476,label,S1OtsuLabelWeak,v1.1/data/flood_events/WeaklyLabeled/S1OtsuLabelWeak/India_8525476_S1OtsuLabelWeak.tif,https://storage.googleapis.com/sen1floods11/v1.1/data/flood_events/WeaklyLabeled/S1OtsuLabelWeak/India_8525476_S1OtsuLabelWeak.tif,raw/train/labels/8525476.tif,1434,b44b54b01ac031de532f3f16db8344f1feaee417b1c530adb0df90ff3e35573d
train,8535421,image,S1Weak,v1.1/data/flood_events/WeaklyLabeled/S1Weak/India_8535421_S1Weak.tif,https://storage.googleapis.com/sen1floods11/v1.1/data/flood_events/WeaklyLabeled/S1Weak/India_8535421_S1Weak.tif,raw/train/images/8535421.tif,1686535,1a57128f08d9917a1e6f59c917ae260616e1caecb3ba6db315f30d24a13917f1
train,8535421,label,S1OtsuLabelWeak,v1.1/data/flood_events/WeaklyLabeled/S1OtsuLabelWeak/India_8535421_S1OtsuLabelWeak.tif,https://storage.googleapis.com/sen1floods11/v1.1/data/flood_events/WeaklyLabeled/S1OtsuLabelWeak/India_8535421_S1OtsuLabelWeak.tif,raw/train/labels/8535421.tif,1933,6500656711649f5af5cfe1e5bad0c24aac9a9418b4fd3ad5592d8df33de0a5f3
train,8540061,image,S1Weak,v1.1/data/flood_events/WeaklyLabeled/S1Weak/India_8540061_S1Weak.tif,https://storage.googleapis.com/sen1floods11/v1.1/data/flood_events/WeaklyLabeled/S1Weak/India_8540061_S1Weak.tif,raw/train/images/8540061.tif,1659220,66a11313052024d4610f1bfdd2886420ac0b711d001febf91c3e25ec7f55744f
train,8540061,label,S1OtsuLabelWeak,v1.1/data/flood_events/WeaklyLabeled/S1OtsuLabelWeak/India_8540061_S1OtsuLabelWeak.tif,https://storage.googleapis.com/sen1floods11/v1.1/data/flood_events/WeaklyLabeled/S1OtsuLabelWeak/India_8540061_S1OtsuLabelWeak.tif,raw/train/labels/8540061.tif,1099,d687783c7eb748ffea3940e49bf78dfe9b2eba9cf7cd3c3031037f7c4e71ef53
train,8564112,image,S1Weak,v1.1/data/flood_events/WeaklyLabeled/S1Weak/India_8564112_S1Weak.tif,https://storage.googleapis.com/sen1floods11/v1.1/data/flood_events/WeaklyLabeled/S1Weak/India_8564112_S1Weak.tif,raw/train/images/8564112.tif,1689266,3da21b16912bbb31272f4c5d59e91bf66585f38bee294fe78f427f44482c1826
train,8564112,label,S1OtsuLabelWeak,v1.1/data/flood_events/WeaklyLabeled/S1OtsuLabelWeak/India_8564112_S1OtsuLabelWeak.tif,https://storage.googleapis.com/sen1floods11/v1.1/data/flood_events/WeaklyLabeled/S1OtsuLabelWeak/India_8564112_S1OtsuLabelWeak.tif,raw/train/labels/8564112.tif,2336,3b46f61a8b508b4e1f616a2d9c0f8d2409fb74393145c4e10943936bb7332371
train,8585244,image,S1Weak,v1.1/data/flood_events/WeaklyLabeled/S1Weak/India_8585244_S1Weak.tif,https://storage.googleapis.com/sen1floods11/v1.1/data/flood_events/WeaklyLabeled/S1Weak/India_8585244_S1Weak.tif,raw/train/images/8585244.tif,1674667,c42b41a36daaf230d1343a6edf3b00e564c0eb9d3e8ac0d128c7a7f95048ec19
train,8585244,label,S1OtsuLabelWeak,v1.1/data/flood_events/WeaklyLabeled/S1OtsuLabelWeak/India_8585244_S1OtsuLabelWeak.tif,https://storage.googleapis.com/sen1floods11/v1.1/data/flood_events/WeaklyLabeled/S1OtsuLabelWeak/India_8585244_S1OtsuLabelWeak.tif,raw/train/labels/8585244.tif,1528,f063348360c9068f3fec53c59cf6c9afb9027166672709c0091bad5975bb516d
train,8622169,image,S1Weak,v1.1/data/flood_events/WeaklyLabeled/S1Weak/India_8622169_S1Weak.tif,https://storage.googleapis.com/sen1floods11/v1.1/data/flood_events/WeaklyLabeled/S1Weak/India_8622169_S1Weak.tif,raw/train/images/8622169.tif,1661422,a45952c3ab4b06cf6f8da68d224abac5fec57ee23a6e51c6a6466143ded40d06
train,8622169,label,S1OtsuLabelWeak,v1.1/data/flood_events/WeaklyLabeled/S1OtsuLabelWeak/India_8622169_S1OtsuLabelWeak.tif,https://storage.googleapis.com/sen1floods11/v1.1/data/flood_events/WeaklyLabeled/S1OtsuLabelWeak/India_8622169_S1OtsuLabelWeak.tif,raw/train/labels/8622169.tif,4794,9c358be0ec619458c51fa695cfcac2a3c3a3483a5d2675a44d64aa990fa2b71f
train,8636160,image,S1Weak,v1.1/data/flood_events/WeaklyLabeled/S1Weak/India_8636160_S1Weak.tif,https://storage.googleapis.com/sen1floods11/v1.1/data/flood_events/WeaklyLabeled/S1Weak/India_8636160_S1Weak.tif,raw/train/images/8636160.tif,1699471,ecdfb61d23a6238ad0b404ffeea0c54a6370b4c14bbfbc5fe79b00e0391ddd06
train,8636160,label,S1OtsuLabelWeak,v1.1/data/flood_events/WeaklyLabeled/S1OtsuLabelWeak/India_8636160_S1OtsuLabelWeak.tif,https://storage.googleapis.com/sen1floods11/v1.1/data/flood_events/WeaklyLabeled/S1OtsuLabelWeak/India_8636160_S1OtsuLabelWeak.tif,raw/train/labels/8636160.tif,1294,393b34af6b099aef97a41eae0941bd23370a0aa86cc3781dda2f65cf4e32a75e
train,8641929,image,S1Weak,v1.1/data/flood_events/WeaklyLabeled/S1Weak/India_8641929_S1Weak.tif,https://storage.googleapis.com/sen1floods11/v1.1/data/flood_events/WeaklyLabeled/S1Weak/India_8641929_S1Weak.tif,raw/train/images/8641929.tif,1657629,20a98a0285ea4564360538d0afda40fb8d10c56f397140461d629c1847a6c60d
train,8641929,label,S1OtsuLabelWeak,v1.1/data/flood_events/WeaklyLabeled/S1OtsuLabelWeak/India_8641929_S1OtsuLabelWeak.tif,https://storage.googleapis.com/sen1floods11/v1.1/data/flood_events/WeaklyLabeled/S1OtsuLabelWeak/India_8641929_S1OtsuLabelWeak.tif,raw/train/labels/8641929.tif,4658,c194f1771ffc574ec6bdb0fcb98949d19792add6b78c8d5924c8875d6e2fb56d
train,8642589,image,S1Weak,v1.1/data/flood_events/WeaklyLabeled/S1Weak/India_8642589_S1Weak.tif,https://storage.googleapis.com/sen1floods11/v1.1/data/flood_events/WeaklyLabeled/S1Weak/India_8642589_S1Weak.tif,raw/train/images/8642589.tif,1667769,5a2036ef871caef3c786f29c139f9cb3f65ea4720dfdb937cd69fc2cac04dece
train,8642589,label,S1OtsuLabelWeak,v1.1/data/flood_events/WeaklyLabeled/S1OtsuLabelWeak/India_8642589_S1OtsuLabelWeak.tif,https://storage.googleapis.com/sen1floods11/v1.1/data/flood_events/WeaklyLabeled/S1OtsuLabelWeak/India_8642589_S1OtsuLabelWeak.tif,raw/train/labels/8642589.tif,5126,e9f31e49bc49513f38ceef06ae6a4eace37f5d42343fac7e83456a5efac3fa6c
train,8673068,image,S1Weak,v1.1/data/flood_events/WeaklyLabeled/S1Weak/India_8673068_S1Weak.tif,https://storage.googleapis.com/sen1floods11/v1.1/data/flood_events/WeaklyLabeled/S1Weak/India_8673068_S1Weak.tif,raw/train/images/8673068.tif,1656099,79bfea0b471e875243e01512af1b88c89fda9e9bd668ccd10104e50ad1b76a91
train,8673068,label,S1OtsuLabelWeak,v1.1/data/flood_events/WeaklyLabeled/S1OtsuLabelWeak/India_8673068_S1OtsuLabelWeak.tif,https://storage.googleapis.com/sen1floods11/v1.1/data/flood_events/WeaklyLabeled/S1OtsuLabelWeak/India_8673068_S1OtsuLabelWeak.tif,raw/train/labels/8673068.tif,2192,f522acb1913cfc29edea14837332acdd7b1111de00f142525bbaf471fed5e057
train,8674648,image,S1Weak,v1.1/data/flood_events/WeaklyLabeled/S1Weak/India_8674648_S1Weak.tif,https://storage.googleapis.com/sen1floods11/v1.1/data/flood_events/WeaklyLabeled/S1Weak/India_8674648_S1Weak.tif,raw/train/images/8674648.tif,1661079,0d8b74e619969e29533d07d6be060768d82b37f9b89832f5b6fa9e959b8060c4
train,8674648,label,S1OtsuLabelWeak,v1.1/data/flood_events/WeaklyLabeled/S1OtsuLabelWeak/India_8674648_S1OtsuLabelWeak.tif,https://storage.googleapis.com/sen1floods11/v1.1/data/flood_events/WeaklyLabeled/S1OtsuLabelWeak/India_8674648_S1OtsuLabelWeak.tif,raw/train/labels/8674648.tif,3733,809c98acb0a6fec82f10c69260eb26bea0377007d4324cc73287ee7fb1929743
train,869294,image,S1Weak,v1.1/data/flood_events/WeaklyLabeled/S1Weak/India_869294_S1Weak.tif,https://storage.googleapis.com/sen1floods11/v1.1/data/flood_events/WeaklyLabeled/S1Weak/India_869294_S1Weak.tif,raw/train/images/869294.tif,1672169,8950220065896a39f949717d0ad89ad94e70e86347bcb28592614efede45a3fa
train,869294,label,S1OtsuLabelWeak,v1.1/data/flood_events/WeaklyLabeled/S1OtsuLabelWeak/India_869294_S1OtsuLabelWeak.tif,https://storage.googleapis.com/sen1floods11/v1.1/data/flood_events/WeaklyLabeled/S1OtsuLabelWeak/India_869294_S1OtsuLabelWeak.tif,raw/train/labels/869294.tif,1322,63b6d5725447ea0276093610ed2129523a6481eea7bf7cb89218e1e48881cacf
train,8739506,image,S1Weak,v1.1/data/flood_events/WeaklyLabeled/S1Weak/India_8739506_S1Weak.tif,https://storage.googleapis.com/sen1floods11/v1.1/data/flood_events/WeaklyLabeled/S1Weak/India_8739506_S1Weak.tif,raw/train/images/8739506.tif,1665615,8fb786fff434c0d0cc989fa809fc92096a2579f608128fb63ecf3d335169ad54
train,8739506,label,S1OtsuLabelWeak,v1.1/data/flood_events/WeaklyLabeled/S1OtsuLabelWeak/India_8739506_S1OtsuLabelWeak.tif,https://storage.googleapis.com/sen1floods11/v1.1/data/flood_events/WeaklyLabeled/S1OtsuLabelWeak/India_8739506_S1OtsuLabelWeak.tif,raw/train/labels/8739506.tif,6346,80c87d2628db00b2e076ffbb49520f2767688be55e808cc620a77dd86f399041
train,8746652,image,S1Weak,v1.1/data/flood_events/WeaklyLabeled/S1Weak/India_8746652_S1Weak.tif,https://storage.googleapis.com/sen1floods11/v1.1/data/flood_events/WeaklyLabeled/S1Weak/India_8746652_S1Weak.tif,raw/train/images/8746652.tif,1653488,2e7a41257476b83bbfb39710d203b553db24651d86addcebcca6b8464eebc43a
train,8746652,label,S1OtsuLabelWeak,v1.1/data/flood_events/WeaklyLabeled/S1OtsuLabelWeak/India_8746652_S1OtsuLabelWeak.tif,https://storage.googleapis.com/sen1floods11/v1.1/data/flood_events/WeaklyLabeled/S1OtsuLabelWeak/India_8746652_S1OtsuLabelWeak.tif,raw/train/labels/8746652.tif,1251,656cad381593ec2d7a143317b8f6c15ca90a8e2771ce70fa80b5425357bba95e
train,8766372,image,S1Weak,v1.1/data/flood_events/WeaklyLabeled/S1Weak/India_8766372_S1Weak.tif,https://storage.googleapis.com/sen1floods11/v1.1/data/flood_events/WeaklyLabeled/S1Weak/India_8766372_S1Weak.tif,raw/train/images/8766372.tif,1663399,f6045a78320d46b3cdc1aa2a6d07cc1cd276b246608192f871a7a85269360870
train,8766372,label,S1OtsuLabelWeak,v1.1/data/flood_events/WeaklyLabeled/S1OtsuLabelWeak/India_8766372_S1OtsuLabelWeak.tif,https://storage.googleapis.com/sen1floods11/v1.1/data/flood_events/WeaklyLabeled/S1OtsuLabelWeak/India_8766372_S1OtsuLabelWeak.tif,raw/train/labels/8766372.tif,2651,b50a4ca511195b49b35ffc3c3d290341e12a5c2ce7a02e990ac4d4f989d2b349
train,8773579,image,S1Weak,v1.1/data/flood_events/WeaklyLabeled/S1Weak/India_8773579_S1Weak.tif,https://storage.googleapis.com/sen1floods11/v1.1/data/flood_events/WeaklyLabeled/S1Weak/India_8773579_S1Weak.tif,raw/train/images/8773579.tif,1675587,7cd13621a3a105af6ed171db525afe82c136cd2d2ddd46d88b7342469a11f80c
train,8773579,label,S1OtsuLabelWeak,v1.1/data/flood_events/WeaklyLabeled/S1OtsuLabelWeak/India_8773579_S1OtsuLabelWeak.tif,https://storage.googleapis.com/sen1floods11/v1.1/data/flood_events/WeaklyLabeled/S1OtsuLabelWeak/India_8773579_S1OtsuLabelWeak.tif,raw/train/labels/8773579.tif,1112,28a94a9708ca015764626879372630c577c908989b1b1dd5187e4d3b712bb94a
train,8798232,image,S1Weak,v1.1/data/flood_events/WeaklyLabeled/S1Weak/India_8798232_S1Weak.tif,https://storage.googleapis.com/sen1floods11/v1.1/data/flood_events/WeaklyLabeled/S1Weak/India_8798232_S1Weak.tif,raw/train/images/8798232.tif,1667896,39511ed68d9a3f1492cb151433462f7776dc75c280e57ac7db1c080e89d6a3ae
train,8798232,label,S1OtsuLabelWeak,v1.1/data/flood_events/WeaklyLabeled/S1OtsuLabelWeak/India_8798232_S1OtsuLabelWeak.tif,https://storage.googleapis.com/sen1floods11/v1.1/data/flood_events/WeaklyLabeled/S1OtsuLabelWeak/India_8798232_S1OtsuLabelWeak.tif,raw/train/labels/8798232.tif,2054,121dd38baa7fa5b0c2bc7bdbec31f3df16495df6ae8b4ce7ab5a1fab5ced24d2
train,8862939,image,S1Weak,v1.1/data/flood_events/WeaklyLabeled/S1Weak/India_8862939_S1Weak.tif,https://storage.googleapis.com/sen1floods11/v1.1/data/flood_events/WeaklyLabeled/S1Weak/India_8862939_S1Weak.tif,raw/train/images/8862939.tif,1655323,7ff32ebe5cdfdf04dc0868ce18f54514b2cefb50ce8cd87a574a3f95481f10d6
train,8862939,label,S1OtsuLabelWeak,v1.1/data/flood_events/WeaklyLabeled/S1OtsuLabelWeak/India_8862939_S1OtsuLabelWeak.tif,https://storage.googleapis.com/sen1floods11/v1.1/data/flood_events/WeaklyLabeled/S1OtsuLabelWeak/India_8862939_S1OtsuLabelWeak.tif,raw/train/labels/8862939.tif,3322,e626b49d2457eb0f8ee85944f5bbe69ffe458576cf7de04cc0961c02b9022447
train,8871992,image,S1Weak,v1.1/data/flood_events/WeaklyLabeled/S1Weak/India_8871992_S1Weak.tif,https://storage.googleapis.com/sen1floods11/v1.1/data/flood_events/WeaklyLabeled/S1Weak/India_8871992_S1Weak.tif,raw/train/images/8871992.tif,1680254,9bd892c41aad1c9cc41d3593c839b567502adb7bfd8ad52dd17ab3c286b90b3f
train,8871992,label,S1OtsuLabelWeak,v1.1/data/flood_events/WeaklyLabeled/S1OtsuLabelWeak/India_8871992_S1OtsuLabelWeak.tif,https://storage.googleapis.com/sen1floods11/v1.1/data/flood_events/WeaklyLabeled/S1OtsuLabelWeak/India_8871992_S1OtsuLabelWeak.tif,raw/train/labels/8871992.tif,1107,a20fe61e6f6450c1cf96c77c620632239099320068da2eb9658ff96b754d5483
train,8889608,image,S1Weak,v1.1/data/flood_events/WeaklyLabeled/S1Weak/India_8889608_S1Weak.tif,https://storage.googleapis.com/sen1floods11/v1.1/data/flood_events/WeaklyLabeled/S1Weak/India_8889608_S1Weak.tif,raw/train/images/8889608.tif,1669128,660d9e7f7dada2bb03f86532780616e677bf40be1f444386179ad3ec38cd2d5b
train,8889608,label,S1OtsuLabelWeak,v1.1/data/flood_events/WeaklyLabeled/S1OtsuLabelWeak/India_8889608_S1OtsuLabelWeak.tif,https://storage.googleapis.com/sen1floods11/v1.1/data/flood_events/WeaklyLabeled/S1OtsuLabelWeak/India_8889608_S1OtsuLabelWeak.tif,raw/train/labels/8889608.tif,2342,9749e024b616b675c7bbfdc672160cf19ce9d1a39f6ab0e364a65d7c84203160
train,8891261,image,S1Weak,v1.1/data/flood_events/WeaklyLabeled/S1Weak/India_8891261_S1Weak.tif,https://storage.googleapis.com/sen1floods11/v1.1/data/flood_events/WeaklyLabeled/S1Weak/India_8891261_S1Weak.tif,raw/train/images/8891261.tif,1677862,7853f6399105eaebb6af8275b6575109ff513041e7aff62495a2067a161d1eba
train,8891261,label,S1OtsuLabelWeak,v1.1/data/flood_events/WeaklyLabeled/S1OtsuLabelWeak/India_8891261_S1OtsuLabelWeak.tif,https://storage.googleapis.com/sen1floods11/v1.1/data/flood_events/WeaklyLabeled/S1OtsuLabelWeak/India_8891261_S1OtsuLabelWeak.tif,raw/train/labels/8891261.tif,1185,0b023711faffed205c76deb6d91f8f7d4d995c64b48120b439b3c2dd42707fe1
train,8928828,image,S1Weak,v1.1/data/flood_events/WeaklyLabeled/S1Weak/India_8928828_S1Weak.tif,https://storage.googleapis.com/sen1floods11/v1.1/data/flood_events/WeaklyLabeled/S1Weak/India_8928828_S1Weak.tif,raw/train/images/8928828.tif,1656851,bcea5546601880651d927a96f28aff1bba0e8b36e2dea2b75ad4ea44e2e06d3a
train,8928828,label,S1OtsuLabelWeak,v1.1/data/flood_events/WeaklyLabeled/S1OtsuLabelWeak/India_8928828_S1OtsuLabelWeak.tif,https://storage.googleapis.com/sen1floods11/v1.1/data/flood_events/WeaklyLabeled/S1OtsuLabelWeak/India_8928828_S1OtsuLabelWeak.tif,raw/train/labels/8928828.tif,3459,8c3a289301a5afc91a65c89ce281f86758b108a6faf50266b4f0bb64cebdd06e
train,8952501,image,S1Weak,v1.1/data/flood_events/WeaklyLabeled/S1Weak/India_8952501_S1Weak.tif,https://storage.googleapis.com/sen1floods11/v1.1/data/flood_events/WeaklyLabeled/S1Weak/India_8952501_S1Weak.tif,raw/train/images/8952501.tif,1664866,3439c0df59900347daf534fc408a135b3c2b9edf288331b13e22e1427d6420ef
train,8952501,label,S1OtsuLabelWeak,v1.1/data/flood_events/WeaklyLabeled/S1OtsuLabelWeak/India_8952501_S1OtsuLabelWeak.tif,https://storage.googleapis.com/sen1floods11/v1.1/data/flood_events/WeaklyLabeled/S1OtsuLabelWeak/India_8952501_S1OtsuLabelWeak.tif,raw/train/labels/8952501.tif,7985,9da5433646a275ba2b523a430d2ab6756054c7f21d8d6f3b286aecd4f69dd982
train,8959582,image,S1Weak,v1.1/data/flood_events/WeaklyLabeled/S1Weak/India_8959582_S1Weak.tif,https://storage.googleapis.com/sen1floods11/v1.1/data/flood_events/WeaklyLabeled/S1Weak/India_8959582_S1Weak.tif,raw/train/images/8959582.tif,1662907,90a483564f5e184f62ce51142e095f2fea2ede04c77689e03d3400b63cc3dff6
train,8959582,label,S1OtsuLabelWeak,v1.1/data/flood_events/WeaklyLabeled/S1OtsuLabelWeak/India_8959582_S1OtsuLabelWeak.tif,https://storage.googleapis.com/sen1floods11/v1.1/data/flood_events/WeaklyLabeled/S1OtsuLabelWeak/India_8959582_S1OtsuLabelWeak.tif,raw/train/labels/8959582.tif,1806,5f03938d1a085dcf7f4c0c3532d3fed9b69013af78b3c2787e0835f7f1d142f0
train,8975830,image,S1Weak,v1.1/data/flood_events/WeaklyLabeled/S1Weak/India_8975830_S1Weak.tif,https://storage.googleapis.com/sen1floods11/v1.1/data/flood_events/WeaklyLabeled/S1Weak/India_8975830_S1Weak.tif,raw/train/images/8975830.tif,1657114,2e4075a31864332c24cfc5b71de2c74733e7546984e077380101db18bd6f2392
train,8975830,label,S1OtsuLabelWeak,v1.1/data/flood_events/WeaklyLabeled/S1OtsuLabelWeak/India_8975830_S1OtsuLabelWeak.tif,https://storage.googleapis.com/sen1floods11/v1.1/data/flood_events/WeaklyLabeled/S1OtsuLabelWeak/India_8975830_S1OtsuLabelWeak.tif,raw/train/labels/8975830.tif,3154,9847cba8b4f0a37bd211098d3375e6b4a25ee25d104cb5421cddcdd1d6a08fc5
train,8978031,image,S1Weak,v1.1/data/flood_events/WeaklyLabeled/S1Weak/India_8978031_S1Weak.tif,https://storage.googleapis.com/sen1floods11/v1.1/data/flood_events/WeaklyLabeled/S1Weak/India_8978031_S1Weak.tif,raw/train/images/8978031.tif,1657700,65b48515bdeefa44701ebca43ca1cbc13276e52ae493cbe5c52c2f0120f4ba5a
train,8978031,label,S1OtsuLabelWeak,v1.1/data/flood_events/WeaklyLabeled/S1OtsuLabelWeak/India_8978031_S1OtsuLabelWeak.tif,https://storage.googleapis.com/sen1floods11/v1.1/data/flood_events/WeaklyLabeled/S1OtsuLabelWeak/India_8978031_S1OtsuLabelWeak.tif,raw/train/labels/8978031.tif,1640,e2ee2befa915136eba1a4d7dbc9a77344c15e3545247171d05a535792a7709ef
train,9015237,image,S1Weak,v1.1/data/flood_events/WeaklyLabeled/S1Weak/India_9015237_S1Weak.tif,https://storage.googleapis.com/sen1floods11/v1.1/data/flood_events/WeaklyLabeled/S1Weak/India_9015237_S1Weak.tif,raw/train/images/9015237.tif,1656635,b1da8d54e941f55c36fa6d9f93f4b253c165194921094a17c2d2d26492eac947
train,9015237,label,S1OtsuLabelWeak,v1.1/data/flood_events/WeaklyLabeled/S1OtsuLabelWeak/India_9015237_S1OtsuLabelWeak.tif,https://storage.googleapis.com/sen1floods11/v1.1/data/flood_events/WeaklyLabeled/S1OtsuLabelWeak/India_9015237_S1OtsuLabelWeak.tif,raw/train/labels/9015237.tif,5533,504b8b8f577f464fb3157c0c52557e8c9357995e14ec583cfab4841dd3f90a80
train,9017167,image,S1Weak,v1.1/data/flood_events/WeaklyLabeled/S1Weak/India_9017167_S1Weak.tif,https://storage.googleapis.com/sen1floods11/v1.1/data/flood_events/WeaklyLabeled/S1Weak/India_9017167_S1Weak.tif,raw/train/images/9017167.tif,1656191,489834bbbaa5f314d755fb63e4e3af682a677850b17ee880ae5d1393cc42f0c6
train,9017167,label,S1OtsuLabelWeak,v1.1/data/flood_events/WeaklyLabeled/S1OtsuLabelWeak/India_9017167_S1OtsuLabelWeak.tif,https://storage.googleapis.com/sen1floods11/v1.1/data/flood_events/WeaklyLabeled/S1OtsuLabelWeak/India_9017167_S1OtsuLabelWeak.tif,raw/train/labels/9017167.tif,5905,fa30eca827313a68e9d1d832ed0dd0f4fd4710d4f9d61130826f5fb63a83f554
train,9021733,image,S1Weak,v1.1/data/flood_events/WeaklyLabeled/S1Weak/India_9021733_S1Weak.tif,https://storage.googleapis.com/sen1floods11/v1.1/data/flood_events/WeaklyLabeled/S1Weak/India_9021733_S1Weak.tif,raw/train/images/9021733.tif,1664157,011cfa4b98c086c0f780595a514cd428f1f9880a7c730fe429cfe11d8f445338
train,9021733,label,S1OtsuLabelWeak,v1.1/data/flood_events/WeaklyLabeled/S1OtsuLabelWeak/India_9021733_S1OtsuLabelWeak.tif,https://storage.googleapis.com/sen1floods11/v1.1/data/flood_events/WeaklyLabeled/S1OtsuLabelWeak/India_9021733_S1OtsuLabelWeak.tif,raw/train/labels/9021733.tif,4043,4989bc6f0105b94bda545b4b21aca14dd658ac80425fbb96b8d8b14ff99a759d
train,9034613,image,S1Weak,v1.1/data/flood_events/WeaklyLabeled/S1Weak/India_9034613_S1Weak.tif,https://storage.googleapis.com/sen1floods11/v1.1/data/flood_events/WeaklyLabeled/S1Weak/India_9034613_S1Weak.tif,raw/train/images/9034613.tif,1669900,98dde6a69643f27b1e3342dcba890363a2b8e714a549c091f7b254c285a973e6
train,9034613,label,S1OtsuLabelWeak,v1.1/data/flood_events/WeaklyLabeled/S1OtsuLabelWeak/India_9034613_S1OtsuLabelWeak.tif,https://storage.googleapis.com/sen1floods11/v1.1/data/flood_events/WeaklyLabeled/S1OtsuLabelWeak/India_9034613_S1OtsuLabelWeak.tif,raw/train/labels/9034613.tif,4730,d02a24cfe0160e2f3d6dd01e5fc36a6ce9cb792b2bf719d9dc125e60aa7aa952
train,9060557,image,S1Weak,v1.1/data/flood_events/WeaklyLabeled/S1Weak/India_9060557_S1Weak.tif,https://storage.googleapis.com/sen1floods11/v1.1/data/flood_events/WeaklyLabeled/S1Weak/India_9060557_S1Weak.tif,raw/train/images/9060557.tif,1679490,fc1c2ad43ee0ad6bf7fffcc5c8b363351d31f99784033becaf0f9a04d2b72a68
train,9060557,label,S1OtsuLabelWeak,v1.1/data/flood_events/WeaklyLabeled/S1OtsuLabelWeak/India_9060557_S1OtsuLabelWeak.tif,https://storage.googleapis.com/sen1floods11/v1.1/data/flood_events/WeaklyLabeled/S1OtsuLabelWeak/India_9060557_S1OtsuLabelWeak.tif,raw/train/labels/9060557.tif,1215,7140f3da531fef44180756670480394142a80e9d226d4062c4c5b0291a607fe1
train,9081352,image,S1Weak,v1.1/data/flood_events/WeaklyLabeled/S1Weak/India_9081352_S1Weak.tif,https://storage.googleapis.com/sen1floods11/v1.1/data/flood_events/WeaklyLabeled/S1Weak/India_9081352_S1Weak.tif,raw/train/images/9081352.tif,1668363,b4e6303774e86a5365e164549f1a996e4cc98f8652749e680b01b5729181788c
train,9081352,label,S1OtsuLabelWeak,v1.1/data/flood_events/WeaklyLabeled/S1OtsuLabelWeak/India_9081352_S1OtsuLabelWeak.tif,https://storage.googleapis.com/sen1floods11/v1.1/data/flood_events/WeaklyLabeled/S1OtsuLabelWeak/India_9081352_S1OtsuLabelWeak.tif,raw/train/labels/9081352.tif,5879,6ba783ffaf7b0bfe26beaaabd3aa229fa14a933996c61fcbcbe1032bfb42a621
train,9117156,image,S1Weak,v1.1/data/flood_events/WeaklyLabeled/S1Weak/India_9117156_S1Weak.tif,https://storage.googleapis.com/sen1floods11/v1.1/data/flood_events/WeaklyLabeled/S1Weak/India_9117156_S1Weak.tif,raw/train/images/9117156.tif,1670364,fe900e1f95afa30ea53ccd7cd5c4b630332fc1a813abc70ae29280801c717e27
train,9117156,label,S1OtsuLabelWeak,v1.1/data/flood_events/WeaklyLabeled/S1OtsuLabelWeak/India_9117156_S1OtsuLabelWeak.tif,https://storage.googleapis.com/sen1floods11/v1.1/data/flood_events/WeaklyLabeled/S1OtsuLabelWeak/India_9117156_S1OtsuLabelWeak.tif,raw/train/labels/9117156.tif,3531,a9ca731d7ac70f9544f6b7f593448a465fabbfffbb713fbfbe91d58bdf35b374
train,9139146,image,S1Weak,v1.1/data/flood_events/WeaklyLabeled/S1Weak/India_9139146_S1Weak.tif,https://storage.googleapis.com/sen1floods11/v1.1/data/flood_events/WeaklyLabeled/S1Weak/India_9139146_S1Weak.tif,raw/train/images/9139146.tif,1656083,43e145f27027b602907d446e991e2e3e29124669f7c724dd34b80895c61153d3
train,9139146,label,S1OtsuLabelWeak,v1.1/data/flood_events/WeaklyLabeled/S1OtsuLabelWeak/India_9139146_S1OtsuLabelWeak.tif,https://storage.googleapis.com/sen1floods11/v1.1/data/flood_events/WeaklyLabeled/S1OtsuLabelWeak/India_9139146_S1OtsuLabelWeak.tif,raw/train/labels/9139146.tif,1560,b5fcd3cafd49ae260530a2f7f9515b17f6a2204a00e6f367826d8aec3340ff3c
train,9146328,image,S1Weak,v1.1/data/flood_events/WeaklyLabeled/S1Weak/India_9146328_S1Weak.tif,https://storage.googleapis.com/sen1floods11/v1.1/data/flood_events/WeaklyLabeled/S1Weak/India_9146328_S1Weak.tif,raw/train/images/9146328.tif,1668245,539f0f8542907e21a97ed1c50723ada34dab7c6eedd59fbf47551489e961ba86
train,9146328,label,S1OtsuLabelWeak,v1.1/data/flood_events/WeaklyLabeled/S1OtsuLabelWeak/India_9146328_S1OtsuLabelWeak.tif,https://storage.googleapis.com/sen1floods11/v1.1/data/flood_events/WeaklyLabeled/S1OtsuLabelWeak/India_9146328_S1OtsuLabelWeak.tif,raw/train/labels/9146328.tif,2199,624b5bf4c7dafb4c5779ccbeb69d88f984154741be58f3599dd17578507fd452
train,9149152,image,S1Weak,v1.1/data/flood_events/WeaklyLabeled/S1Weak/India_9149152_S1Weak.tif,https://storage.googleapis.com/sen1floods11/v1.1/data/flood_events/WeaklyLabeled/S1Weak/India_9149152_S1Weak.tif,raw/train/images/9149152.tif,1656679,8059e8d773d46368c371eb49b18d185c06666db6a302d7f05be340c75479367f
train,9149152,label,S1OtsuLabelWeak,v1.1/data/flood_events/WeaklyLabeled/S1OtsuLabelWeak/India_9149152_S1OtsuLabelWeak.tif,https://storage.googleapis.com/sen1floods11/v1.1/data/flood_events/WeaklyLabeled/S1OtsuLabelWeak/India_9149152_S1OtsuLabelWeak.tif,raw/train/labels/9149152.tif,1353,96c971d7b0cc7931c15666053161a8ddeff2fa6264bbc462b2d8b37d53b649e3
train,915214,image,S1Weak,v1.1/data/flood_events/WeaklyLabeled/S1Weak/India_915214_S1Weak.tif,https://storage.googleapis.com/sen1floods11/v1.1/data/flood_events/WeaklyLabeled/S1Weak/India_915214_S1Weak.tif,raw/train/images/915214.tif,1658080,cb984473d6c990c4b6ccbfe721302e64762c8c0ddc8b491f466dd527665fa7b1
train,915214,label,S1OtsuLabelWeak,v1.1/data/flood_events/WeaklyLabeled/S1OtsuLabelWeak/India_915214_S1OtsuLabelWeak.tif,https://storage.googleapis.com/sen1floods11/v1.1/data/flood_events/WeaklyLabeled/S1OtsuLabelWeak/India_915214_S1OtsuLabelWeak.tif,raw/train/labels/915214.tif,2786,888f6a7fe3e7db7e35d426db514271a79477b1f2f9d03b3d4bd1e7406896cdff
train,9173901,image,S1Weak,v1.1/data/flood_events/WeaklyLabeled/S1Weak/India_9173901_S1Weak.tif,https://storage.googleapis.com/sen1floods11/v1.1/data/flood_events/WeaklyLabeled/S1Weak/India_9173901_S1Weak.tif,raw/train/images/9173901.tif,1659567,927d796e4fc3969012e75bb77c6eefb89e6869aba607de791a97b672eed8aeda
train,9173901,label,S1OtsuLabelWeak,v1.1/data/flood_events/WeaklyLabeled/S1OtsuLabelWeak/India_9173901_S1OtsuLabelWeak.tif,https://storage.googleapis.com/sen1floods11/v1.1/data/flood_events/WeaklyLabeled/S1OtsuLabelWeak/India_9173901_S1OtsuLabelWeak.tif,raw/train/labels/9173901.tif,4157,e8a3b924737e8ffa0152fc1c503add490a8e85dfb23c04a7c4dd6aef1bf92655
train,9204490,image,S1Weak,v1.1/data/flood_events/WeaklyLabeled/S1Weak/India_9204490_S1Weak.tif,https://storage.googleapis.com/sen1floods11/v1.1/data/flood_events/WeaklyLabeled/S1Weak/India_9204490_S1Weak.tif,raw/train/images/9204490.tif,1680796,881a3ad6c0b16007895bad3c5a654857ca4a7523531b7e4252ea87842ea8cb46
train,9204490,label,S1OtsuLabelWeak,v1.1/data/flood_events/WeaklyLabeled/S1OtsuLabelWeak/India_9204490_S1OtsuLabelWeak.tif,https://storage.googleapis.com/sen1floods11/v1.1/data/flood_events/WeaklyLabeled/S1OtsuLabelWeak/India_9204490_S1OtsuLabelWeak.tif,raw/train/labels/9204490.tif,1099,f132aab852a4bc699701a35ac80697ec2c08865006dc6e6145af4616bdfdec17
train,9221181,image,S1Weak,v1.1/data/flood_events/WeaklyLabeled/S1Weak/India_9221181_S1Weak.tif,https://storage.googleapis.com/sen1floods11/v1.1/data/flood_events/WeaklyLabeled/S1Weak/India_9221181_S1Weak.tif,raw/train/images/9221181.tif,1665620,f1b3d88617012f5c8b463c8478d23efa727d255f88e35322a0884a575179968e
train,9221181,label,S1OtsuLabelWeak,v1.1/data/flood_events/WeaklyLabeled/S1OtsuLabelWeak/India_9221181_S1OtsuLabelWeak.tif,https://storage.googleapis.com/sen1floods11/v1.1/data/flood_events/WeaklyLabeled/S1OtsuLabelWeak/India_9221181_S1OtsuLabelWeak.tif,raw/train/labels/9221181.tif,6000,10edc52825aeff21bc2b732f02fd95ec885effaa3a3b7f3edc2d8fc2aba9fc34
train,9237623,image,S1Weak,v1.1/data/flood_events/WeaklyLabeled/S1Weak/India_9237623_S1Weak.tif,https://storage.googleapis.com/sen1floods11/v1.1/data/flood_events/WeaklyLabeled/S1Weak/India_9237623_S1Weak.tif,raw/train/images/9237623.tif,1560464,6b72bce2d81d0d1445772a32a9b5ce6ffbe75f6a69fcf6c330f082035d515255
train,9237623,label,S1OtsuLabelWeak,v1.1/data/flood_events/WeaklyLabeled/S1OtsuLabelWeak/India_9237623_S1OtsuLabelWeak.tif,https://storage.googleapis.com/sen1floods11/v1.1/data/flood_events/WeaklyLabeled/S1OtsuLabelWeak/India_9237623_S1OtsuLabelWeak.tif,raw/train/labels/9237623.tif,2858,32f07f5dafb1c2ba1562c9c15e80cedaa178e67030fd46c951ea4765b7c56457
train,9261968,image,S1Weak,v1.1/data/flood_events/WeaklyLabeled/S1Weak/India_9261968_S1Weak.tif,https://storage.googleapis.com/sen1floods11/v1.1/data/flood_events/WeaklyLabeled/S1Weak/India_9261968_S1Weak.tif,raw/train/images/9261968.tif,1667729,c8d2958dc93e6b5add80fb35d49ed166f933dce7caac985cef37208d562f3295
train,9261968,label,S1OtsuLabelWeak,v1.1/data/flood_events/WeaklyLabeled/S1OtsuLabelWeak/India_9261968_S1OtsuLabelWeak.tif,https://storage.googleapis.com/sen1floods11/v1.1/data/flood_events/WeaklyLabeled/S1OtsuLabelWeak/India_9261968_S1OtsuLabelWeak.tif,raw/train/labels/9261968.tif,3687,157e85633965cc9e6efa1469d4ad0c12adafedfd31bd62c64c14d6ea3628938d
train,9272408,image,S1Weak,v1.1/data/flood_events/WeaklyLabeled/S1Weak/India_9272408_S1Weak.tif,https://storage.googleapis.com/sen1floods11/v1.1/data/flood_events/WeaklyLabeled/S1Weak/India_9272408_S1Weak.tif,raw/train/images/9272408.tif,1668423,6c42fa921b16948093bbf4b4d4dd3d4067488ba274c231611596be8a95401a94
train,9272408,label,S1OtsuLabelWeak,v1.1/data/flood_events/WeaklyLabeled/S1OtsuLabelWeak/India_9272408_S1OtsuLabelWeak.tif,https://storage.googleapis.com/sen1floods11/v1.1/data/flood_events/WeaklyLabeled/S1OtsuLabelWeak/India_9272408_S1OtsuLabelWeak.tif,raw/train/labels/9272408.tif,3488,ddcf7175db08430271c21a398f63b031de83fd0a69aa74aa955f402e390b16f1
train,9302209,image,S1Weak,v1.1/data/flood_events/WeaklyLabeled/S1Weak/India_9302209_S1Weak.tif,https://storage.googleapis.com/sen1floods11/v1.1/data/flood_events/WeaklyLabeled/S1Weak/India_9302209_S1Weak.tif,raw/train/images/9302209.tif,1656246,3531878f965596377507a6861305c09359c861c9ebad05bd09ad1d42b161f98c
train,9302209,label,S1OtsuLabelWeak,v1.1/data/flood_events/WeaklyLabeled/S1OtsuLabelWeak/India_9302209_S1OtsuLabelWeak.tif,https://storage.googleapis.com/sen1floods11/v1.1/data/flood_events/WeaklyLabeled/S1OtsuLabelWeak/India_9302209_S1OtsuLabelWeak.tif,raw/train/labels/9302209.tif,3724,013ad17e55dacb973849ffdd579729ae7d50cc29f58495c45ec75711f001b1db
train,9325413,image,S1Weak,v1.1/data/flood_events/WeaklyLabeled/S1Weak/India_9325413_S1Weak.tif,https://storage.googleapis.com/sen1floods11/v1.1/data/flood_events/WeaklyLabeled/S1Weak/India_9325413_S1Weak.tif,raw/train/images/9325413.tif,1662217,23a3ab78d95fe39dace73c9e5e304f9874b69d33164e0745f6e624a2fe9a44b7
train,9325413,label,S1OtsuLabelWeak,v1.1/data/flood_events/WeaklyLabeled/S1OtsuLabelWeak/India_9325413_S1OtsuLabelWeak.tif,https://storage.googleapis.com/sen1floods11/v1.1/data/flood_events/WeaklyLabeled/S1OtsuLabelWeak/India_9325413_S1OtsuLabelWeak.tif,raw/train/labels/9325413.tif,4107,ed5c68827767750631917dbd6f076e6d53b9fdeab9b77062cf6bc4d64416387e
train,9334408,image,S1Weak,v1.1/data/flood_events/WeaklyLabeled/S1Weak/India_9334408_S1Weak.tif,https://storage.googleapis.com/sen1floods11/v1.1/data/flood_events/WeaklyLabeled/S1Weak/India_9334408_S1Weak.tif,raw/train/images/9334408.tif,1662348,967d4e66d65342a710aef5ea53fbfe98964992b9609ef43050e4bee9744847c2
train,9334408,label,S1OtsuLabelWeak,v1.1/data/flood_events/WeaklyLabeled/S1OtsuLabelWeak/India_9334408_S1OtsuLabelWeak.tif,https://storage.googleapis.com/sen1floods11/v1.1/data/flood_events/WeaklyLabeled/S1OtsuLabelWeak/India_9334408_S1OtsuLabelWeak.tif,raw/train/labels/9334408.tif,2222,26ddd48b3bbee2604391d325f08869a5cb42389cac65277abdbc3f37c2b04e35
train,9344464,image,S1Weak,v1.1/data/flood_events/WeaklyLabeled/S1Weak/India_9344464_S1Weak.tif,https://storage.googleapis.com/sen1floods11/v1.1/data/flood_events/WeaklyLabeled/S1Weak/India_9344464_S1Weak.tif,raw/train/images/9344464.tif,1664534,a2510ddab45998f5d2f176ca4d0e239ef67bcc28dcc0edb75e40f9bb08dddc85
train,9344464,label,S1OtsuLabelWeak,v1.1/data/flood_events/WeaklyLabeled/S1OtsuLabelWeak/India_9344464_S1OtsuLabelWeak.tif,https://storage.googleapis.com/sen1floods11/v1.1/data/flood_events/WeaklyLabeled/S1OtsuLabelWeak/India_9344464_S1OtsuLabelWeak.tif,raw/train/labels/9344464.tif,5341,ebf708a5362f5827efb408a135d7ab2c8fe2eb0afff21228b21a4a0eea374ad3
train,937495,image,S1Weak,v1.1/data/flood_events/WeaklyLabeled/S1Weak/India_937495_S1Weak.tif,https://storage.googleapis.com/sen1floods11/v1.1/data/flood_events/WeaklyLabeled/S1Weak/India_937495_S1Weak.tif,raw/train/images/937495.tif,1661726,464ad38bf1f3a0055fbd18ea59aaf0237b179dbb0d65044da6b4817d40f6a7e7
train,937495,label,S1OtsuLabelWeak,v1.1/data/flood_events/WeaklyLabeled/S1OtsuLabelWeak/India_937495_S1OtsuLabelWeak.tif,https://storage.googleapis.com/sen1floods11/v1.1/data/flood_events/WeaklyLabeled/S1OtsuLabelWeak/India_937495_S1OtsuLabelWeak.tif,raw/train/labels/937495.tif,1250,ab9ba9e34e80727bded968305b7f6a877be501684e299b89b410d9b059c550b9
train,9431516,image,S1Weak,v1.1/data/flood_events/WeaklyLabeled/S1Weak/India_9431516_S1Weak.tif,https://storage.googleapis.com/sen1floods11/v1.1/data/flood_events/WeaklyLabeled/S1Weak/India_9431516_S1Weak.tif,raw/train/images/9431516.tif,1666603,f0a48ef371dd1466812cf542c7426b7f122a54cb9e5d5e73c3b5300569d72f2e
train,9431516,label,S1OtsuLabelWeak,v1.1/data/flood_events/WeaklyLabeled/S1OtsuLabelWeak/India_9431516_S1OtsuLabelWeak.tif,https://storage.googleapis.com/sen1floods11/v1.1/data/flood_events/WeaklyLabeled/S1OtsuLabelWeak/India_9431516_S1OtsuLabelWeak.tif,raw/train/labels/9431516.tif,5255,16db4a45be7c859e8d6e8c2704afebcdf01cf6d42570935be3bca0737b1a2c69
train,9433932,image,S1Weak,v1.1/data/flood_events/WeaklyLabeled/S1Weak/India_9433932_S1Weak.tif,https://storage.googleapis.com/sen1floods11/v1.1/data/flood_events/WeaklyLabeled/S1Weak/India_9433932_S1Weak.tif,raw/train/images/9433932.tif,1658124,84f84e0b52b9e70c55dacb9db18bf18df680cac518f0b5637a29233faae3fd67
train,9433932,label,S1OtsuLabelWeak,v1.1/data/flood_events/WeaklyLabeled/S1OtsuLabelWeak/India_9433932_S1OtsuLabelWeak.tif,https://storage.googleapis.com/sen1floods11/v1.1/data/flood_events/WeaklyLabeled/S1OtsuLabelWeak/India_9433932_S1OtsuLabelWeak.tif,raw/train/labels/9433932.tif,9579,c08581cdf36af9bc1ddb2626d22979629fab1303a606ca6e7054a293803ffc6e
train,9466008,image,S1Weak,v1.1/data/flood_events/WeaklyLabeled/S1Weak/India_9466008_S1Weak.tif,https://storage.googleapis.com/sen1floods11/v1.1/data/flood_events/WeaklyLabeled/S1Weak/India_9466008_S1Weak.tif,raw/train/images/9466008.tif,1663552,129fdee33d798447e7369fb3be4dfaa2d4af3e7364e2e2642757b16aacded031
train,9466008,label,S1OtsuLabelWeak,v1.1/data/flood_events/WeaklyLabeled/S1OtsuLabelWeak/India_9466008_S1OtsuLabelWeak.tif,https://storage.googleapis.com/sen1floods11/v1.1/data/flood_events/WeaklyLabeled/S1OtsuLabelWeak/India_9466008_S1OtsuLabelWeak.tif,raw/train/labels/9466008.tif,1682,2bae3dc1f876edcc82e66157fd4c852b245bccca9962498d4ab65ad892436fa4
train,9468827,image,S1Weak,v1.1/data/flood_events/WeaklyLabeled/S1Weak/India_9468827_S1Weak.tif,https://storage.googleapis.com/sen1floods11/v1.1/data/flood_events/WeaklyLabeled/S1Weak/India_9468827_S1Weak.tif,raw/train/images/9468827.tif,1668657,b2c102eeda7dd82f754403e3fb4ed6de32067f835e93709bcbfe2038e784db73
train,9468827,label,S1OtsuLabelWeak,v1.1/data/flood_events/WeaklyLabeled/S1OtsuLabelWeak/India_9468827_S1OtsuLabelWeak.tif,https://storage.googleapis.com/sen1floods11/v1.1/data/flood_events/WeaklyLabeled/S1OtsuLabelWeak/India_9468827_S1OtsuLabelWeak.tif,raw/train/labels/9468827.tif,1689,395e9a31f72713081ad80e88c059682bf6ce526854cf7cc4e8f3edafc7ee5744
train,9535886,image,S1Weak,v1.1/data/flood_events/WeaklyLabeled/S1Weak/India_9535886_S1Weak.tif,https://storage.googleapis.com/sen1floods11/v1.1/data/flood_events/WeaklyLabeled/S1Weak/India_9535886_S1Weak.tif,raw/train/images/9535886.tif,1668179,754a841eab49f1641c0202bf52ecc90eb9d93a3a3797b397760d0403ec1109e5
train,9535886,label,S1OtsuLabelWeak,v1.1/data/flood_events/WeaklyLabeled/S1OtsuLabelWeak/India_9535886_S1OtsuLabelWeak.tif,https://storage.googleapis.com/sen1floods11/v1.1/data/flood_events/WeaklyLabeled/S1OtsuLabelWeak/India_9535886_S1OtsuLabelWeak.tif,raw/train/labels/9535886.tif,10330,2fcdaae00281149181cc1408091bd07eeae1b44138accda7f0bab9dabe005b64
train,954651,image,S1Weak,v1.1/data/flood_events/WeaklyLabeled/S1Weak/India_954651_S1Weak.tif,https://storage.googleapis.com/sen1floods11/v1.1/data/flood_events/WeaklyLabeled/S1Weak/India_954651_S1Weak.tif,raw/train/images/954651.tif,436137,536b46b502c7d7425e9d4092ba024161f92efc46e125750563c9da88355af79e
train,954651,label,S1OtsuLabelWeak,v1.1/data/flood_events/WeaklyLabeled/S1OtsuLabelWeak/India_954651_S1OtsuLabelWeak.tif,https://storage.googleapis.com/sen1floods11/v1.1/data/flood_events/WeaklyLabeled/S1OtsuLabelWeak/India_954651_S1OtsuLabelWeak.tif,raw/train/labels/954651.tif,2700,34a7032064e95a3e90bb98e03b637e71555638f4619431b1f243a8a9798fab85
train,9569854,image,S1Weak,v1.1/data/flood_events/WeaklyLabeled/S1Weak/India_9569854_S1Weak.tif,https://storage.googleapis.com/sen1floods11/v1.1/data/flood_events/WeaklyLabeled/S1Weak/India_9569854_S1Weak.tif,raw/train/images/9569854.tif,1669036,e7698a24da17d3bbbc143284217c7f784c9c3f8d4eaf8a88c49aede53c275aae
train,9569854,label,S1OtsuLabelWeak,v1.1/data/flood_events/WeaklyLabeled/S1OtsuLabelWeak/India_9569854_S1OtsuLabelWeak.tif,https://storage.googleapis.com/sen1floods11/v1.1/data/flood_events/WeaklyLabeled/S1OtsuLabelWeak/India_9569854_S1OtsuLabelWeak.tif,raw/train/labels/9569854.tif,5976,5ee020bfe98077657cd565c64c9d10b4786cc9c4759bbd6daa4fc5d83fb004f7
train,9592868,image,S1Weak,v1.1/data/flood_events/WeaklyLabeled/S1Weak/India_9592868_S1Weak.tif,https://storage.googleapis.com/sen1floods11/v1.1/data/flood_events/WeaklyLabeled/S1Weak/India_9592868_S1Weak.tif,raw/train/images/9592868.tif,1666335,c4a00894127fcaf62d79db68ff994c336ba670de0bc189fe3c5f9332e29eb521
train,9592868,label,S1OtsuLabelWeak,v1.1/data/flood_events/WeaklyLabeled/S1OtsuLabelWeak/India_9592868_S1OtsuLabelWeak.tif,https://storage.googleapis.com/sen1floods11/v1.1/data/flood_events/WeaklyLabeled/S1OtsuLabelWeak/India_9592868_S1OtsuLabelWeak.tif,raw/train/labels/9592868.tif,4328,e052111a4fdf773e75a55e92c345b10e814ae33eef46a413f89cfa60ea377853
train,959294,image,S1Weak,v1.1/data/flood_events/WeaklyLabeled/S1Weak/India_959294_S1Weak.tif,https://storage.googleapis.com/sen1floods11/v1.1/data/flood_events/WeaklyLabeled/S1Weak/India_959294_S1Weak.tif,raw/train/images/959294.tif,1667266,25aa8e53127201efc50fd5d9185beb9b7ef7912502e805c74e9f3d8bd4e47f7f
train,959294,label,S1OtsuLabelWeak,v1.1/data/flood_events/WeaklyLabeled/S1OtsuLabelWeak/India_959294_S1OtsuLabelWeak.tif,https://storage.googleapis.com/sen1floods11/v1.1/data/flood_events/WeaklyLabeled/S1OtsuLabelWeak/India_959294_S1OtsuLabelWeak.tif,raw/train/labels/959294.tif,6175,42cf726ca6f8d06789063efc680a7c7413b8dc3b324ce8b5faa3756aef6cdbcc
train,9618680,image,S1Weak,v1.1/data/flood_events/WeaklyLabeled/S1Weak/India_9618680_S1Weak.tif,https://storage.googleapis.com/sen1floods11/v1.1/data/flood_events/WeaklyLabeled/S1Weak/India_9618680_S1Weak.tif,raw/train/images/9618680.tif,1662150,949d6392a85fab41d19b05449e7b0c94c17083ee2994b10fb7a61c9be531b65e
train,9618680,label,S1OtsuLabelWeak,v1.1/data/flood_events/WeaklyLabeled/S1OtsuLabelWeak/India_9618680_S1OtsuLabelWeak.tif,https://storage.googleapis.com/sen1floods11/v1.1/data/flood_events/WeaklyLabeled/S1OtsuLabelWeak/India_9618680_S1OtsuLabelWeak.tif,raw/train/labels/9618680.tif,3901,93f6b07159c6ea71eb5b1db412c8cec2fd73a25c07219f8e4c17bc619b07eab4
train,9655823,image,S1Weak,v1.1/data/flood_events/WeaklyLabeled/S1Weak/India_9655823_S1Weak.tif,https://storage.googleapis.com/sen1floods11/v1.1/data/flood_events/WeaklyLabeled/S1Weak/India_9655823_S1Weak.tif,raw/train/images/9655823.tif,1678612,d9bb40cadfac2eae577b992e1a55f683bc10ddae5f2c69f37af2ccca3a92c3b7
train,9655823,label,S1OtsuLabelWeak,v1.1/data/flood_events/WeaklyLabeled/S1OtsuLabelWeak/India_9655823_S1OtsuLabelWeak.tif,https://storage.googleapis.com/sen1floods11/v1.1/data/flood_events/WeaklyLabeled/S1OtsuLabelWeak/India_9655823_S1OtsuLabelWeak.tif,raw/train/labels/9655823.tif,1269,534e7f90fd34521292f6a1a708e8a52bbaeb37bb95250492bb95bffa1cd871e2
train,9670945,image,S1Weak,v1.1/data/flood_events/WeaklyLabeled/S1Weak/India_9670945_S1Weak.tif,https://storage.googleapis.com/sen1floods11/v1.1/data/flood_events/WeaklyLabeled/S1Weak/India_9670945_S1Weak.tif,raw/train/images/9670945.tif,1652500,7109bafe98bf0e07f376b7b7619c3fb6c43380115b43f3d394bd7827dd1521a8
train,9670945,label,S1OtsuLabelWeak,v1.1/data/flood_events/WeaklyLabeled/S1OtsuLabelWeak/India_9670945_S1OtsuLabelWeak.tif,https://storage.googleapis.com/sen1floods11/v1.1/data/flood_events/WeaklyLabeled/S1OtsuLabelWeak/India_9670945_S1OtsuLabelWeak.tif,raw/train/labels/9670945.tif,1845,d4cc9845d35acb151eb97b4f78004d808a70b0dad617436dc738210feeba9cdf
train,9735765,image,S1Weak,v1.1/data/flood_events/WeaklyLabeled/S1Weak/India_9735765_S1Weak.tif,https://storage.googleapis.com/sen1floods11/v1.1/data/flood_events/WeaklyLabeled/S1Weak/India_9735765_S1Weak.tif,raw/train/images/9735765.tif,1653053,7adda2687af7f6bd84f606dd271f2c0071625472e878987bf1508b3327ed342e
train,9735765,label,S1OtsuLabelWeak,v1.1/data/flood_events/WeaklyLabeled/S1OtsuLabelWeak/India_9735765_S1OtsuLabelWeak.tif,https://storage.googleapis.com/sen1floods11/v1.1/data/flood_events/WeaklyLabeled/S1OtsuLabelWeak/India_9735765_S1OtsuLabelWeak.tif,raw/train/labels/9735765.tif,2557,1030af6c876b8c41b6818c5958a5f69f750271d51d0982ed8dd69c5e167b1bb0
train,979271,image,S1Weak,v1.1/data/flood_events/WeaklyLabeled/S1Weak/India_979271_S1Weak.tif,https://storage.googleapis.com/sen1floods11/v1.1/data/flood_events/WeaklyLabeled/S1Weak/India_979271_S1Weak.tif,raw/train/images/979271.tif,1668613,1343e9fcfb4ce1ee40fc2b2fd8d5864c8ad0e7c2b04f89b4ba8bc194a2f92a06
train,979271,label,S1OtsuLabelWeak,v1.1/data/flood_events/WeaklyLabeled/S1OtsuLabelWeak/India_979271_S1OtsuLabelWeak.tif,https://storage.googleapis.com/sen1floods11/v1.1/data/flood_events/WeaklyLabeled/S1OtsuLabelWeak/India_979271_S1OtsuLabelWeak.tif,raw/train/labels/979271.tif,5014,d011795e39b0a9de5fc1981f08494e81b0d7e295457a6b927029bd8e173a1f31
train,9825043,image,S1Weak,v1.1/data/flood_events/WeaklyLabeled/S1Weak/India_9825043_S1Weak.tif,https://storage.googleapis.com/sen1floods11/v1.1/data/flood_events/WeaklyLabeled/S1Weak/India_9825043_S1Weak.tif,raw/train/images/9825043.tif,1677158,d67ba19a5da4bd0766cd7aa2ae240cc86f04710b45c7c1f73ba6db61551bfca7
train,9825043,label,S1OtsuLabelWeak,v1.1/data/flood_events/WeaklyLabeled/S1OtsuLabelWeak/India_9825043_S1OtsuLabelWeak.tif,https://storage.googleapis.com/sen1floods11/v1.1/data/flood_events/WeaklyLabeled/S1OtsuLabelWeak/India_9825043_S1OtsuLabelWeak.tif,raw/train/labels/9825043.tif,1129,ea964dda1053831b7b887dd649c3805324c83821ae5eeb85c166a35c417e8951
train,9827422,image,S1Weak,v1.1/data/flood_events/WeaklyLabeled/S1Weak/India_9827422_S1Weak.tif,https://storage.googleapis.com/sen1floods11/v1.1/data/flood_events/WeaklyLabeled/S1Weak/India_9827422_S1Weak.tif,raw/train/images/9827422.tif,1669769,6eb0c22e2d5751d1006ce46948257693385677f7e5d2f318c0957fa874915feb
train,9827422,label,S1OtsuLabelWeak,v1.1/data/flood_events/WeaklyLabeled/S1OtsuLabelWeak/India_9827422_S1OtsuLabelWeak.tif,https://storage.googleapis.com/sen1floods11/v1.1/data/flood_events/WeaklyLabeled/S1OtsuLabelWeak/India_9827422_S1OtsuLabelWeak.tif,raw/train/labels/9827422.tif,1226,84ff112167a2aabdbe8921806ecc6fcddd65e7868b8a81be205d4dd1265614cd
train,9840186,image,S1Weak,v1.1/data/flood_events/WeaklyLabeled/S1Weak/India_9840186_S1Weak.tif,https://storage.googleapis.com/sen1floods11/v1.1/data/flood_events/WeaklyLabeled/S1Weak/India_9840186_S1Weak.tif,raw/train/images/9840186.tif,1658493,da111cbffb834f01be5827605c5fa3a3c0d638049c93c3cfa145408d7615c14c
train,9840186,label,S1OtsuLabelWeak,v1.1/data/flood_events/WeaklyLabeled/S1OtsuLabelWeak/India_9840186_S1OtsuLabelWeak.tif,https://storage.googleapis.com/sen1floods11/v1.1/data/flood_events/WeaklyLabeled/S1OtsuLabelWeak/India_9840186_S1OtsuLabelWeak.tif,raw/train/labels/9840186.tif,2069,de5a7e84c5b552cd7b96c1a6516ba196a955630c5ea8a2c4547b0ad19efe25d6
train,9842688,image,S1Weak,v1.1/data/flood_events/WeaklyLabeled/S1Weak/India_9842688_S1Weak.tif,https://storage.googleapis.com/sen1floods11/v1.1/data/flood_events/WeaklyLabeled/S1Weak/India_9842688_S1Weak.tif,raw/train/images/9842688.tif,1668606,8363980e0fb67fd17f36be5e07a825d02382ded696c087afcd05f013ca0a24a6
train,9842688,label,S1OtsuLabelWeak,v1.1/data/flood_events/WeaklyLabeled/S1OtsuLabelWeak/India_9842688_S1OtsuLabelWeak.tif,https://storage.googleapis.com/sen1floods11/v1.1/data/flood_events/WeaklyLabeled/S1OtsuLabelWeak/India_9842688_S1OtsuLabelWeak.tif,raw/train/labels/9842688.tif,1464,b7f818685ca91be3e6b58890c15a1d3fc966635653f3e248ffab9d69d439277b
train,9930872,image,S1Weak,v1.1/data/flood_events/WeaklyLabeled/S1Weak/India_9930872_S1Weak.tif,https://storage.googleapis.com/sen1floods11/v1.1/data/flood_events/WeaklyLabeled/S1Weak/India_9930872_S1Weak.tif,raw/train/images/9930872.tif,1657942,a96276f0c4a1796c190073a20a6bfe8a5035da9d36773fe43e517474a34ad9fb
train,9930872,label,S1OtsuLabelWeak,v1.1/data/flood_events/WeaklyLabeled/S1OtsuLabelWeak/India_9930872_S1OtsuLabelWeak.tif,https://storage.googleapis.com/sen1floods11/v1.1/data/flood_events/WeaklyLabeled/S1OtsuLabelWeak/India_9930872_S1OtsuLabelWeak.tif,raw/train/labels/9930872.tif,2094,67795fdf5aa6892a92dd1c625b9fd843453a85f8411d9a5dba7c33ee9f411a02
train,9933248,image,S1Weak,v1.1/data/flood_events/WeaklyLabeled/S1Weak/India_9933248_S1Weak.tif,https://storage.googleapis.com/sen1floods11/v1.1/data/flood_events/WeaklyLabeled/S1Weak/India_9933248_S1Weak.tif,raw/train/images/9933248.tif,1678646,dcadecdd4276f7bd3774965aa68c1c894f10af99eebca02c4431b2b17ad48d03
train,9933248,label,S1OtsuLabelWeak,v1.1/data/flood_events/WeaklyLabeled/S1OtsuLabelWeak/India_9933248_S1OtsuLabelWeak.tif,https://storage.googleapis.com/sen1floods11/v1.1/data/flood_events/WeaklyLabeled/S1OtsuLabelWeak/India_9933248_S1OtsuLabelWeak.tif,raw/train/labels/9933248.tif,1998,e57b1bcfb8d8ec3fc97c34bf2a528fcac6cb7186cb2fff57ad13f7e82e2ca2dc
train,9940704,image,S1Weak,v1.1/data/flood_events/WeaklyLabeled/S1Weak/India_9940704_S1Weak.tif,https://storage.googleapis.com/sen1floods11/v1.1/data/flood_events/WeaklyLabeled/S1Weak/India_9940704_S1Weak.tif,raw/train/images/9940704.tif,1673186,9da635d317387dd665b4a0a457d960b16ee327e1f941c34baab2b1b012bd9859
train,9940704,label,S1OtsuLabelWeak,v1.1/data/flood_events/WeaklyLabeled/S1OtsuLabelWeak/India_9940704_S1OtsuLabelWeak.tif,https://storage.googleapis.com/sen1floods11/v1.1/data/flood_events/WeaklyLabeled/S1OtsuLabelWeak/India_9940704_S1OtsuLabelWeak.tif,raw/train/labels/9940704.tif,1399,e8e2a73fa84f86670403aa729ec39f488fd846e00cfe582b70f7a9c16f6eb099
train,99909,image,S1Weak,v1.1/data/flood_events/WeaklyLabeled/S1Weak/India_99909_S1Weak.tif,https://storage.googleapis.com/sen1floods11/v1.1/data/flood_events/WeaklyLabeled/S1Weak/India_99909_S1Weak.tif,raw/train/images/99909.tif,1664955,fc3b5a116b17a3a8bad143b584ad69b3864558c1696b245f6b1375fb931d338c
train,99909,label,S1OtsuLabelWeak,v1.1/data/flood_events/WeaklyLabeled/S1OtsuLabelWeak/India_99909_S1OtsuLabelWeak.tif,https://storage.googleapis.com/sen1floods11/v1.1/data/flood_events/WeaklyLabeled/S1OtsuLabelWeak/India_99909_S1OtsuLabelWeak.tif,raw/train/labels/99909.tif,4997,3d549d201464762e863c4735e02bebd5e6161211e4b8ed6393ec2f3788833a3b
train,9998892,image,S1Weak,v1.1/data/flood_events/WeaklyLabeled/S1Weak/India_9998892_S1Weak.tif,https://storage.googleapis.com/sen1floods11/v1.1/data/flood_events/WeaklyLabeled/S1Weak/India_9998892_S1Weak.tif,raw/train/images/9998892.tif,1671957,5f9d3e364c0a4040b0c98b038229c2d7544353f98fc9c81b0694735350ef883c
train,9998892,label,S1OtsuLabelWeak,v1.1/data/flood_events/WeaklyLabeled/S1OtsuLabelWeak/India_9998892_S1OtsuLabelWeak.tif,https://storage.googleapis.com/sen1floods11/v1.1/data/flood_events/WeaklyLabeled/S1OtsuLabelWeak/India_9998892_S1OtsuLabelWeak.tif,raw/train/labels/9998892.tif,6569,7451f09452ee83c91a9af179067f7a6bfdd7e00a63eaefc8a15dbb343dc82594
val,1017769,image,S1Hand,v1.1/data/flood_events/HandLabeled/S1Hand/India_1017769_S1Hand.tif,https://storage.googleapis.com/sen1floods11/v1.1/data/flood_events/HandLabeled/S1Hand/India_1017769_S1Hand.tif,raw/val/images/1017769.tif,1654895,3db2f06ab052abea0dd47612a918c81e21bb2451a9573399abbc7fa4a3a320ec
val,1017769,label,LabelHand,v1.1/data/flood_events/HandLabeled/LabelHand/India_1017769_LabelHand.tif,https://storage.googleapis.com/sen1floods11/v1.1/data/flood_events/HandLabeled/LabelHand/India_1017769_LabelHand.tif,raw/val/labels/1017769.tif,8399,c5535788f6eaaeb5386c10102f9c4923ebc1eedf794dd8c408cf8a2780629796
val,1018317,image,S1Hand,v1.1/data/flood_events/HandLabeled/S1Hand/India_1018317_S1Hand.tif,https://storage.googleapis.com/sen1floods11/v1.1/data/flood_events/HandLabeled/S1Hand/India_1018317_S1Hand.tif,raw/val/images/1018317.tif,1656795,1a84fbcb7a0db45a5187ebd4acc052c9bf93ddad4a443425f173c01e00871300
val,1018317,label,LabelHand,v1.1/data/flood_events/HandLabeled/LabelHand/India_1018317_LabelHand.tif,https://storage.googleapis.com/sen1floods11/v1.1/data/flood_events/HandLabeled/LabelHand/India_1018317_LabelHand.tif,raw/val/labels/1018317.tif,5925,f6e9adf73f782c7778c7ea911d6c8bc86300d9d9cafc139c5215cc3dfeb84a23
val,1018327,image,S1Hand,v1.1/data/flood_events/HandLabeled/S1Hand/India_1018327_S1Hand.tif,https://storage.googleapis.com/sen1floods11/v1.1/data/flood_events/HandLabeled/S1Hand/India_1018327_S1Hand.tif,raw/val/images/1018327.tif,1670156,d69a706c250dd3dd37ff43eb4969117460abd64d3280bca71fdd9916f4f3d6b1
val,1018327,label,LabelHand,v1.1/data/flood_events/HandLabeled/LabelHand/India_1018327_LabelHand.tif,https://storage.googleapis.com/sen1floods11/v1.1/data/flood_events/HandLabeled/LabelHand/India_1018327_LabelHand.tif,raw/val/labels/1018327.tif,11303,98290650b74df82e3acc22aaef90bcb4272821b2afb53f05af683f94b5fe1b56
val,103447,image,S1Hand,v1.1/data/flood_events/HandLabeled/S1Hand/India_103447_S1Hand.tif,https://storage.googleapis.com/sen1floods11/v1.1/data/flood_events/HandLabeled/S1Hand/India_103447_S1Hand.tif,raw/val/images/103447.tif,1660418,5827b63630493152fe45660f33fe3d111bd5e8e9e9573cb18ac73704a4cc14a9
val,103447,label,LabelHand,v1.1/data/flood_events/HandLabeled/LabelHand/India_103447_LabelHand.tif,https://storage.googleapis.com/sen1floods11/v1.1/data/flood_events/HandLabeled/LabelHand/India_103447_LabelHand.tif,raw/val/labels/103447.tif,11945,74b9f50208d5162af149a527579b303dd94eeb5c6ca58895419469954bca254b
val,1050276,image,S1Hand,v1.1/data/flood_events/HandLabeled/S1Hand/India_1050276_S1Hand.tif,https://storage.googleapis.com/sen1floods11/v1.1/data/flood_events/HandLabeled/S1Hand/India_1050276_S1Hand.tif,raw/val/images/1050276.tif,1668657,14a6d3889427e4b3e4a2b13fbc664cbc9bc84c33a3f2a63553b67cc0743bb73f
val,1050276,label,LabelHand,v1.1/data/flood_events/HandLabeled/LabelHand/India_1050276_LabelHand.tif,https://storage.googleapis.com/sen1floods11/v1.1/data/flood_events/HandLabeled/LabelHand/India_1050276_LabelHand.tif,raw/val/labels/1050276.tif,14909,b0f21694aa0a1e5a48ccc4f66e12f5a8b3f16e606164e6cafd789b6aed121ba9
val,1068117,image,S1Hand,v1.1/data/flood_events/HandLabeled/S1Hand/India_1068117_S1Hand.tif,https://storage.googleapis.com/sen1floods11/v1.1/data/flood_events/HandLabeled/S1Hand/India_1068117_S1Hand.tif,raw/val/images/1068117.tif,1671798,7b33bc7b6ebd636f00717a5dd2f44212c832538d4f415c63650be2d8cf44719a
val,1068117,label,LabelHand,v1.1/data/flood_events/HandLabeled/LabelHand/India_1068117_LabelHand.tif,https://storage.googleapis.com/sen1floods11/v1.1/data/flood_events/HandLabeled/LabelHand/India_1068117_LabelHand.tif,raw/val/labels/1068117.tif,15733,db5284a5cd91eab5c70eb310350f4e77e861adef6d1daf26244fbfdd1b4c83e0
val,1072277,image,S1Hand,v1.1/data/flood_events/HandLabeled/S1Hand/India_1072277_S1Hand.tif,https://storage.googleapis.com/sen1floods11/v1.1/data/flood_events/HandLabeled/S1Hand/India_1072277_S1Hand.tif,raw/val/images/1072277.tif,1668141,a77bd81e7735a427634f2a745937943d2bc6c9d3be272a14ce7e7dd5cc97dd23
val,1072277,label,LabelHand,v1.1/data/flood_events/HandLabeled/LabelHand/India_1072277_LabelHand.tif,https://storage.googleapis.com/sen1floods11/v1.1/data/flood_events/HandLabeled/LabelHand/India_1072277_LabelHand.tif,raw/val/labels/1072277.tif,10719,3c666009079d0fc3d5a4db049358b36516a069b425528d8288a85b07a8b0a206
val,118868,image,S1Hand,v1.1/data/flood_events/HandLabeled/S1Hand/India_118868_S1Hand.tif,https://storage.googleapis.com/sen1floods11/v1.1/data/flood_events/HandLabeled/S1Hand/India_118868_S1Hand.tif,raw/val/images/118868.tif,1024177,8a6d4e335a43de4e0c1e8595489fa8430df152e4912440b43e301118e8e108f0
val,118868,label,LabelHand,v1.1/data/flood_events/HandLabeled/LabelHand/India_118868_LabelHand.tif,https://storage.googleapis.com/sen1floods11/v1.1/data/flood_events/HandLabeled/LabelHand/India_118868_LabelHand.tif,raw/val/labels/118868.tif,8449,0a83cae33a1f288bd0d9151bc1ffa2298068bbe1fc6b4368bf1f5de961f77526
val,135434,image,S1Hand,v1.1/data/flood_events/HandLabeled/S1Hand/India_135434_S1Hand.tif,https://storage.googleapis.com/sen1floods11/v1.1/data/flood_events/HandLabeled/S1Hand/India_135434_S1Hand.tif,raw/val/images/135434.tif,1639141,6eddaf8da77935639fd066bc5c31a40201166434b60b29e6e9c8a9b2c8bb1cc5
val,135434,label,LabelHand,v1.1/data/flood_events/HandLabeled/LabelHand/India_135434_LabelHand.tif,https://storage.googleapis.com/sen1floods11/v1.1/data/flood_events/HandLabeled/LabelHand/India_135434_LabelHand.tif,raw/val/labels/135434.tif,7294,b47d474f91a2e495bc6f894e431abeba42b4b3e1d8e2d00c123da319dd808b46
val,136196,image,S1Hand,v1.1/data/flood_events/HandLabeled/S1Hand/India_136196_S1Hand.tif,https://storage.googleapis.com/sen1floods11/v1.1/data/flood_events/HandLabeled/S1Hand/India_136196_S1Hand.tif,raw/val/images/136196.tif,1672524,1b78a066ef0786aa470bd798006c1a5ff8d1117239ceb04600c042322e5197be
val,136196,label,LabelHand,v1.1/data/flood_events/HandLabeled/LabelHand/India_136196_LabelHand.tif,https://storage.googleapis.com/sen1floods11/v1.1/data/flood_events/HandLabeled/LabelHand/India_136196_LabelHand.tif,raw/val/labels/136196.tif,4193,e7c519b5873ad75214005e00dac6dcbd6342c8695fe3641076af8b719cd4daf4
val,164336,image,S1Hand,v1.1/data/flood_events/HandLabeled/S1Hand/India_164336_S1Hand.tif,https://storage.googleapis.com/sen1floods11/v1.1/data/flood_events/HandLabeled/S1Hand/India_164336_S1Hand.tif,raw/val/images/164336.tif,1674045,33cb9aff852779a15437d21ea01ef1c9eb674e77396fd03e91a1fa2cabadbcbd
val,164336,label,LabelHand,v1.1/data/flood_events/HandLabeled/LabelHand/India_164336_LabelHand.tif,https://storage.googleapis.com/sen1floods11/v1.1/data/flood_events/HandLabeled/LabelHand/India_164336_LabelHand.tif,raw/val/labels/164336.tif,2668,11688c3caa39195a2ec83857a80076b2bf48167d3332b8ab875b2901e6936e18
val,166709,image,S1Hand,v1.1/data/flood_events/HandLabeled/S1Hand/India_166709_S1Hand.tif,https://storage.googleapis.com/sen1floods11/v1.1/data/flood_events/HandLabeled/S1Hand/India_166709_S1Hand.tif,raw/val/images/166709.tif,1657593,33603416eb7ca6b601a7d88e952a3fe2d91419b862a241dc495e8cd4f9264654
val,166709,label,LabelHand,v1.1/data/flood_events/HandLabeled/LabelHand/India_166709_LabelHand.tif,https://storage.googleapis.com/sen1floods11/v1.1/data/flood_events/HandLabeled/LabelHand/India_166709_LabelHand.tif,raw/val/labels/166709.tif,7452,706f6b729d8ba713688daf93158d566c136b806a5669b90f91cc71e3c39af82e
val,177319,image,S1Hand,v1.1/data/flood_events/HandLabeled/S1Hand/India_177319_S1Hand.tif,https://storage.googleapis.com/sen1floods11/v1.1/data/flood_events/HandLabeled/S1Hand/India_177319_S1Hand.tif,raw/val/images/177319.tif,1666294,5afa85ff59ab4bd5db9e3eb96f6473724eae5883de2f7ff7dfb777a21a3fdb4b
val,177319,label,LabelHand,v1.1/data/flood_events/HandLabeled/LabelHand/India_177319_LabelHand.tif,https://storage.googleapis.com/sen1floods11/v1.1/data/flood_events/HandLabeled/LabelHand/India_177319_LabelHand.tif,raw/val/labels/177319.tif,3031,8693a4b3ce9b6e06ac1d281de4fd184ddea8241f30078092db7b311c5fa79113
val,179238,image,S1Hand,v1.1/data/flood_events/HandLabeled/S1Hand/India_179238_S1Hand.tif,https://storage.googleapis.com/sen1floods11/v1.1/data/flood_events/HandLabeled/S1Hand/India_179238_S1Hand.tif,raw/val/images/179238.tif,1652218,66f9fb02d4a6233269bd82ec9dbdcaa97c46e4f0a201f4030829a6bdd4a774c3
val,179238,label,LabelHand,v1.1/data/flood_events/HandLabeled/LabelHand/India_179238_LabelHand.tif,https://storage.googleapis.com/sen1floods11/v1.1/data/flood_events/HandLabeled/LabelHand/India_179238_LabelHand.tif,raw/val/labels/179238.tif,11401,38107d87b1327813ec83b10d75e49c564cf1de649ac2488eced8d3c5bf693c3f
val,180633,image,S1Hand,v1.1/data/flood_events/HandLabeled/S1Hand/India_180633_S1Hand.tif,https://storage.googleapis.com/sen1floods11/v1.1/data/flood_events/HandLabeled/S1Hand/India_180633_S1Hand.tif,raw/val/images/180633.tif,1662781,6dc766dfba54ad2f07085c3c1bdd7daff8f586889cefa8c515faedf52faec1a2
val,180633,label,LabelHand,v1.1/data/flood_events/HandLabeled/LabelHand/India_180633_LabelHand.tif,https://storage.googleapis.com/sen1floods11/v1.1/data/flood_events/HandLabeled/LabelHand/India_180633_LabelHand.tif,raw/val/labels/180633.tif,8088,25c6b3b8197c1a97b7e4966fbede66e44da9fabfd8699ffadaa765c2c3f8f1cc
val,207862,image,S1Hand,v1.1/data/flood_events/HandLabeled/S1Hand/India_207862_S1Hand.tif,https://storage.googleapis.com/sen1floods11/v1.1/data/flood_events/HandLabeled/S1Hand/India_207862_S1Hand.tif,raw/val/images/207862.tif,1671719,22b353fe3c68edc2b4aafc8bb0a079de157377ac3d7867719427f6f2e77fdd44
val,207862,label,LabelHand,v1.1/data/flood_events/HandLabeled/LabelHand/India_207862_LabelHand.tif,https://storage.googleapis.com/sen1floods11/v1.1/data/flood_events/HandLabeled/LabelHand/India_207862_LabelHand.tif,raw/val/labels/207862.tif,13957,2dfeca2e22fe538b88f03b19b464ac0c0003e61b435f0357c2e851a24a1e12ac
val,244057,image,S1Hand,v1.1/data/flood_events/HandLabeled/S1Hand/India_244057_S1Hand.tif,https://storage.googleapis.com/sen1floods11/v1.1/data/flood_events/HandLabeled/S1Hand/India_244057_S1Hand.tif,raw/val/images/244057.tif,1697212,e630de450074796ee6cf167e4783bbe01a36ab9ecbc9f85d0313c8747afd7571
val,244057,label,LabelHand,v1.1/data/flood_events/HandLabeled/LabelHand/India_244057_LabelHand.tif,https://storage.googleapis.com/sen1floods11/v1.1/data/flood_events/HandLabeled/LabelHand/India_244057_LabelHand.tif,raw/val/labels/244057.tif,9970,15db1220680cbf491eefece583fae40ebc319d7c0bb2c5f354ef738a2246eaf7
val,25540,image,S1Hand,v1.1/data/flood_events/HandLabeled/S1Hand/India_25540_S1Hand.tif,https://storage.googleapis.com/sen1floods11/v1.1/data/flood_events/HandLabeled/S1Hand/India_25540_S1Hand.tif,raw/val/images/25540.tif,1684837,23c56172d1d9a32425e75f048397b4199f069d0fa720befc4b315535cecd9a37
val,25540,label,LabelHand,v1.1/data/flood_events/HandLabeled/LabelHand/India_25540_LabelHand.tif,https://storage.googleapis.com/sen1floods11/v1.1/data/flood_events/HandLabeled/LabelHand/India_25540_LabelHand.tif,raw/val/labels/25540.tif,10825,6780a00a020b06a584590b4e04c6c8ccc00211a29aac1f2a8bd9f327d574dc9a
val,265762,image,S1Hand,v1.1/data/flood_events/HandLabeled/S1Hand/India_265762_S1Hand.tif,https://storage.googleapis.com/sen1floods11/v1.1/data/flood_events/HandLabeled/S1Hand/India_265762_S1Hand.tif,raw/val/images/265762.tif,1661747,602309e9df326715a216e6115c3cb24010d6cf34d65fa974b6eaedf6ecb3c400
val,265762,label,LabelHand,v1.1/data/flood_events/HandLabeled/LabelHand/India_265762_LabelHand.tif,https://storage.googleapis.com/sen1floods11/v1.1/data/flood_events/HandLabeled/LabelHand/India_265762_LabelHand.tif,raw/val/labels/265762.tif,10702,8e23ff29cae336fafc90d8783b3e3119b2fc02178f0f3433cc3cabec97f46544
val,273873,image,S1Hand,v1.1/data/flood_events/HandLabeled/S1Hand/India_273873_S1Hand.tif,https://storage.googleapis.com/sen1floods11/v1.1/data/flood_events/HandLabeled/S1Hand/India_273873_S1Hand.tif,raw/val/images/273873.tif,1700663,77c63db8985f36f4f22db169d63ead884c72920f782e7eefac695863753d4367
val,273873,label,LabelHand,v1.1/data/flood_events/HandLabeled/LabelHand/India_273873_LabelHand.tif,https://storage.googleapis.com/sen1floods11/v1.1/data/flood_events/HandLabeled/LabelHand/India_273873_LabelHand.tif,raw/val/labels/273873.tif,6441,f5e434ef3403dedf717c8345a8301a2687f2cd2a043825087f66f2a98ca2a642
val,285297,image,S1Hand,v1.1/data/flood_events/HandLabeled/S1Hand/India_285297_S1Hand.tif,https://storage.googleapis.com/sen1floods11/v1.1/data/flood_events/HandLabeled/S1Hand/India_285297_S1Hand.tif,raw/val/images/285297.tif,1669481,d720e440668b59affe70047b8e3694d04917abe10309c0a342ecdb000f14319f
val,285297,label,LabelHand,v1.1/data/flood_events/HandLabeled/LabelHand/India_285297_LabelHand.tif,https://storage.googleapis.com/sen1floods11/v1.1/data/flood_events/HandLabeled/LabelHand/India_285297_LabelHand.tif,raw/val/labels/285297.tif,15127,ebe00d64a4615a44b55a14f6e2714a35258378d1b424cb3ba5f08a35132013f2
val,287642,image,S1Hand,v1.1/data/flood_events/HandLabeled/S1Hand/India_287642_S1Hand.tif,https://storage.googleapis.com/sen1floods11/v1.1/data/flood_events/HandLabeled/S1Hand/India_287642_S1Hand.tif,raw/val/images/287642.tif,1666235,77e7343fbe818c3be93f3732d2f057ebdfc1aa202245a59ae30aaaf38594154a
val,287642,label,LabelHand,v1.1/data/flood_events/HandLabeled/LabelHand/India_287642_LabelHand.tif,https://storage.googleapis.com/sen1floods11/v1.1/data/flood_events/HandLabeled/LabelHand/India_287642_LabelHand.tif,raw/val/labels/287642.tif,11560,6d474034646815470b0327d82be233ae8a359081d0cc53e48b2fc204c8588f25
val,324254,image,S1Hand,v1.1/data/flood_events/HandLabeled/S1Hand/India_324254_S1Hand.tif,https://storage.googleapis.com/sen1floods11/v1.1/data/flood_events/HandLabeled/S1Hand/India_324254_S1Hand.tif,raw/val/images/324254.tif,1677446,2f8789d42a2cafa15ee49252004a9a2defec98ba895ad1949ef78028324efd1e
val,324254,label,LabelHand,v1.1/data/flood_events/HandLabeled/LabelHand/India_324254_LabelHand.tif,https://storage.googleapis.com/sen1floods11/v1.1/data/flood_events/HandLabeled/LabelHand/India_324254_LabelHand.tif,raw/val/labels/324254.tif,3284,d01d6cef2fd22a66a7abf358a800367ed372a901043f3190d20ceb9419ee7a78
val,373039,image,S1Hand,v1.1/data/flood_events/HandLabeled/S1Hand/India_373039_S1Hand.tif,https://storage.googleapis.com/sen1floods11/v1.1/data/flood_events/HandLabeled/S1Hand/India_373039_S1Hand.tif,raw/val/images/373039.tif,1689365,10088c37b464d500149e803f3ad743155e73b4eaa51942ced05643d61ab71a12
val,373039,label,LabelHand,v1.1/data/flood_events/HandLabeled/LabelHand/India_373039_LabelHand.tif,https://storage.googleapis.com/sen1floods11/v1.1/data/flood_events/HandLabeled/LabelHand/India_373039_LabelHand.tif,raw/val/labels/373039.tif,3440,a19ee77a4f4023581ea565c98e7f1dff244825fd81aef5889b7dfff602fb24b0
val,383430,image,S1Hand,v1.1/data/flood_events/HandLabeled/S1Hand/India_383430_S1Hand.tif,https://storage.googleapis.com/sen1floods11/v1.1/data/flood_events/HandLabeled/S1Hand/India_383430_S1Hand.tif,raw/val/images/383430.tif,1664748,c90e092e5995577cff25789d6dd3e568bd7a52e8e1cf565c294d4872cc9f260d
val,383430,label,LabelHand,v1.1/data/flood_events/HandLabeled/LabelHand/India_383430_LabelHand.tif,https://storage.googleapis.com/sen1floods11/v1.1/data/flood_events/HandLabeled/LabelHand/India_383430_LabelHand.tif,raw/val/labels/383430.tif,12870,3740b8a2e81540781360aea205250a6a9476b927e32f3fd5b86bee932efb2b69
val,391908,image,S1Hand,v1.1/data/flood_events/HandLabeled/S1Hand/India_391908_S1Hand.tif,https://storage.googleapis.com/sen1floods11/v1.1/data/flood_events/HandLabeled/S1Hand/India_391908_S1Hand.tif,raw/val/images/391908.tif,1666307,0eb7787d56e12aa2ff643a1e7304f2b18ae68cf883c58cd0951511f74293403f
val,391908,label,LabelHand,v1.1/data/flood_events/HandLabeled/LabelHand/India_391908_LabelHand.tif,https://storage.googleapis.com/sen1floods11/v1.1/data/flood_events/HandLabeled/LabelHand/India_391908_LabelHand.tif,raw/val/labels/391908.tif,12930,547d7e34df00f22ef62e27078633fecff658df04dbf6938b51792c907b8c1c86
val,399883,image,S1Hand,v1.1/data/flood_events/HandLabeled/S1Hand/India_399883_S1Hand.tif,https://storage.googleapis.com/sen1floods11/v1.1/data/flood_events/HandLabeled/S1Hand/India_399883_S1Hand.tif,raw/val/images/399883.tif,1662834,3cdb20bbf53e1500de925233db53ab41b49f02116141d2d17aa1b3700551c482
val,399883,label,LabelHand,v1.1/data/flood_events/HandLabeled/LabelHand/India_399883_LabelHand.tif,https://storage.googleapis.com/sen1floods11/v1.1/data/flood_events/HandLabeled/LabelHand/India_399883_LabelHand.tif,raw/val/labels/399883.tif,9902,2024277074e45016fa82d8300353d8ff1476dfe68eb72d6623b838b1d4dfe973
val,44475,image,S1Hand,v1.1/data/flood_events/HandLabeled/S1Hand/India_44475_S1Hand.tif,https://storage.googleapis.com/sen1floods11/v1.1/data/flood_events/HandLabeled/S1Hand/India_44475_S1Hand.tif,raw/val/images/44475.tif,1678954,8f37aec1f4c623f6e7ba2c5a6f5340016aad1edb07b4a33a3dfaa66fb7588a08
val,44475,label,LabelHand,v1.1/data/flood_events/HandLabeled/LabelHand/India_44475_LabelHand.tif,https://storage.googleapis.com/sen1floods11/v1.1/data/flood_events/HandLabeled/LabelHand/India_44475_LabelHand.tif,raw/val/labels/44475.tif,1572,6bac2a7734377a8721f38c8abe4c66f267375f88b780dee75fad552bb24e4b85
val,500266,image,S1Hand,v1.1/data/flood_events/HandLabeled/S1Hand/India_500266_S1Hand.tif,https://storage.googleapis.com/sen1floods11/v1.1/data/flood_events/HandLabeled/S1Hand/India_500266_S1Hand.tif,raw/val/images/500266.tif,1667597,a278f76fe2f3fab425705bb17ebdead4fd58473a0d8eff6c49ff7b8977089b40
val,500266,label,LabelHand,v1.1/data/flood_events/HandLabeled/LabelHand/India_500266_LabelHand.tif,https://storage.googleapis.com/sen1floods11/v1.1/data/flood_events/HandLabeled/LabelHand/India_500266_LabelHand.tif,raw/val/labels/500266.tif,15971,f72ef9c427c93f6d05470f239930f2ecc0eb2a2d1441a303486240a1453e3441
val,533192,image,S1Hand,v1.1/data/flood_events/HandLabeled/S1Hand/India_533192_S1Hand.tif,https://storage.googleapis.com/sen1floods11/v1.1/data/flood_events/HandLabeled/S1Hand/India_533192_S1Hand.tif,raw/val/images/533192.tif,1003906,0df236173f0f1900b0c081459d6ec2de9f82261ddd3be1af4f254863621fc863
val,533192,label,LabelHand,v1.1/data/flood_events/HandLabeled/LabelHand/India_533192_LabelHand.tif,https://storage.googleapis.com/sen1floods11/v1.1/data/flood_events/HandLabeled/LabelHand/India_533192_LabelHand.tif,raw/val/labels/533192.tif,9080,388c0f230d67add9a6bcc7e4fa7e1be06a443511f5a5718eb2b7d29469e88678
val,534470,image,S1Hand,v1.1/data/flood_events/HandLabeled/S1Hand/India_534470_S1Hand.tif,https://storage.googleapis.com/sen1floods11/v1.1/data/flood_events/HandLabeled/S1Hand/India_534470_S1Hand.tif,raw/val/images/534470.tif,1667380,c9f77bf8a8ee5d51bf2bafc6867180c193f0f2d6a2657fd6d8958b89a4d8f41f
val,534470,label,LabelHand,v1.1/data/flood_events/HandLabeled/LabelHand/India_534470_LabelHand.tif,https://storage.googleapis.com/sen1floods11/v1.1/data/flood_events/HandLabeled/LabelHand/India_534470_LabelHand.tif,raw/val/labels/534470.tif,6723,0d06f70c24f19b536ff1bff8c50308b4adc9bb8ebf10ebceff544134e1497689
val,56450,image,S1Hand,v1.1/data/flood_events/HandLabeled/S1Hand/India_56450_S1Hand.tif,https://storage.googleapis.com/sen1floods11/v1.1/data/flood_events/HandLabeled/S1Hand/India_56450_S1Hand.tif,raw/val/images/56450.tif,1687938,22d6ebd641bf53dac257316be74c96afb548bbbe75adf764daf1827bdfed4832
val,56450,label,LabelHand,v1.1/data/flood_events/HandLabeled/LabelHand/India_56450_LabelHand.tif,https://storage.googleapis.com/sen1floods11/v1.1/data/flood_events/HandLabeled/LabelHand/India_56450_LabelHand.tif,raw/val/labels/56450.tif,9042,e4b2731993bd93966c4f67f5b68652c22b96f357eaa6ab6cfc4fbda8e892bc60
val,566697,image,S1Hand,v1.1/data/flood_events/HandLabeled/S1Hand/India_566697_S1Hand.tif,https://storage.googleapis.com/sen1floods11/v1.1/data/flood_events/HandLabeled/S1Hand/India_566697_S1Hand.tif,raw/val/images/566697.tif,1653872,31d091773343b692cf7d72481c2bd7d27df520c42a26dd2c2c7fbd4ee35bbcbd
val,566697,label,LabelHand,v1.1/data/flood_events/HandLabeled/LabelHand/India_566697_LabelHand.tif,https://storage.googleapis.com/sen1floods11/v1.1/data/flood_events/HandLabeled/LabelHand/India_566697_LabelHand.tif,raw/val/labels/566697.tif,11879,8ecbf383afb32207845e6f0e1e896b0c404ce7f7fbaa5be599e8f10ab5989a4a
val,570384,image,S1Hand,v1.1/data/flood_events/HandLabeled/S1Hand/India_570384_S1Hand.tif,https://storage.googleapis.com/sen1floods11/v1.1/data/flood_events/HandLabeled/S1Hand/India_570384_S1Hand.tif,raw/val/images/570384.tif,1669886,7bc4c1a73f6e6631cd1c9a715a7a8db0790e9442cc5172c04f6832626f6bdd42
val,570384,label,LabelHand,v1.1/data/flood_events/HandLabeled/LabelHand/India_570384_LabelHand.tif,https://storage.googleapis.com/sen1floods11/v1.1/data/flood_events/HandLabeled/LabelHand/India_570384_LabelHand.tif,raw/val/labels/570384.tif,9209,15345107b9bef08c30951b22fe5240758bfbff1873daf55b6ff7c4ff9c83e96b
val,591317,image,S1Hand,v1.1/data/flood_events/HandLabeled/S1Hand/India_591317_S1Hand.tif,https://storage.googleapis.com/sen1floods11/v1.1/data/flood_events/HandLabeled/S1Hand/India_591317_S1Hand.tif,raw/val/images/591317.tif,1661702,53374c3e29255f1400339f7b32dc6145032eac613e3c808f840203cd7ea4c139
val,591317,label,LabelHand,v1.1/data/flood_events/HandLabeled/LabelHand/India_591317_LabelHand.tif,https://storage.googleapis.com/sen1floods11/v1.1/data/flood_events/HandLabeled/LabelHand/India_591317_LabelHand.tif,raw/val/labels/591317.tif,8323,6f5f4c7a34bae3b62348af93b642b2e6e420c9a2d77a857145b46fda8348873a
val,591549,image,S1Hand,v1.1/data/flood_events/HandLabeled/S1Hand/India_591549_S1Hand.tif,https://storage.googleapis.com/sen1floods11/v1.1/data/flood_events/HandLabeled/S1Hand/India_591549_S1Hand.tif,raw/val/images/591549.tif,1665354,3674bfdcadea7af73f81153a637aedc76d13e0ddcc5e8010d5d981a590629444
val,591549,label,LabelHand,v1.1/data/flood_events/HandLabeled/LabelHand/India_591549_LabelHand.tif,https://storage.googleapis.com/sen1floods11/v1.1/data/flood_events/HandLabeled/LabelHand/India_591549_LabelHand.tif,raw/val/labels/591549.tif,8973,ff69850ea4d2557bbbc6dd62bb7e8752725747f156055e431f2cea228209add2
val,592446,image,S1Hand,v1.1/data/flood_events/HandLabeled/S1Hand/India_592446_S1Hand.tif,https://storage.googleapis.com/sen1floods11/v1.1/data/flood_events/HandLabeled/S1Hand/India_592446_S1Hand.tif,raw/val/images/592446.tif,1673280,a56299df37160745abd570528ad50d29de2bc5a3e3b4d2369db5ac6359c5f552
val,592446,label,LabelHand,v1.1/data/flood_events/HandLabeled/LabelHand/India_592446_LabelHand.tif,https://storage.googleapis.com/sen1floods11/v1.1/data/flood_events/HandLabeled/LabelHand/India_592446_LabelHand.tif,raw/val/labels/592446.tif,5708,23cf1fcd9882fac00552bc25ec4202e95d58421eff597c9cf659c4f733c49cd0
val,59460,image,S1Hand,v1.1/data/flood_events/HandLabeled/S1Hand/India_59460_S1Hand.tif,https://storage.googleapis.com/sen1floods11/v1.1/data/flood_events/HandLabeled/S1Hand/India_59460_S1Hand.tif,raw/val/images/59460.tif,1681041,83456b355e9ec267de8543a677deb8c2f2b1a7241a7b910d77c473324aa16f53
val,59460,label,LabelHand,v1.1/data/flood_events/HandLabeled/LabelHand/India_59460_LabelHand.tif,https://storage.googleapis.com/sen1floods11/v1.1/data/flood_events/HandLabeled/LabelHand/India_59460_LabelHand.tif,raw/val/labels/59460.tif,3665,e2e59c851ec18a8e73975f46779a0a4b186741830478b67474ad10fb5c2f9409
val,624341,image,S1Hand,v1.1/data/flood_events/HandLabeled/S1Hand/India_624341_S1Hand.tif,https://storage.googleapis.com/sen1floods11/v1.1/data/flood_events/HandLabeled/S1Hand/India_624341_S1Hand.tif,raw/val/images/624341.tif,1689327,0bd99dd05d6832e520f7d267eeecdb13fd13e6443a6a50f1ff97ea9092b71bf6
val,624341,label,LabelHand,v1.1/data/flood_events/HandLabeled/LabelHand/India_624341_LabelHand.tif,https://storage.googleapis.com/sen1floods11/v1.1/data/flood_events/HandLabeled/LabelHand/India_624341_LabelHand.tif,raw/val/labels/624341.tif,2652,8cfedfab55b2eadc9a76642ad267af45446cb8dd1fcfdddec2886438f0c782cc
val,631692,image,S1Hand,v1.1/data/flood_events/HandLabeled/S1Hand/India_631692_S1Hand.tif,https://storage.googleapis.com/sen1floods11/v1.1/data/flood_events/HandLabeled/S1Hand/India_631692_S1Hand.tif,raw/val/images/631692.tif,1671420,72587e0fe6fbf840a40d0cf80497f14b183c22b2c1729989e65e0aac6bd4baa9
val,631692,label,LabelHand,v1.1/data/flood_events/HandLabeled/LabelHand/India_631692_LabelHand.tif,https://storage.googleapis.com/sen1floods11/v1.1/data/flood_events/HandLabeled/LabelHand/India_631692_LabelHand.tif,raw/val/labels/631692.tif,1473,897f9a2e1ea8235de93e0b7309c8187612fa0fa3e857a1819363dc08919b681d
val,652725,image,S1Hand,v1.1/data/flood_events/HandLabeled/S1Hand/India_652725_S1Hand.tif,https://storage.googleapis.com/sen1floods11/v1.1/data/flood_events/HandLabeled/S1Hand/India_652725_S1Hand.tif,raw/val/images/652725.tif,1668750,4a6147de10d7454c959856bdc7deb2f203cc093030925b06b44a091e16c591be
val,652725,label,LabelHand,v1.1/data/flood_events/HandLabeled/LabelHand/India_652725_LabelHand.tif,https://storage.googleapis.com/sen1floods11/v1.1/data/flood_events/HandLabeled/LabelHand/India_652725_LabelHand.tif,raw/val/labels/652725.tif,11448,8b930415db4f8a83ae2219fb46074085385db39c306507de5f8f91907d9bcd9b
val,664410,image,S1Hand,v1.1/data/flood_events/HandLabeled/S1Hand/India_664410_S1Hand.tif,https://storage.googleapis.com/sen1floods11/v1.1/data/flood_events/HandLabeled/S1Hand/India_664410_S1Hand.tif,raw/val/images/664410.tif,1661461,e60bddb7ed7f9c38f681193a183e49261d9792e3cdf37cb76491e7be2243dda9
val,664410,label,LabelHand,v1.1/data/flood_events/HandLabeled/LabelHand/India_664410_LabelHand.tif,https://storage.googleapis.com/sen1floods11/v1.1/data/flood_events/HandLabeled/LabelHand/India_664410_LabelHand.tif,raw/val/labels/664410.tif,9300,66e20dd4222c572024e8d0037750e8716c8ea1b132597f843a44345d6e075b29
val,691027,image,S1Hand,v1.1/data/flood_events/HandLabeled/S1Hand/India_691027_S1Hand.tif,https://storage.googleapis.com/sen1floods11/v1.1/data/flood_events/HandLabeled/S1Hand/India_691027_S1Hand.tif,raw/val/images/691027.tif,1670705,b642ecaebfd25968e2c8c7912eec49d19eb0388624d78f7ac48a86e83d13eae4
val,691027,label,LabelHand,v1.1/data/flood_events/HandLabeled/LabelHand/India_691027_LabelHand.tif,https://storage.googleapis.com/sen1floods11/v1.1/data/flood_events/HandLabeled/LabelHand/India_691027_LabelHand.tif,raw/val/labels/691027.tif,6556,08e74e2119e29b1c41b59a2d6e308d92973733d81d72bdaa27e28435b05c2ee8
val,698338,image,S1Hand,v1.1/data/flood_events/HandLabeled/S1Hand/India_698338_S1Hand.tif,https://storage.googleapis.com/sen1floods11/v1.1/data/flood_events/HandLabeled/S1Hand/India_698338_S1Hand.tif,raw/val/images/698338.tif,1659927,d6381f7c72e560e4f44de164f9689bd88457e0f39adb89c0c0e21606581575de
val,698338,label,LabelHand,v1.1/data/flood_events/HandLabeled/LabelHand/India_698338_LabelHand.tif,https://storage.googleapis.com/sen1floods11/v1.1/data/flood_events/HandLabeled/LabelHand/India_698338_LabelHand.tif,raw/val/labels/698338.tif,7591,22b25cba554c4581bd46865cee6143150590d65b14681f8250387b55ffa73923
val,70352,image,S1Hand,v1.1/data/flood_events/HandLabeled/S1Hand/India_70352_S1Hand.tif,https://storage.googleapis.com/sen1floods11/v1.1/data/flood_events/HandLabeled/S1Hand/India_70352_S1Hand.tif,raw/val/images/70352.tif,1668186,c7d3bcab331bfd488341275a400d71206eb21dfffbac46f24230dc60668c08fb
val,70352,label,LabelHand,v1.1/data/flood_events/HandLabeled/LabelHand/India_70352_LabelHand.tif,https://storage.googleapis.com/sen1floods11/v1.1/data/flood_events/HandLabeled/LabelHand/India_70352_LabelHand.tif,raw/val/labels/70352.tif,5325,eddb7c138a784ce7b65d6095afdb32f170f8ebb71e154cfffe3754a7a7855b03
val,707886,image,S1Hand,v1.1/data/flood_events/HandLabeled/S1Hand/India_707886_S1Hand.tif,https://storage.googleapis.com/sen1floods11/v1.1/data/flood_events/HandLabeled/S1Hand/India_707886_S1Hand.tif,raw/val/images/707886.tif,1668844,034d001cf35b3284a5d2392d95af342d0d3029646fa829b6b2263ccf9f67a2e2
val,707886,label,LabelHand,v1.1/data/flood_events/HandLabeled/LabelHand/India_707886_LabelHand.tif,https://storage.googleapis.com/sen1floods11/v1.1/data/flood_events/HandLabeled/LabelHand/India_707886_LabelHand.tif,raw/val/labels/707886.tif,3447,6e61d0b87928b319a56c271188b788f6d272c09c283b5131a3a1af0e8b039e83
val,73419,image,S1Hand,v1.1/data/flood_events/HandLabeled/S1Hand/India_73419_S1Hand.tif,https://storage.googleapis.com/sen1floods11/v1.1/data/flood_events/HandLabeled/S1Hand/India_73419_S1Hand.tif,raw/val/images/73419.tif,1661382,927b00f697d4ce8edf4cf1bdd86e59e86d3269c34255b947df8ce1029059f684
val,73419,label,LabelHand,v1.1/data/flood_events/HandLabeled/LabelHand/India_73419_LabelHand.tif,https://storage.googleapis.com/sen1floods11/v1.1/data/flood_events/HandLabeled/LabelHand/India_73419_LabelHand.tif,raw/val/labels/73419.tif,10333,cf45ae87f726ce64f5d51d13be90e3c3a834d067d5b31816a016585263a36bf2
val,747970,image,S1Hand,v1.1/data/flood_events/HandLabeled/S1Hand/India_747970_S1Hand.tif,https://storage.googleapis.com/sen1floods11/v1.1/data/flood_events/HandLabeled/S1Hand/India_747970_S1Hand.tif,raw/val/images/747970.tif,1668019,516465bdaa35ceea8d46abe65f4198c63b3aad8360e174d79b1d0024d3b98092
val,747970,label,LabelHand,v1.1/data/flood_events/HandLabeled/LabelHand/India_747970_LabelHand.tif,https://storage.googleapis.com/sen1floods11/v1.1/data/flood_events/HandLabeled/LabelHand/India_747970_LabelHand.tif,raw/val/labels/747970.tif,5772,cb2c79907ff5b155b728dee3973bafc1fb87f58e67c3d2786931c1af3a7b4c0c
val,747992,image,S1Hand,v1.1/data/flood_events/HandLabeled/S1Hand/India_747992_S1Hand.tif,https://storage.googleapis.com/sen1floods11/v1.1/data/flood_events/HandLabeled/S1Hand/India_747992_S1Hand.tif,raw/val/images/747992.tif,1665625,7cce6e8c3b2b0a1f72cae40bef3fbbeac44228969542cbec41dfae7c05386cd1
val,747992,label,LabelHand,v1.1/data/flood_events/HandLabeled/LabelHand/India_747992_LabelHand.tif,https://storage.googleapis.com/sen1floods11/v1.1/data/flood_events/HandLabeled/LabelHand/India_747992_LabelHand.tif,raw/val/labels/747992.tif,17053,c63a63987d65748a87ddd4c7685c7334eaa37955ce4e4cad6ce26af764bab8a9
val,764946,image,S1Hand,v1.1/data/flood_events/HandLabeled/S1Hand/India_764946_S1Hand.tif,https://storage.googleapis.com/sen1floods11/v1.1/data/flood_events/HandLabeled/S1Hand/India_764946_S1Hand.tif,raw/val/images/764946.tif,1675313,282a63b437f0a13227286526e70bca3b58d8df15706bb230e68eda9bf743ac6b
val,764946,label,LabelHand,v1.1/data/flood_events/HandLabeled/LabelHand/India_764946_LabelHand.tif,https://storage.googleapis.com/sen1floods11/v1.1/data/flood_events/HandLabeled/LabelHand/India_764946_LabelHand.tif,raw/val/labels/764946.tif,4812,742636e8efd4181a2486ddcff7f04f3b5abe75dcb1c3ed1d64bd6d74736b202b
val,769408,image,S1Hand,v1.1/data/flood_events/HandLabeled/S1Hand/India_769408_S1Hand.tif,https://storage.googleapis.com/sen1floods11/v1.1/data/flood_events/HandLabeled/S1Hand/India_769408_S1Hand.tif,raw/val/images/769408.tif,1658178,9fc485e283d48b2a3965d4503ae72910330dc903137d0e843a8b3f3df6768915
val,769408,label,LabelHand,v1.1/data/flood_events/HandLabeled/LabelHand/India_769408_LabelHand.tif,https://storage.googleapis.com/sen1floods11/v1.1/data/flood_events/HandLabeled/LabelHand/India_769408_LabelHand.tif,raw/val/labels/769408.tif,11032,42f0cb498d7520a26dfe6eabd3622cdd75434f7c33097aef4913fc62d913d211
val,772630,image,S1Hand,v1.1/data/flood_events/HandLabeled/S1Hand/India_772630_S1Hand.tif,https://storage.googleapis.com/sen1floods11/v1.1/data/flood_events/HandLabeled/S1Hand/India_772630_S1Hand.tif,raw/val/images/772630.tif,1697341,277541a0d4bc7167b968964dba85f2b92d7a9c8591bc1a03b7e8b45ff6377dfc
val,772630,label,LabelHand,v1.1/data/flood_events/HandLabeled/LabelHand/India_772630_LabelHand.tif,https://storage.googleapis.com/sen1floods11/v1.1/data/flood_events/HandLabeled/LabelHand/India_772630_LabelHand.tif,raw/val/labels/772630.tif,5806,0c50650a37be41a29aeeacf5de3fd39109d3dc99e4ef3136e15f19834d8ff21c
val,773682,image,S1Hand,v1.1/data/flood_events/HandLabeled/S1Hand/India_773682_S1Hand.tif,https://storage.googleapis.com/sen1floods11/v1.1/data/flood_events/HandLabeled/S1Hand/India_773682_S1Hand.tif,raw/val/images/773682.tif,1656875,53e1bfc6af232f5a1cdb3893b0b6b06c4e70ca9b6e141740e1d27a6dd5efded0
val,773682,label,LabelHand,v1.1/data/flood_events/HandLabeled/LabelHand/India_773682_LabelHand.tif,https://storage.googleapis.com/sen1floods11/v1.1/data/flood_events/HandLabeled/LabelHand/India_773682_LabelHand.tif,raw/val/labels/773682.tif,13794,7bda6cb39559654842eb35a4c4a2642ffb5e74b8ca00d60c3b52ce254286ee57
val,774689,image,S1Hand,v1.1/data/flood_events/HandLabeled/S1Hand/India_774689_S1Hand.tif,https://storage.googleapis.com/sen1floods11/v1.1/data/flood_events/HandLabeled/S1Hand/India_774689_S1Hand.tif,raw/val/images/774689.tif,1658027,f0d5171ed0eea8297595db3489015b562d1e120c70806cf226994d4395d585c2
val,774689,label,LabelHand,v1.1/data/flood_events/HandLabeled/LabelHand/India_774689_LabelHand.tif,https://storage.googleapis.com/sen1floods11/v1.1/data/flood_events/HandLabeled/LabelHand/India_774689_LabelHand.tif,raw/val/labels/774689.tif,11494,e49de9eb03f76dcf673e0facf890ded010376fe8b5165dc7379b3578feb0b2a3
val,79637,image,S1Hand,v1.1/data/flood_events/HandLabeled/S1Hand/India_79637_S1Hand.tif,https://storage.googleapis.com/sen1floods11/v1.1/data/flood_events/HandLabeled/S1Hand/India_79637_S1Hand.tif,raw/val/images/79637.tif,1668777,550231c166d2592eeffb50e26cee6197c7adbd74cb6b84269843d0a268b5ca55
val,79637,label,LabelHand,v1.1/data/flood_events/HandLabeled/LabelHand/India_79637_LabelHand.tif,https://storage.googleapis.com/sen1floods11/v1.1/data/flood_events/HandLabeled/LabelHand/India_79637_LabelHand.tif,raw/val/labels/79637.tif,4148,8e33736ec8e68d7dddf9eb4e45bdd2533e929e0e2c1300dbbc74546b1dbb293d
val,80221,image,S1Hand,v1.1/data/flood_events/HandLabeled/S1Hand/India_80221_S1Hand.tif,https://storage.googleapis.com/sen1floods11/v1.1/data/flood_events/HandLabeled/S1Hand/India_80221_S1Hand.tif,raw/val/images/80221.tif,1659283,d460ee319bab15012039331aed63136895ef0a6c0fc21b8cf4b579e806b07a25
val,80221,label,LabelHand,v1.1/data/flood_events/HandLabeled/LabelHand/India_80221_LabelHand.tif,https://storage.googleapis.com/sen1floods11/v1.1/data/flood_events/HandLabeled/LabelHand/India_80221_LabelHand.tif,raw/val/labels/80221.tif,7755,3f05b6b9ec449b23729d23a8d14770fc8209337178faed7bbb6d98b38ac63dd4
val,804466,image,S1Hand,v1.1/data/flood_events/HandLabeled/S1Hand/India_804466_S1Hand.tif,https://storage.googleapis.com/sen1floods11/v1.1/data/flood_events/HandLabeled/S1Hand/India_804466_S1Hand.tif,raw/val/images/804466.tif,1666432,6ab387987072e405fb5fb18884340e6d78e235a9b0b5439866a0d055190e8e2a
val,804466,label,LabelHand,v1.1/data/flood_events/HandLabeled/LabelHand/India_804466_LabelHand.tif,https://storage.googleapis.com/sen1floods11/v1.1/data/flood_events/HandLabeled/LabelHand/India_804466_LabelHand.tif,raw/val/labels/804466.tif,16046,4c60ddbdfd3844fd4252c5c3ee02b65670cf6331d353fc4c48315bab323aeb57
val,828067,image,S1Hand,v1.1/data/flood_events/HandLabeled/S1Hand/India_828067_S1Hand.tif,https://storage.googleapis.com/sen1floods11/v1.1/data/flood_events/HandLabeled/S1Hand/India_828067_S1Hand.tif,raw/val/images/828067.tif,1669582,b3746c7e3ceaefaa65fe923b1faeff9d0605a260e0707cef3a4aedc12fab018b
val,828067,label,LabelHand,v1.1/data/flood_events/HandLabeled/LabelHand/India_828067_LabelHand.tif,https://storage.googleapis.com/sen1floods11/v1.1/data/flood_events/HandLabeled/LabelHand/India_828067_LabelHand.tif,raw/val/labels/828067.tif,10782,5f32ba153c9fa448b9ebdd8368bfff54b74c724a22ff644aaac1c55ace122237
val,833266,image,S1Hand,v1.1/data/flood_events/HandLabeled/S1Hand/India_833266_S1Hand.tif,https://storage.googleapis.com/sen1floods11/v1.1/data/flood_events/HandLabeled/S1Hand/India_833266_S1Hand.tif,raw/val/images/833266.tif,1665936,a32bbdb8fb4252a4a9b7939d919f2eadeb2ae20a3a88b77dbc30a916ca560ef3
val,833266,label,LabelHand,v1.1/data/flood_events/HandLabeled/LabelHand/India_833266_LabelHand.tif,https://storage.googleapis.com/sen1floods11/v1.1/data/flood_events/HandLabeled/LabelHand/India_833266_LabelHand.tif,raw/val/labels/833266.tif,11917,ee39ecd7fc4e5233d4ac44ed62be9e287120f2c7eb9117213aa47506c4868b76
val,842775,image,S1Hand,v1.1/data/flood_events/HandLabeled/S1Hand/India_842775_S1Hand.tif,https://storage.googleapis.com/sen1floods11/v1.1/data/flood_events/HandLabeled/S1Hand/India_842775_S1Hand.tif,raw/val/images/842775.tif,1660494,faf120f0c8e4b3e4deac373c46c2e90d5402050d01ab513f75a765aed58ba6de
val,842775,label,LabelHand,v1.1/data/flood_events/HandLabeled/LabelHand/India_842775_LabelHand.tif,https://storage.googleapis.com/sen1floods11/v1.1/data/flood_events/HandLabeled/LabelHand/India_842775_LabelHand.tif,raw/val/labels/842775.tif,6415,f38837ac5698865fee84ad06cd8217da858b162b008efceda39ec15a62c8444e
val,869358,image,S1Hand,v1.1/data/flood_events/HandLabeled/S1Hand/India_869358_S1Hand.tif,https://storage.googleapis.com/sen1floods11/v1.1/data/flood_events/HandLabeled/S1Hand/India_869358_S1Hand.tif,raw/val/images/869358.tif,1666366,f0a0cd329e96feb84e80d7f0e4ec63eaa3f8c593e974a8e1baa63b3ecec36735
val,869358,label,LabelHand,v1.1/data/flood_events/HandLabeled/LabelHand/India_869358_LabelHand.tif,https://storage.googleapis.com/sen1floods11/v1.1/data/flood_events/HandLabeled/LabelHand/India_869358_LabelHand.tif,raw/val/labels/869358.tif,3914,0be96bf8e2025d944f96645f994547c483336dbd6d764c3f8933b4e305cac1a4
val,900498,image,S1Hand,v1.1/data/flood_events/HandLabeled/S1Hand/India_900498_S1Hand.tif,https://storage.googleapis.com/sen1floods11/v1.1/data/flood_events/HandLabeled/S1Hand/India_900498_S1Hand.tif,raw/val/images/900498.tif,1668656,83bc6bca280cb51264028515c944928ea2201386bee411d8bb5cabbcb51cc4a6
val,900498,label,LabelHand,v1.1/data/flood_events/HandLabeled/LabelHand/India_900498_LabelHand.tif,https://storage.googleapis.com/sen1floods11/v1.1/data/flood_events/HandLabeled/LabelHand/India_900498_LabelHand.tif,raw/val/labels/900498.tif,10430,b39f6854a1fd5ef262de184064b2fafd59da2314131e7b25ab792a76b27559c1
val,91379,image,S1Hand,v1.1/data/flood_events/HandLabeled/S1Hand/India_91379_S1Hand.tif,https://storage.googleapis.com/sen1floods11/v1.1/data/flood_events/HandLabeled/S1Hand/India_91379_S1Hand.tif,raw/val/images/91379.tif,1666895,bee1213abf087c670e479e9c1c9c029efb3d0cf714943d0bff04a88185ddc149
val,91379,label,LabelHand,v1.1/data/flood_events/HandLabeled/LabelHand/India_91379_LabelHand.tif,https://storage.googleapis.com/sen1floods11/v1.1/data/flood_events/HandLabeled/LabelHand/India_91379_LabelHand.tif,raw/val/labels/91379.tif,12942,cac872eb9b59c21754d465033cb79cab91b66f833ca8a832d1150bb9acae088b
val,943439,image,S1Hand,v1.1/data/flood_events/HandLabeled/S1Hand/India_943439_S1Hand.tif,https://storage.googleapis.com/sen1floods11/v1.1/data/flood_events/HandLabeled/S1Hand/India_943439_S1Hand.tif,raw/val/images/943439.tif,1665040,ab689f300cd381eb64372f41afc257d5b8bf718f91b80483c4f3cb074e1ac441
val,943439,label,LabelHand,v1.1/data/flood_events/HandLabeled/LabelHand/India_943439_LabelHand.tif,https://storage.googleapis.com/sen1floods11/v1.1/data/flood_events/HandLabeled/LabelHand/India_943439_LabelHand.tif,raw/val/labels/943439.tif,12360,444d84e29ad06cbba1dfdbba1d812ab1918e0ce2884cdfdff0ceb0cb54bc56dc
val,952728,image,S1Hand,v1.1/data/flood_events/HandLabeled/S1Hand/India_952728_S1Hand.tif,https://storage.googleapis.com/sen1floods11/v1.1/data/flood_events/HandLabeled/S1Hand/India_952728_S1Hand.tif,raw/val/images/952728.tif,1663255,ccd39d95515ed60d19b0e6c767581545b4ea5fd6044624440b1159402ad55e6c
val,952728,label,LabelHand,v1.1/data/flood_events/HandLabeled/LabelHand/India_952728_LabelHand.tif,https://storage.googleapis.com/sen1floods11/v1.1/data/flood_events/HandLabeled/LabelHand/India_952728_LabelHand.tif,raw/val/labels/952728.tif,11069,45edbf83b77d384bff6a15dd23d8a4e3ff5ddc3df28efe0704be843ca7b0583b
val,956930,image,S1Hand,v1.1/data/flood_events/HandLabeled/S1Hand/India_956930_S1Hand.tif,https://storage.googleapis.com/sen1floods11/v1.1/data/flood_events/HandLabeled/S1Hand/India_956930_S1Hand.tif,raw/val/images/956930.tif,1667330,6d092ee7c30d0f7bc58396fba3b426303af495cf08a8269a1d53095843460359
val,956930,label,LabelHand,v1.1/data/flood_events/HandLabeled/LabelHand/India_956930_LabelHand.tif,https://storage.googleapis.com/sen1floods11/v1.1/data/flood_events/HandLabeled/LabelHand/India_956930_LabelHand.tif,raw/val/labels/956930.tif,14711,f9f73271b9cddee3fefd5f642defbb4198e67f7837614eea7abb6540d59511f0
val,979278,image,S1Hand,v1.1/data/flood_events/HandLabeled/S1Hand/India_979278_S1Hand.tif,https://storage.googleapis.com/sen1floods11/v1.1/data/flood_events/HandLabeled/S1Hand/India_979278_S1Hand.tif,raw/val/images/979278.tif,798394,2a6457391987f87dbb39037f1d3270f20bca2e39453050bd4a5256fc203415f8
val,979278,label,LabelHand,v1.1/data/flood_events/HandLabeled/LabelHand/India_979278_LabelHand.tif,https://storage.googleapis.com/sen1floods11/v1.1/data/flood_events/HandLabeled/LabelHand/India_979278_LabelHand.tif,raw/val/labels/979278.tif,6986,aaf6ebc78c6cc70d6e7d7427a5c97fe7d046286b7c804fdb3e16e0d20aa658b5
val,981708,image,S1Hand,v1.1/data/flood_events/HandLabeled/S1Hand/India_981708_S1Hand.tif,https://storage.googleapis.com/sen1floods11/v1.1/data/flood_events/HandLabeled/S1Hand/India_981708_S1Hand.tif,raw/val/images/981708.tif,1422864,241cdcceeb5984a47018232a75e5286cb0b4c64e04506330aaa40bb2d94deeb4
val,981708,label,LabelHand,v1.1/data/flood_events/HandLabeled/LabelHand/India_981708_LabelHand.tif,https://storage.googleapis.com/sen1floods11/v1.1/data/flood_events/HandLabeled/LabelHand/India_981708_LabelHand.tif,raw/val/labels/981708.tif,9419,81c76ccd3dc9fdb731ca1e0796215f486e0c70e78d73b663a65b4f66d3ba1e18
